Ticker,Fund,ISIN,Net Assets,Domicile,Inception Date,Gross Expense Ratio,Management Fee,Asset Class,Sub Asset Class,Region,Currency,Market,Strategy,Location,Share Class,Shares Outstanding,ISA Eligibility,Issuing Company,Unit Type,Benchmark Index,NAV,As of,Benchmark Level,SIPP Availability,Style,Discrete Perf.,Unnamed: 27,Unnamed: 28,Unnamed: 29,Unnamed: 30,Unnamed: 31,Annualised Perf.,Unnamed: 33,Unnamed: 34,Unnamed: 35,Unnamed: 36,Unnamed: 37,Cumulative Perf.,Unnamed: 39,Unnamed: 40,Unnamed: 41,Unnamed: 42,Unnamed: 43,Characteristics,Unnamed: 45,Unnamed: 46,Unnamed: 47,Unnamed: 48,Unnamed: 49,Sustainability Characteristics (MSCI),Unnamed: 51,Unnamed: 52,Unnamed: 53,Product_ID,Product_URL
MCHI,iShares MSCI China ETF,US46429B6719,7846882393.97,United States,2011-03-29,0.57,-,Equity,Large/Mid Cap,Asia Pacific,USD,Emerging,-,China,-,157400000,No,-,Distributing,MSCI China Index,49.853128,2022-08-11,490.391231,No,Index,2022-06-30 00:00:00,20.51,-7.12,12.38,26.75,-31.88,2022-07-31 00:00:00,-29.01,-15.84,-4.34,-2.18,1.78,2022-07-31 00:00:00,-20,-19.64,-12.46,-10.46,22.19,1.2857,0,0.1701,-,-,-,BBB,5.2048,242.62,-,239619.0,https://www.ishares.com/us/products/239619/ishares-msci-china-etf
ECH,iShares MSCI Chile ETF,US4642866408,445855342.0,United States,2007-11-12,0.57,-,Equity,All Cap,Latin America,USD,Emerging,-,Chile,-,16300000,No,-,Distributing,MSCI Chile IMI 25/50 Index,27.353088,2022-08-11,3665.236044,Yes,Index,2022-06-30 00:00:00,12.7,-9.79,-36.91,17.39,-10.29,2022-07-31 00:00:00,3.38,2.38,-8.36,-7.44,-2.07,2022-07-31 00:00:00,18.94,5.91,-23.05,-32.08,-26.45,9.7167,0,1.98532,-,-,-,A,6.831,381.89,-,239618.0,https://www.ishares.com/us/products/239618/ishares-msci-chile-capped-etf
IGUS,iShares S&P 500 GBP Hedged UCITS ETF (Acc),IE00B3Y8X563,575950870.72,Ireland,2010-09-30,0.2,-,Equity,Large Cap,North America,GBP,Developed,Currency Hedged,United States,-,6000000,Yes,iShares V plc,Accumulating,S&P 500,95.991812,2022-08-11,6909.12423332187,Yes,Index,2022-06-30 00:00:00,11.846337,7.225172,4.697063,38.500075,-12.131291,2022-07-31 00:00:00,-6.291155,12.396479,11.120058,10.352038,11.892598,2022-07-31 00:00:00,-13.629359,-8.849984,37.20735,63.644639,277.992124,-,0,0.40744,-,-,-,AA,8.3754,151.27,-,251904.0,https://www.ishares.com/uk/individual/en/products/251904/ishares-sp-500-gbp-hedged-ucits-etf
SPEH,iShares Spain Govt Bond UCITS ETF USD Hedged (Acc),IE00BFMM8Y81,8376830.98,Ireland,2018-04-19,0.22,-,Fixed Income,Government,Europe,USD,Developed,Currency Hedged,Spain,Hedged,1572668,Yes,iShares V plc,Accumulating,Bloomberg Spain Treasury Bond Index,5.326509,2022-08-11,275.495401,Yes,Index,2022-06-30 00:00:00,-,11.869208,2.943528,0.945368,-11.233949,2022-07-31 00:00:00,-8.719288,-3.746963,-1.568601,-,1.839041,2022-07-31 00:00:00,-7.262247,-6.132722,-4.632372,-,8.11292,-,9.22,2.23756,7.55626,1.56,3.5,BBB,5.1443,3.39,-,296967.0,https://www.ishares.com/uk/individual/en/products/296967/ishares-spain-govt-bond-ucits-etf
EFA,iShares MSCI EAFE ETF,US4642874659,47572625568.9,United States,2001-08-14,0.32,-,Equity,Large/Mid Cap,Global,USD,Developed,-,Broad,-,718200000,No,-,Distributing,MSCI EAFE Index,66.238688,2022-08-11,6615.521402,Yes,Index,2022-06-30 00:00:00,6.77,1.04,-5.27,32.58,-17.31,2022-07-31 00:00:00,-13.84,6.13,3.42,2.74,4.82,2022-07-31 00:00:00,-14.91,-11.53,10.6,14.49,168.41,5.1747,0,-0.02426,-,-,-,AAA,9.2761,120.85,-,239623.0,https://www.ishares.com/us/products/239623/ishares-msci-eafe-etf
INRG,iShares Global Clean Energy UCITS ETF USD (Dist),IE00B1XNHC34,7009845323.55,Ireland,2007-07-06,0.65,-,Equity,All Cap,Global,USD,Developed,"Alternatives, Sustainable, Thematic ETFs",Broad,-,523414816,Yes,iShares II plc,Distributing,S&P Global Clean Energy Index,13.392523,2022-08-11,2341.07820469827,Yes,Index,2022-06-30 00:00:00,4.476689,23.587188,18.321463,88.138918,-18.036821,2022-07-31 00:00:00,-0.929109,24.979125,28.512106,21.238702,-3.159076,2022-07-31 00:00:00,5.551731,20.211004,112.242385,161.942755,-38.346962,0.589881,0,0.04642,-,-,-,AA,7.6675,280.92,ESG Thematic,251911.0,https://www.ishares.com/uk/individual/en/products/251911/ishares-global-clean-energy-ucits-etf
EFG,iShares MSCI EAFE Growth ETF,US4642888857,10374533869.75,United States,2005-08-01,0.35,-,Equity,Large/Mid Cap,Global,USD,Developed,-,Broad,-,118800000,No,-,Distributing,MSCI EAFE Growth Index,87.327726,2022-08-11,4151.224187,Yes,Index,2022-06-30 00:00:00,9.17,4,3.86,30.69,-23.56,2022-07-31 00:00:00,-18.92,1.65,4.01,4.44,5.07,2022-07-31 00:00:00,-20.56,-12.29,12.52,24.27,131.73,2.3043,0,0.05346,-,-,-,AAA,8.772,57.29,-,239622.0,https://www.ishares.com/us/products/239622/ishares-msci-eafe-growth-etf
EDEN,iShares MSCI Denmark ETF,US46429B5232,145220179.82,United States,2012-01-25,0.53,-,Equity,All Cap,Europe,USD,Developed,-,Denmark,-,1550000,No,-,Distributing,MSCI Denmark IMI 25/50 Index,93.690439,2022-08-11,13081.211904,No,Index,2022-06-30 00:00:00,4.94,-0.06,17.78,48.77,-18.9,2022-07-31 00:00:00,-15.25,9.2,16.63,9.12,14.54,2022-07-31 00:00:00,-14.65,-5.5,58.65,54.68,317.12,2.9294,0,0.11898,-,-,-,AAA,8.9302,90.56,-,239621.0,https://www.ishares.com/us/products/239621/ishares-msci-denmark-capped-etf
SPOG,iShares Oil & Gas Exploration & Production UCITS ETF USD (Acc),IE00B6R51Z18,432385829.03,Ireland,2011-09-16,0.55,-,Equity,All Cap,Global,USD,Developed,"Alternatives, Sectors",Broad,-,17900000,Yes,iShares V plc,Accumulating,S&P Commodity Producers Oil and Gas Exploration & Production Index,24.155632,2022-08-11,1361.11943944805,Yes,Index,2022-06-30 00:00:00,32.112721,-22.02917,-40.457632,70.03314,35.32203,2022-07-31 00:00:00,64.218931,59.949375,16.233272,8.149995,-0.60902,2022-07-31 00:00:00,32.193003,14.545583,57.033167,47.95598,-6.42589,-,0,0.12277,-,-,-,AAA,8.7279,880.88,-,251909.0,https://www.ishares.com/uk/individual/en/products/251909/ishares-oil-gas-exploration-production-ucits-etf
ECNS,iShares MSCI China Small-Cap ETF,US46429B2007,56097380.04,United States,2010-09-28,0.57,-,Equity,Small Cap,Asia Pacific,USD,Emerging,-,China,-,1600000,No,-,Distributing,MSCI China Small Cap Index,35.060863,2022-08-11,1255.219133,Yes,Index,2022-06-30 00:00:00,15.65,-12.99,-3.19,53.86,-28.02,2022-07-31 00:00:00,-28,-5.52,-0.48,-1.47,0.48,2022-07-31 00:00:00,-24.28,-19.27,-1.44,-7.15,5.83,3.3293,0,0.02535,-,-,-,-,-,-,-,239620.0,https://www.ishares.com/us/products/239620/ishares-msci-china-smallcap-etf
SPGP,iShares Gold Producers UCITS ETF USD (Acc),IE00B6R52036,1548674242.03,Ireland,2011-09-16,0.55,-,Equity,Large Cap,Global,USD,Developed,"Alternatives, Sectors",Broad,-,135100000,Yes,iShares V plc,Accumulating,S&P Commodity Producers Gold Index,11.463169,2022-08-11,977.981562726812,Yes,Index,2022-06-30 00:00:00,0.235494,19.231958,40.566397,-4.639503,-21.109878,2022-07-31 00:00:00,-26.993377,-21.940165,-0.946063,3.236887,-7.191029,2022-07-31 00:00:00,-21.630328,-15.989967,-2.811422,17.266648,-55.574654,-,0,0.02997,-,-,-,AA,7.5831,328.28,-,251908.0,https://www.ishares.com/uk/individual/en/products/251908/ishares-gold-producers-ucits-etf
SCZ,iShares MSCI EAFE Small-Cap ETF,US4642882736,11071002343.68,United States,2007-12-10,0.39,-,Equity,Small Cap,Global,USD,Developed,-,Broad,-,187000000,No,-,Distributing,MSCI EAFE Small Cap Index,59.203221,2022-08-11,477.02516,Yes,Index,2022-06-30 00:00:00,12,-6.05,-4.06,40.99,-23.67,2022-07-31 00:00:00,-19.8,5.52,3.59,2.33,3.7,2022-07-31 00:00:00,-19.08,-13.51,11.17,12.21,70.25,4.3859,0,0.03763,-,-,-,A,6.7679,163.46,-,239627.0,https://www.ishares.com/us/products/239627/ishares-msci-eafe-smallcap-etf
EFAV,iShares MSCI EAFE Min Vol Factor ETF,US46429B6891,5924910872.32,United States,2011-10-18,0.32,-,Equity,Large/Mid Cap,Global,USD,Developed,"Factors, Minimum Volatility, Edge",Broad,-,90100000,No,-,Distributing,MSCI EAFE Minimum Volatility (USD) Index,65.759277,2022-08-11,1946.277071,No,Index,2022-06-30 00:00:00,6,4.97,-5.66,16.52,-14.05,2022-07-31 00:00:00,-12.76,1.29,-0.34,1.37,5.55,2022-07-31 00:00:00,-12.99,-8.38,-1,7.06,79.17,3.4616,0,0.10233,-,-,-,AAA,8.6294,162.15,-,239626.0,https://www.ishares.com/us/products/239626/ishares-msci-eafe-minimum-volatility-etf
IH2O,iShares Global Water UCITS ETF USD (Dist),IE00B1TXK627,2144807233.25,Ireland,2007-03-16,0.65,-,Equity,All Cap,Global,USD,Developed,"Alternatives, Sectors, Thematic ETFs",Broad,-,36349778,Yes,iShares II plc,Distributing,S&P Global Water Index,59.004685,2022-08-11,8636.93393430014,Yes,Index,2022-06-30 00:00:00,5.260249,13.902841,1.182299,44.749394,-16.354522,2022-07-31 00:00:00,-13.166839,12.213744,11.023895,9.622839,7.401578,2022-07-31 00:00:00,-19.413059,-9.219029,36.851442,58.308859,199.71106,1.978148,0,0.3315,-,-,-,AAA,10,174.09,-,251913.0,https://www.ishares.com/uk/individual/en/products/251913/ishares-global-water-ucits-etf
ITEH,iShares Italy Govt Bond UCITS ETF USD Hedged (Acc),IE00BFMM9235,1594846.35,Ireland,2018-04-19,0.22,-,Fixed Income,Government,Europe,USD,Developed,Currency Hedged,Italy,Hedged,294499,Yes,iShares V plc,Accumulating,Bloomberg Italy Treasury Bond Index,5.415455,2022-08-11,280.281831,Yes,Index,2022-06-30 00:00:00,-,10.129001,8.65477,5.0822,-11.814363,2022-07-31 00:00:00,-11.484168,-3.740849,-0.277687,-,1.760143,2022-07-31 00:00:00,-9.239679,-8.74112,-0.830751,-,7.754845,-,8.39,2.52262,6.75658,2.28,3.46,BBB,5.1495,3.39,-,296974.0,https://www.ishares.com/uk/individual/en/products/296974/ishares-italy-govt-bond-ucits-etf
WOOD,iShares Global Timber & Forestry UCITS ETF USD (Dist),IE00B27YCF74,209944190.94,Ireland,2007-10-12,0.65,-,Equity,All Cap,Global,USD,Developed,"Alternatives, Sectors, Thematic ETFs",Broad,-,7322061,Yes,iShares II plc,Distributing,S&P Global Timber & Forestry Index,28.672827,2022-08-11,3080.29162653465,Yes,Index,2022-06-30 00:00:00,29.225805,-21.434185,-7.137646,58.953401,-13.142952,2022-07-31 00:00:00,-8.491039,16.36286,12.262489,6.344621,3.017342,2022-07-31 00:00:00,-12.57406,-9.828139,41.482914,36.012132,55.264806,2.717207,0,0.38733,-,-,-,A,7.0768,321.62,-,251912.0,https://www.ishares.com/uk/individual/en/products/251912/ishares-global-timber-forestry-ucits-etf
IPRV,iShares Listed Private Equity UCITS ETF USD (Dist),IE00B1TXHL60,935498095.39,Ireland,2007-03-16,0.75,-,Equity,Large Cap,Global,USD,Developed,"Alternatives, Sectors",Broad,-,35016788,Yes,iShares II plc,Distributing,S&P Listed Private Equity Index,26.715702,2022-08-11,361.774909826171,Yes,Index,2022-06-30 00:00:00,5.638058,10.785212,-4.866209,57.258902,-19.414531,2022-07-31 00:00:00,-14.626717,17.68125,10.144747,9.012181,4.216081,2022-07-31 00:00:00,-20.174875,-15.063869,33.626124,53.948388,88.667353,3.234802,0,0,-,-,-,BBB,4.6532,14.92,-,251918.0,https://www.ishares.com/uk/individual/en/products/251918/ishares-listed-private-equity-ucits-etf
EEMA,iShares MSCI Emerging Markets Asia ETF,US4642864262,622433771.49,United States,2012-02-08,0.5,-,Equity,Large/Mid Cap,Asia Pacific,USD,Emerging,-,Broad,-,9200000,No,-,Distributing,MSCI Emerging Markets Asia Index,67.655845,2022-08-11,2078.191464,Yes,Index,2022-06-30 00:00:00,9.62,-2.65,3.07,39.85,-24.9,2022-07-31 00:00:00,-20.37,-2.81,2.61,1.48,3.83,2022-07-31 00:00:00,-18.09,-16.8,8.05,7.61,48.3,1.0578,0,0.06499,-,-,-,A,5.7744,310.87,-,239629.0,https://www.ishares.com/us/products/239629/ishares-msci-emerging-markets-asia-etf
EFV,iShares MSCI EAFE Value ETF,US4642888774,14421931479.32,United States,2005-08-01,0.35,-,Equity,Large/Mid Cap,Global,USD,Developed,-,Broad,-,321200000,No,-,Distributing,MSCI EAFE Value Index,44.90016,2022-08-11,9430.973541,Yes,Index,2022-06-30 00:00:00,4.14,-2.21,-14.61,33.36,-11.45,2022-07-31 00:00:00,-9.23,9.79,1.8,0.32,2.85,2022-07-31 00:00:00,-9.52,-11.28,5.5,1.63,61.36,7.0498,0,0.07675,-,-,-,AAA,9.7542,183.64,-,239628.0,https://www.ishares.com/us/products/239628/ishares-msci-eafe-value-etf
ISO,iShares S&P/ASX Small Ordinaries ETF,AU000000ISO9,124890931.42,Australia,2010-12-06,-,0.55,Equity,Small Cap,Asia Pacific,AUD,Developed,-,Australia,-,26918583,No,-,-,S&P/ASX Small Ordinaries,4.63958,2022-08-12,9647.25189206515,No,Index,2022-06-30 00:00:00,23.312779,1.384157,-6.106224,32.446891,-20.111914,2022-07-31 00:00:00,-11.583277,7.859331,1.958322,6.653849,3.067134,2022-07-31 00:00:00,-15.410179,-7.035848,5.990767,38.001139,42.183867,7.488197,0,0.02063,-,-,-,AA,7.3651,195.96,-,251923.0,https://www.blackrock.com/au/products/251923/ishares-s-p/asx-small-ordinaries-etf
IHD,iShares S&P/ASX Dividend Opportunities ETF,AU000000IHD5,288925440.22,Australia,2010-12-06,-,0.3,Equity,All Cap,Asia Pacific,AUD,Developed,Income,Australia,-,21988534,No,-,-,S&P/ASX Australia Dividend Opportunities Index,13.139823,2022-08-12,4214.55672335845,No,Index,2022-06-30 00:00:00,5.697951,8.431857,-10.140384,21.673952,-5.576725,2022-07-31 00:00:00,-4.746553,9.055201,1.903274,4.435549,4.574663,2022-07-31 00:00:00,-3.545773,1.155624,5.819184,24.234373,68.390825,7.018216,0,0.09755,-,-,-,AAA,9.9302,167.83,-,251922.0,https://www.blackrock.com/au/products/251922/ishares-s-p/asx-dividend-opportunities-etf
ILC,iShares S&P/ASX 20 ETF,AU000000ILC9,465980503.5,Australia,2010-12-06,-,0.24,Equity,Large Cap,Asia Pacific,AUD,Developed,-,Australia,-,17276871,No,-,-,S&P/ASX 20 Index,26.971348,2022-08-12,96027.8310884121,No,Index,2022-06-30 00:00:00,11.040059,14.033402,-9.587131,30.842268,-5.548933,2022-07-31 00:00:00,-2.399206,13.609706,4.742249,7.936923,7.445073,2022-07-31 00:00:00,-1.946363,3.472032,14.912081,46.504234,130.846222,6.986174,0,0.14001,-,-,-,AAA,10,171.29,-,251921.0,https://www.blackrock.com/au/products/251921/ishares-s-p/asx-20-etf
ISP6,iShares S&P SmallCap 600 UCITS ETF USD (Dist),IE00B2QWCY14,1247262277.48,Ireland,2008-05-09,0.4,-,Equity,Small Cap,North America,USD,Developed,-,United States,-,14850000,Yes,iShares III plc,Distributing,S&P SmallCap 600 Index,83.990725,2022-08-11,1638.21923153769,Yes,Index,2022-06-30 00:00:00,19.904475,-5.458632,-11.829189,66.670312,-17.272602,2022-07-31 00:00:00,-6.77982,20.669215,9.75109,8.463914,9.625852,2022-07-31 00:00:00,-11.157581,-4.123001,32.198501,50.115784,269.625717,0.969869,0,-5.05135,-,-,-,BBB,5.4574,131.75,-,251920.0,https://www.ishares.com/uk/individual/en/products/251920/ishares-sp-smallcap-600-ucits-etf
UKRE,iShares MSCI Target UK Real Estate UCITS ETF GBP (Dist),IE00BRHZ0398,91945369.96,Ireland,2015-03-16,0.4,-,Real Estate,Real Estate Securities,Europe,GBP,Developed,"Alternatives, Sectors",United Kingdom,-,18000100,Yes,iShares III plc,Distributing,MSCI UK IMI Liquid Real Estate Index,5.108048,2022-08-11,1334.014697,Yes,Index,2022-06-30 00:00:00,5.913915,-0.919276,-4.538484,13.51767,-3.351772,2022-07-31 00:00:00,-2.513491,7.374363,3.988971,3.039978,2.139109,2022-07-31 00:00:00,-8.450804,-5.101293,12.450616,16.152561,16.886926,1.366471,1.28,0.22566,-,-,-,AA,8.0728,39.69,-,272400.0,https://www.ishares.com/uk/individual/en/products/272400/ishares-msci-target-uk-real-estate-fund
EEM,iShares MSCI Emerging Markets ETF,US4642872349,26516919341.41,United States,2003-04-07,0.68,-,Equity,Large/Mid Cap,Global,USD,Emerging,-,Broad,-,652050000,No,-,Distributing,MSCI Emerging Markets Index,40.667003,2022-08-11,510.601446,Yes,Index,2022-06-30 00:00:00,7.5,0.72,-3.95,39.92,-25.75,2022-07-31 00:00:00,-20.67,-2.56,0.18,0.3,8.72,2022-07-31 00:00:00,-17.82,-17.59,0.55,1.53,402.43,2.0577,0,0.17426,-,-,-,BBB,5.5978,326.59,-,239637.0,https://www.ishares.com/us/products/239637/ishares-msci-emerging-markets-etf
EXI1,iShares SLI UCITS ETF (DE),DE0005933964,308672396.78,Germany,2001-03-22,0.51,-,Equity,Large Cap,Europe,CHF,Developed,-,Switzerland,-,2570000,No,BlackRock Asset Management Deutschland AG,Distributing,Swiss Leader Index (SLI®),120.106,2022-08-11,3081.4771765,Yes,Index,2022-06-30 00:00:00,2.767054,8.924777,0.918788,30.342708,-13.4226,2022-07-31 00:00:00,-10.225005,8.502854,6.26645,5.450974,4.337565,2022-07-31 00:00:00,-14.731349,-9.597756,20.00201,30.392609,147.634625,1.349691,0,0.01697,-,-,0,AAA,9.821,168.32,-,251925.0,https://www.ishares.com/de/privatanleger/de/produkte/251925/ishares-smi-de-fund
EUXS,iShares MSCI Europe ex-UK GBP Hedged UCITS ETF (Dist),IE00BVDPJP67,100437603.06,Ireland,2015-03-31,0.4,-,Equity,Large/Mid Cap,Europe,GBP,Developed,Currency Hedged,Broad,-,17000000,Yes,iShares plc,Distributing,MSCI Europe ex-UK Index,5.908094,2022-08-11,290.998465,Yes,Index,2022-06-30 00:00:00,3.595491,6.256677,-2.379885,29.823628,-11.28336,2022-07-31 00:00:00,-6.797775,11.282018,6.262633,5.669653,4.751345,2022-07-31 00:00:00,-11.445435,-7.322119,19.98908,31.750235,40.552027,2.376401,0,0.10546,-,-,-,AAA,8.9917,117.54,-,272403.0,https://www.ishares.com/uk/individual/en/products/272403/ishares-msci-europe-ex-uk-gbp-hedged-fund
EXSA,iShares STOXX Europe 600 UCITS ETF (DE),DE0002635307,5531439995.28,Germany,2004-02-13,0.2,-,Equity,All Cap,Europe,EUR,Developed,-,Broad,-,126305000,No,BlackRock Asset Management Deutschland AG,Distributing,STOXX® Europe 600,43.7943,2022-08-11,1012.2391570792,Yes,Index,2022-06-30 00:00:00,3.080911,4.50322,-4.235857,28.624988,-7.590414,2022-07-31 00:00:00,-2.360623,13.713951,6.934676,5.807071,6.395986,2022-07-31 00:00:00,-8.174337,-4.521627,22.280068,32.609142,214.155506,2.612678,0,0.08994,-,-,0,AAA,9.2712,133.55,-,251931.0,https://www.ishares.com/de/privatanleger/de/produkte/251931/ishares-stoxx-europe-600-ucits-etf-de-fund
EEMS,iShares MSCI Emerging Markets Small-Cap ETF,US4642864759,338900025.62,United States,2011-08-16,0.68,-,Equity,Small Cap,Global,USD,Emerging,-,Broad,-,6700000,No,-,Distributing,MSCI Emerging Markets Small Cap Index,50.582093,2022-08-11,1616.928649,Yes,Index,2022-06-30 00:00:00,6.23,-5.28,-8.83,62.81,-20.71,2022-07-31 00:00:00,-17.27,10.31,7.11,3.3,2.59,2022-07-31 00:00:00,-17.52,-14.76,22.87,17.61,32.35,0.156,0,0.13992,-,-,-,-,-,-,-,239642.0,https://www.ishares.com/us/products/239642/ishares-msci-emerging-markets-smallcap-etf
EXW3,iShares STOXX Europe 50 UCITS ETF (DE),DE0005933949,107892278.81,Germany,2000-12-27,0.51,-,Equity,Large Cap,Europe,EUR,Developed,-,Broad,-,2967500,No,BlackRock Asset Management Deutschland AG,Distributing,STOXX® Europe 50,36.358,2022-08-11,9063.3625616902,Yes,Index,2022-06-30 00:00:00,0.526635,7.91158,-3.619519,20.453736,0.898434,2022-07-31 00:00:00,5.838792,14.995209,7.549134,6.472469,1.968461,2022-07-31 00:00:00,-2.148754,-0.339831,24.400105,36.831667,52.332355,2.262649,0,0.11146,-,-,0,AAA,9.5553,122.79,-,251930.0,https://www.ishares.com/de/privatanleger/de/produkte/251930/ishares-stoxx-europe-50-ucits-etf-de-fund
EEMV,iShares MSCI Emerging Markets Min Vol Factor ETF,US4642865335,6371817465.32,United States,2011-10-18,0.69,-,Equity,Large/Mid Cap,Global,USD,Emerging,Smart Beta,Broad,-,112300000,No,-,Distributing,MSCI Emerging Markets Minimum Volatility Index,56.739247,2022-08-11,1895.50955,No,Index,2022-06-30 00:00:00,7.71,3.82,-8.52,25.65,-12.67,2022-07-31 00:00:00,-8.17,2.73,0.66,1.9,3.63,2022-07-31 00:00:00,-10.99,-10.07,1.98,9.88,46.95,0.9955,0,0.09478,-,-,-,BBB,5.2008,219.47,-,239641.0,https://www.ishares.com/us/products/239641/ishares-msci-emerging-markets-minimum-volatility-etf
EUN,iShares STOXX Europe 50 UCITS ETF EUR (Dist),IE0008470928,516270260.8,Ireland,2000-04-03,0.35,-,Equity,Large Cap,Europe,EUR,Developed,-,Broad,-,13892996,Yes,iShares II plc,Distributing,STOXX® Europe 50,37.160469,2022-08-11,9063.3625616902,Yes,Index,2022-06-30 00:00:00,0.752543,7.984344,-3.566789,20.514389,0.851687,2022-07-31 00:00:00,5.775292,14.983475,7.571599,6.537687,1.531712,2022-07-31 00:00:00,-2.110298,-0.317432,24.478077,37.251255,40.405195,3.311584,0,0.11768,-,-,-,AAA,9.5611,122.82,-,251929.0,https://www.ishares.com/uk/individual/en/products/251929/ishares-stoxx-europe-50-ucits-etf
SUSW,iShares MSCI World SRI UCITS ETF EUR (Acc),IE00BYX2JD69,4391480791.86,Ireland,2017-10-12,0.2,-,Equity,All Cap,Global,EUR,Developed,Sustainable,Broad,-,474119778,Yes,iShares IV plc,Accumulating,MSCI WORLD SRI Select Reduced Fossil Fuel Index,9.262386,2022-08-11,3879.946234,Yes,Index,2022-06-30 00:00:00,-,11.647112,9.243939,30.674751,-2.344554,2022-07-31 00:00:00,6.606403,19.357848,14.801796,-,13.654693,2022-07-31 00:00:00,-7.069552,-0.990048,51.30248,-,84.849971,-,0,0.26315,-,-,-,AAA,9.9136,67.36,ESG Broad,290846.0,https://www.ishares.com/uk/individual/en/products/290846/ishares-msci-world-sri-ucits-etf
EFNL,iShares MSCI Finland ETF,US46429B5158,24101220.41,United States,2012-01-25,0.55,-,Equity,All Cap,Europe,USD,Developed,-,Finland,-,650000,No,-,Distributing,MSCI Finland IMI 25/50 Index,37.078801,2022-08-11,5078.442483,Yes,Index,2022-06-30 00:00:00,9.68,-4.12,-1.83,42.52,-25.34,2022-07-31 00:00:00,-26,1.32,3.92,2.44,7.22,2022-07-31 00:00:00,-20.5,-15.97,12.22,12.78,108.25,11.5783,0,-0.22109,-,-,-,AAA,10,132.38,-,239647.0,https://www.ishares.com/us/products/239647/ishares-msci-finland-capped-etf
EXV1,iShares STOXX Europe 600 Banks UCITS ETF (DE),DE000A0F5UJ7,852433245.64,Germany,2001-04-25,0.46,-,Equity,All Cap,Europe,EUR,Developed,Sectors,Broad,-,65435000,Yes,iShares (DE) I Investmentaktiengesellschaft mit TGV,Distributing,STOXX® Europe 600 Banks,13.0272,2022-08-11,362.876231541,Yes,Index,2022-06-30 00:00:00,-8.400964,-13.186296,-28.844337,44.064251,-1.030549,2022-07-31 00:00:00,1.438646,23.778771,1.900628,-4.406703,-2.129771,2022-07-31 00:00:00,-9.090369,-15.300406,5.810942,-20.175317,-36.730347,6.324475,0,0.02817,-,-,0,AAA,10,3.53,-,251934.0,https://www.ishares.com/de/privatanleger/de/produkte/251934/ishares-stoxx-europe-600-banks-ucits-etf-de-fund
EUFN,iShares MSCI Europe Financials ETF,US4642891802,1006884911.12,United States,2010-01-20,0.48,-,Equity,All Cap,Europe,USD,Developed,Sectors,Broad,-,60700000,No,-,Distributing,MSCI Europe Financials Index,16.58789,2022-08-11,109.991973,Yes,Index,2022-06-30 00:00:00,-2.42,-5.43,-20.07,40.68,-14.43,2022-07-31 00:00:00,-13.92,9.38,0.31,-3.29,0.34,2022-07-31 00:00:00,-17.55,-20.41,0.95,-15.39,4.31,8.6413,0,0.01455,-,-,-,AAA,10,3.06,-,239645.0,https://www.ishares.com/us/products/239645/ishares-msci-europe-financials-etf
EZU,iShares MSCI Eurozone ETF,US4642866085,5196059828.96,United States,2000-07-25,0.5,-,Equity,Large/Mid Cap,Europe,USD,Developed,-,Broad,-,134400000,No,-,Distributing,MSCI EMU Index,38.661159,2022-08-11,343.154055,Yes,Index,2022-06-30 00:00:00,5.65,-0.53,-7.07,38.44,-23.32,2022-07-31 00:00:00,-20.61,3.55,1.85,0.94,2.26,2022-07-31 00:00:00,-20.78,-17.76,5.65,4.81,63.49,5.5281,0,-0.2845,-,-,-,AAA,8.9403,135.65,-,239644.0,https://www.ishares.com/us/products/239644/ishares-msci-emu-etf
EXV5,iShares STOXX Europe 600 Automobiles & Parts UCITS ETF (DE) EUR (Dist),DE000A0Q4R28,169749314.76,Germany,2002-07-08,0.46,-,Equity,All Cap,Europe,EUR,Developed,Sectors,Broad,-,3311911,Yes,iShares (DE) I Investmentaktiengesellschaft mit TGV,Distributing,STOXX® Europe 600 Automobiles & Parts,51.2542,2022-08-11,1073.399251102,Yes,Index,2022-06-30 00:00:00,4.402789,-7.280746,-19.893683,68.998546,-19.937826,2022-07-31 00:00:00,-11.435037,23.152605,6.54538,3.156376,6.996511,2022-07-31 00:00:00,-14.000992,-14.297735,20.949442,16.810095,288.317657,4.631029,0,-0.00408,-,-,0,AA,7.4846,28.14,-,251932.0,https://www.ishares.com/de/privatanleger/de/produkte/251932/ishares-stoxx-europe-600-automobiles-parts-ucits-etf-de-fund
EWG,iShares MSCI Germany ETF,US4642868065,1373428830.93,United States,1996-03-12,0.5,-,Equity,Large/Mid Cap,Europe,USD,Developed,-,Germany,-,57300000,No,-,Distributing,MSCI Germany Index,23.96909,2022-08-11,5384.726613,Yes,Index,2022-06-30 00:00:00,2.41,-3.86,-2.86,31.54,-30.6,2022-07-31 00:00:00,-29.02,-5.7,-2.02,-2.58,4.66,2022-07-31 00:00:00,-26.11,-24.39,-5.95,-12.27,232.97,7.6231,0,-0.01643,-,-,-,AA,7.7497,140.4,-,239650.0,https://www.ishares.com/us/products/239650/ishares-msci-germany-etf
EXV7,iShares STOXX Europe 600 Chemicals UCITS ETF (DE),DE000A0H08E0,84820615.46,Germany,2002-07-08,0.46,-,Equity,All Cap,Europe,EUR,Developed,Sectors,Broad,-,729000,Yes,iShares (DE) I Investmentaktiengesellschaft mit TGV,Distributing,STOXX® Europe 600 Chemicals,116.352,2022-08-11,2534.97222107,Yes,Index,2022-06-30 00:00:00,5.717313,3.613495,3.901655,30.964594,-10.373337,2022-07-31 00:00:00,-7.759796,9.252006,9.685465,7.866553,9.399157,2022-07-31 00:00:00,-12.923659,-7.34624,31.9615,46.027282,506.266621,2.099071,0,0.01511,-,-,0.01,AA,7.6367,729.48,-,251938.0,https://www.ishares.com/de/privatanleger/de/produkte/251938/ishares-stoxx-europe-600-chemicals-ucits-etf-de-fund
EWQ,iShares MSCI France ETF,US4642867075,759223439.14,United States,1996-03-12,0.5,-,Equity,Large/Mid Cap,Europe,USD,Developed,-,France,-,23400000,No,-,Distributing,MSCI France Index,32.445446,2022-08-11,7429.076999,Yes,Index,2022-06-30 00:00:00,9.99,3.05,-10.5,40.91,-15.86,2022-07-31 00:00:00,-11.85,10.74,4.97,4.46,6.27,2022-07-31 00:00:00,-15.74,-13.32,15.66,24.4,397.37,6.092,0,-3.45283,-,-,-,AAA,8.6718,132.94,-,239648.0,https://www.ishares.com/us/products/239648/ishares-msci-france-etf
EXV6,iShares STOXX Europe 600 Basic Resources UCITS ETF (DE),DE000A0F5UK5,560524556.18,Germany,2002-07-08,0.46,-,Equity,All Cap,Europe,EUR,Developed,Sectors,Broad,-,9374000,Yes,iShares (DE) I Investmentaktiengesellschaft mit TGV,Distributing,STOXX® Europe 600 Basic Resources,59.7957,2022-08-11,1582.5853420378,Yes,Index,2022-06-30 00:00:00,27.488948,0.537097,-11.829748,55.037969,1.868302,2022-07-31 00:00:00,0.498368,28.322599,15.494985,11.780222,7.248086,2022-07-31 00:00:00,1.536357,-0.895651,54.059819,74.511817,307.050385,7.043699,0,0.60027,-,-,0,AA,7.5474,508.72,-,251936.0,https://www.ishares.com/de/privatanleger/de/produkte/251936/ishares-stoxx-europe-600-basic-resources-ucits-etf-de-fund
PICK,iShares MSCI Global Metals & Mining Producers ETF,US46434G8481,1305456995.68,United States,2012-01-31,0.39,-,Equity,All Cap,Global,USD,Developed,Sectors,Broad,-,33900000,No,-,Distributing,MSCI ACWI Select Metals & Mining Producers Ex Gold & Silver Investable Market Index,38.509056,2022-08-11,1162.327379,No,Index,2022-06-30 00:00:00,25.4,-1.95,-16.53,90.95,-13.7,2022-07-31 00:00:00,-14.94,25.53,14.51,9.24,1.51,2022-07-31 00:00:00,-9.12,-9.61,50.15,55.58,17.1,10.8736,0,0.15872,-,-,-,A,6.4979,728.42,-,239655.0,https://www.ishares.com/us/products/239655/ishares-msci-global-metals-mining-producers-etf
RING,iShares MSCI Global Gold Miners ETF,US46434G8556,404601545.33,United States,2012-01-31,0.39,-,Equity,All Cap,Global,USD,Developed,Sectors,Broad,-,19750000,No,-,Distributing,MSCI ACWI Select Gold Miners Investable Market Index,20.486154,2022-08-11,417.061788,No,Index,2022-06-30 00:00:00,-0.35,18.17,47.3,-5.69,-20.01,2022-07-31 00:00:00,-28.51,-23.36,-0.58,2.88,-7.29,2022-07-31 00:00:00,-24.66,-20.49,-1.73,15.24,-54.81,2.3365,0,0.03708,-,-,-,AA,7.9276,414.51,-,239654.0,https://www.ishares.com/us/products/239654/ishares-msci-global-gold-miners-etf
EXH2,iShares STOXX Europe 600 Financial Services UCITS ETF (DE),DE000A0H08G5,91574940.85,Germany,2002-07-08,0.46,-,Equity,All Cap,Europe,EUR,Developed,Sectors,Broad,-,1475500,Yes,iShares (DE) I Investmentaktiengesellschaft mit TGV,Distributing,STOXX® Europe 600 Financial Services,62.0637,2022-08-11,1545.785442885,Yes,Index,2022-06-30 00:00:00,5.239403,5.805683,8.566778,31.902253,-16.473351,2022-07-31 00:00:00,-11.79311,10.107342,9.092704,8.222834,7.869132,2022-07-31 00:00:00,-15.49403,-8.624287,29.833607,48.454889,357.039836,1.881591,0,0.01097,-,-,0,AAA,9.171,6,-,251942.0,https://www.ishares.com/de/privatanleger/de/produkte/251942/ishares-stoxx-europe-600-financial-services-ucits-etf-de-fund
VEGI,iShares MSCI Global Agriculture Producers ETF,US4642863504,282505772.58,United States,2012-01-31,0.39,-,Equity,All Cap,Global,USD,Developed,-,Broad,-,6500000,No,-,Distributing,MSCI ACWI Select Agriculture Producers Investable Market Index,43.462427,2022-08-11,2019.761919,No,Index,2022-06-30 00:00:00,8.65,2.36,-11.29,61.94,0.49,2022-07-31 00:00:00,9.26,28.21,15.64,10.87,7.05,2022-07-31 00:00:00,3.65,2.37,54.64,67.53,104.43,1.3617,0,0.09165,-,-,-,AA,7.918,347.08,-,239652.0,https://www.ishares.com/us/products/239652/ishares-msci-global-agriculture-producers-etf
EXV8,iShares STOXX Europe 600 Construction & Materials UCITS ETF (DE),DE000A0H08F7,95613701.14,Germany,2002-07-08,0.46,-,Equity,All Cap,Europe,EUR,Developed,Sectors,Broad,-,1731200,Yes,iShares (DE) I Investmentaktiengesellschaft mit TGV,Distributing,STOXX® Europe 600 Construction & Materials,55.2297,2022-08-11,1148.3695133319,Yes,Index,2022-06-30 00:00:00,-0.814814,5.114469,-1.403393,36.501326,-17.368464,2022-07-31 00:00:00,-11.314279,12.941789,7.084387,5.551618,7.525667,2022-07-31 00:00:00,-16.265847,-9.271427,22.794373,31.016039,328.714972,1.643625,0,0.12015,-,-,0,AA,7.9967,591.16,-,251940.0,https://www.ishares.com/de/privatanleger/de/produkte/251940/ishares-stoxx-europe-600-construction-materials-ucits-etf-de-fund
INDA,iShares MSCI India ETF,US46429B5984,4067614893.73,United States,2012-02-02,0.65,-,Equity,Large/Mid Cap,Asia Pacific,USD,Emerging,-,India,-,94200000,No,-,Distributing,MSCI India Index,43.180625,2022-08-11,960.324933,Yes,Index,2022-06-30 00:00:00,4.5,7.55,-16.58,51.56,-4.86,2022-07-31 00:00:00,1.93,18.82,11.05,6.36,6.39,2022-07-31 00:00:00,-7.04,-6.88,36.95,36.1,91.59,0,0,272.08419,-,-,-,BBB,5.652,599.05,-,239659.0,https://www.ishares.com/us/products/239659/ishares-msci-india-etf
EXV4,iShares STOXX Europe 600 Health Care UCITS ETF (DE),DE000A0Q4R36,829801324.26,Germany,2001-04-25,0.46,-,Equity,All Cap,Europe,EUR,Developed,Sectors,Broad,-,8205000,Yes,iShares (DE) I Investmentaktiengesellschaft mit TGV,Distributing,STOXX® Europe 600 Health Care,101.1336,2022-08-11,1921.1410977425,Yes,Index,2022-06-30 00:00:00,-3.665704,13.75702,15.556634,9.164282,4.610641,2022-07-31 00:00:00,6.650205,10.687688,10.555378,9.4402,6.108684,2022-07-31 00:00:00,-0.957497,6.087578,35.126219,56.994486,252.829471,1.577556,0,0.08644,-,-,0,AAA,9.2436,24.97,-,251946.0,https://www.ishares.com/de/privatanleger/de/produkte/251946/ishares-stoxx-europe-600-health-care-ucits-etf-de-fund
EWH,iShares MSCI Hong Kong ETF,US4642868719,754806554.62,United States,1996-03-12,0.5,-,Equity,Large/Mid Cap,Asia Pacific,USD,Developed,-,Hong Kong,-,35625000,No,-,Distributing,MSCI Hong Kong 25-50 NET Index,21.187552,2022-08-11,1879.815359,Yes,Index,2022-06-30 00:00:00,8.73,9.79,-15.2,27.86,-15.14,2022-07-31 00:00:00,-16.01,2.57,-2.86,0.39,4.93,2022-07-31 00:00:00,-7,-8.46,-8.35,1.96,256.06,3.5184,0,0.04485,-,-,-,AAA,9.5142,328.93,-,239657.0,https://www.ishares.com/us/products/239657/ishares-msci-hong-kong-etf
SLVP,iShares MSCI Global Silver and Metals Miners ETF,US4642863272,178187467.52,United States,2012-01-31,0.39,-,Equity,All Cap,Global,USD,Developed,Sectors,Broad,-,18100000,No,-,Distributing,MSCI ACWI Select Silver Miners Investable Market Index,9.844611,2022-08-11,417.092311,No,Index,2022-06-30 00:00:00,-7.42,-7.33,46.08,18.82,-35.14,2022-07-31 00:00:00,-31.09,-22.01,3.4,-0.57,-6.73,2022-07-31 00:00:00,-21.89,-14.13,10.55,-2.8,-51.89,1.1575,0,0.04944,-,-,-,A,6.298,325.64,-,239656.0,https://www.ishares.com/us/products/239656/ishares-msci-global-silver-miners-etf
EXH3,iShares STOXX Europe 600 Food & Beverage UCITS ETF (DE),DE000A0H08H3,376683522.0,Germany,2002-07-08,0.46,-,Equity,All Cap,Europe,EUR,Developed,Sectors,Broad,-,4622000,Yes,iShares (DE) I Investmentaktiengesellschaft mit TGV,Distributing,STOXX® Europe 600 Food & Beverage,81.4979,2022-08-11,1650.7598961131,Yes,Index,2022-06-30 00:00:00,0.505029,19.611451,-10.519777,21.59684,-3.842334,2022-07-31 00:00:00,3.406536,11.364997,2.698124,6.454681,8.349328,2022-07-31 00:00:00,-3.924738,1.887296,8.314731,36.71741,399.634876,1.130209,0,0.01064,-,-,0,AA,8.3412,63.09,-,251944.0,https://www.ishares.com/de/privatanleger/de/produkte/251944/ishares-stoxx-europe-600-food-beverage-ucits-etf-de-fund
EIS,iShares MSCI Israel ETF,US4642866325,165834706.77,United States,2008-03-26,0.57,-,Equity,All Cap,Europe,USD,Developed,-,Israel,-,2400000,No,-,Distributing,MSCI Israel Capped Investable Market Index,69.097794,2022-08-11,6294.278578,Yes,Index,2022-06-30 00:00:00,-2.6,5.48,-3.53,35.45,-13.46,2022-07-31 00:00:00,-8.04,9.12,6.16,5.08,3.74,2022-07-31 00:00:00,-17.02,-12.72,19.63,28.09,69.37,1.9157,0,0.10649,-,-,-,A,6.2753,122.9,-,239663.0,https://www.ishares.com/us/products/239663/ishares-msci-israel-capped-etf
EIRL,iShares MSCI Ireland ETF,US46429B5075,53260160.48,United States,2010-05-05,0.5,-,Equity,All Cap,Europe,USD,Developed,-,Broad,-,1200000,No,-,Distributing,MSCI All Ireland Capped Index,44.383467,2022-08-11,1846.867454,Yes,Index,2022-06-30 00:00:00,10.88,-9.56,-8.65,52.47,-28.31,2022-07-31 00:00:00,-24.95,3.95,3.07,1.01,7.09,2022-07-31 00:00:00,-24.15,-21.67,9.5,5.13,131.35,2.4769,0,0.00263,-,-,-,AAA,8.9754,457.89,-,239662.0,https://www.ishares.com/us/products/239662/ishares-msci-ireland-capped-etf
EXH5,iShares STOXX Europe 600 Insurance UCITS ETF (DE),DE000A0H08K7,249539507.32,Germany,2002-07-08,0.46,-,Equity,All Cap,Europe,EUR,Developed,Sectors,Broad,-,8226000,Yes,iShares (DE) I Investmentaktiengesellschaft mit TGV,Distributing,STOXX® Europe 600 Insurance,30.3355,2022-08-11,757.5694484793,Yes,Index,2022-06-30 00:00:00,2.913609,14.809948,-14.989089,22.656749,1.922188,2022-07-31 00:00:00,2.517387,14.22497,3.050723,4.270692,4.461304,2022-07-31 00:00:00,-6.20407,-10.738723,9.434216,23.256913,140.030967,4.739246,0,0.02529,-,-,0,AAA,10,0.96,-,251950.0,https://www.ishares.com/de/privatanleger/de/produkte/251950/ishares-stoxx-europe-600-insurance-ucits-etf-de-fund
IBTU,iShares $ Treasury Bond 0-1yr UCITS ETF USD (Dist),IE00BGR7L912,87353330.26,Ireland,2019-02-20,0.07,-,Fixed Income,Government,North America,USD,Developed,-,United States,-,17418017,Yes,iShares plc,Distributing,IDC US Treasury Short Term Index (4PM),5.015113,2022-08-11,106.912,Yes,Index,2022-06-30 00:00:00,-,-,1.895989,0.086393,-0.163407,2022-07-31 00:00:00,-0.087535,-0.016942,0.583217,-,0.836038,2022-07-31 00:00:00,-0.059017,-0.017086,1.759874,-,2.909232,0.017946,0.38,0.28648,0.3712,2.64,-,A,5.8256,3.19,-,307241.0,https://www.ishares.com/uk/individual/en/products/307241/ishares-treasury-bond-0-1yr-ucits-etf
EIDO,iShares MSCI Indonesia ETF,US46429B3096,448354395.37,United States,2010-05-05,0.57,-,Equity,All Cap,Asia Pacific,USD,Emerging,-,Indonesia,-,18650000,No,-,Distributing,MSCI Indonesia IMI 25/50 Index,24.04045,2022-08-11,1414.383102,Yes,Index,2022-06-30 00:00:00,-13.24,14.61,-27.65,11.18,12.47,2022-07-31 00:00:00,18.13,11.78,-2.76,-1.45,1.32,2022-07-31 00:00:00,1.38,1.3,-8.06,-7.03,17.41,2.9813,0,2.94963,-,-,-,BBB,5.5639,375.18,-,239661.0,https://www.ishares.com/us/products/239661/ishares-msci-indonesia-etf
IDEV,iShares Core MSCI International Developed Markets ETF,US46435G3267,7462496468.35,United States,2017-03-21,0.04,-,Equity,Large/Mid Cap,Global,USD,Developed,-,Broad,-,130650000,No,-,Distributing,MSCI WORLD ex USA IMI Index,57.118228,2022-08-11,1385.324264,No,Index,2022-06-30 00:00:00,7.89,0.79,-4.9,35.17,-17.27,2022-07-31 00:00:00,-13.57,7.07,4.26,3.42,4.88,2022-07-31 00:00:00,-14.72,-11.31,13.34,18.34,29.15,4.7131,0,0.09198,-,-,-,AAA,9.0416,154.21,-,286762.0,https://www.ishares.com/us/products/286762/ishares-core-msci-international-developed-markets-etf
SMIN,iShares MSCI India Small-Cap ETF,US46429B6149,300569817.54,United States,2012-02-08,0.74,-,Equity,Small Cap,Asia Pacific,USD,Emerging,-,India,-,5600000,No,-,Distributing,MSCI India Small Cap Index,53.673182,2022-08-11,2296.684906,No,Index,2022-06-30 00:00:00,-2.48,-8.07,-22.15,85.42,-8.45,2022-07-31 00:00:00,-5.67,30.75,16.11,4.19,8.66,2022-07-31 00:00:00,-12.5,-11.65,56.54,22.78,138.71,0,0,0.53384,-,-,-,-,-,-,-,239660.0,https://www.ishares.com/us/products/239660/ishares-msci-india-smallcap-etf
EXH4,iShares STOXX Europe 600 Industrial Goods & Services UCITS ETF (DE),DE000A0H08J9,243820124.76,Germany,2002-07-08,0.46,-,Equity,All Cap,Europe,EUR,Developed,Sectors,Broad,-,3637500,Yes,iShares (DE) I Investmentaktiengesellschaft mit TGV,Distributing,STOXX® Europe 600 Industrial Goods & Services,67.0296,2022-08-11,1308.2234732953,Yes,Index,2022-06-30 00:00:00,6.96336,4.24674,-5.449128,44.233736,-19.283901,2022-07-31 00:00:00,-10.900067,14.561036,8.161259,7.376019,7.869449,2022-07-31 00:00:00,-15.578983,-7.078589,26.536322,42.736977,357.066809,1.689521,0,0.15214,-,-,0,AA,8.0505,37.47,-,251948.0,https://www.ishares.com/de/privatanleger/de/produkte/251948/ishares-stoxx-europe-600-industrial-goods-services-ucits-etf-de-fund
IB01,iShares $ Treasury Bond 0-1yr UCITS ETF USD (Acc),IE00BGSF1X88,3754789599.85,Ireland,2019-02-20,0.07,-,Fixed Income,Government,North America,USD,Developed,-,United States,-,36792117,Yes,iShares plc,Accumulating,IDC US Treasury Short Term Index,102.054187,2022-08-11,106.912,Yes,Index,2022-06-30 00:00:00,-,-,1.898635,0.086081,-0.163203,2022-07-31 00:00:00,-0.087436,-0.017013,0.583958,-,0.836819,2022-07-31 00:00:00,-0.059237,-0.017287,1.762124,-,2.911976,0,0.38,0.28648,0.3712,2.64,-,A,5.8256,3.19,-,307243.0,https://www.ishares.com/uk/individual/en/products/307243/ishares-treasury-bond-0-1yr-ucits-etf
DSI,iShares MSCI KLD 400 Social ETF,US4642885705,3897803111.23,United States,2006-11-14,0.25,-,Equity,Large/Mid Cap,North America,USD,Developed,Sustainable,United States,-,48950000,No,-,Distributing,MSCI KLD 400 Social Index,79.628256,2022-08-11,2804.615911,Yes,Index,2022-06-30 00:00:00,14.72,10.1,9.79,41.86,-12.25,2022-07-31 00:00:00,-7.166457,-,13.345751,12.889982,9.026668,2022-07-31 00:00:00,-15.46482,-9.687528,45.618226,83.348357,288.800423,1.2085,0,0.29773,-,-,-,AA,8.4475,73,ESG Broad,239667.0,https://www.ishares.com/us/products/239667/ishares-msci-kld-400-social-etf
SCJ,iShares MSCI Japan Small-Cap ETF,US4642865822,64985502.02,United States,2007-12-20,0.5,-,Equity,Small Cap,Asia Pacific,USD,Developed,-,Japan,-,1000000,No,-,Distributing,MSCI Japan Small Cap Index,64.985502,2022-08-11,289.057463,Yes,Index,2022-06-30 00:00:00,13.88,-10.18,0.86,20.85,-21.51,2022-07-31 00:00:00,-17.21,1.43,-0.08,0.13,4.12,2022-07-31 00:00:00,-13.26,-9.13,-0.24,0.64,80.38,2.425,0,-1.00958,-,-,-,BBB,4.8968,147.34,-,239666.0,https://www.ishares.com/us/products/239666/ishares-msci-japan-smallcap-etf
EXH1,iShares STOXX Europe 600 Oil & Gas UCITS ETF (DE),DE000A0H08M3,1280429687.68,Germany,2002-07-08,0.46,-,Equity,All Cap,Europe,EUR,Developed,Sectors,Broad,-,37665974,Yes,iShares (DE) I Investmentaktiengesellschaft mit TGV,Distributing,STOXX® Europe 600 Oil & Gas,33.9943,2022-08-11,990.5347259169,Yes,Index,2022-06-30 00:00:00,25.747579,-1.790762,-31.842673,27.73839,24.362144,2022-07-31 00:00:00,36.881526,32.715444,4.903531,6.759866,3.359275,2022-07-31 00:00:00,20.59927,10.405511,15.443721,38.68839,94.028712,3.354456,0,0.24276,-,-,0,AAA,10,315.88,-,251954.0,https://www.ishares.com/de/privatanleger/de/produkte/251954/ishares-stoxx-europe-600-oil-gas-ucits-etf-de-fund
SLQD,iShares 0-5 Year Investment Grade Corporate Bond ETF,US46434V1008,3008469622.97,United States,2013-10-15,0.06,-,Fixed Income,Credit,North America,USD,Developed,Income,United States,-,61800000,No,-,Distributing,Markit iBoxx USD Liquid Investment Grade 0-5 Index,48.680738,2022-08-11,129.952139445881,No,Index,2022-06-30 00:00:00,0.32,5.64,5.01,1.61,-5.08,2022-07-31 00:00:00,-4.15,-1.48,0.82,1.59,1.72,2022-07-31 00:00:00,-3.34,-2.33,2.48,8.22,16.13,1.6506,2.66,2.97994,2.3677,3.93,-,AAA,9.2376,155.84,-,258098.0,https://www.ishares.com/us/products/258098/ishares-05-year-investment-grade-corporate-bond-etf
EWJ,iShares MSCI Japan ETF,US46434G8226,10132195413.08,United States,1996-03-12,0.5,-,Equity,Large/Mid Cap,Asia Pacific,USD,Developed,-,Japan,-,180150000,No,-,Distributing,MSCI Japan Index,56.243105,2022-08-11,6713.471775,Yes,Index,2022-06-30 00:00:00,10.13,-4.52,2.72,24.21,-20.01,2022-07-31 00:00:00,-14.55,3.53,2.67,2.24,0.94,2022-07-31 00:00:00,-15.59,-11.82,8.22,11.69,27.92,1.9989,0,-3.08722,-,-,-,AAA,8.8085,80.2,-,239665.0,https://www.ishares.com/us/products/239665/ishares-msci-japan-etf
EWI,iShares MSCI Italy ETF,US46434G8309,211464493.08,United States,1996-03-12,0.5,-,Equity,Large/Mid Cap,Europe,USD,Developed,-,Italy,-,8400000,No,-,Distributing,MSCI Italy 25/50 Index,25.174344,2022-08-11,1164.672596,Yes,Index,2022-06-30 00:00:00,8.67,-0.25,-11.73,37.78,-22.34,2022-07-31 00:00:00,-20.57,2.87,-0.58,-0.44,3.36,2022-07-31 00:00:00,-22.73,-21.8,-1.72,-2.2,139.09,6.7867,0,-0.00293,-,-,-,AA,8.2789,219.99,-,239664.0,https://www.ishares.com/us/products/239664/ishares-msci-italy-capped-etf
EXH6,iShares STOXX Europe 600 Media UCITS ETF (DE),DE000A0H08L5,9051637.49,Germany,2002-07-08,0.46,-,Equity,All Cap,Europe,EUR,Developed,Sectors,Broad,-,312500,Yes,iShares (DE) I Investmentaktiengesellschaft mit TGV,Distributing,STOXX® Europe 600 Media,28.9652,2022-08-11,721.2813077424,Yes,Index,2022-06-30 00:00:00,2.991238,6.508919,-15.277449,35.458148,-1.459621,2022-07-31 00:00:00,4.581121,27.056999,8.117714,7.321546,5.516647,2022-07-31 00:00:00,-7.209445,-1.744925,26.383555,42.375283,193.659997,16.286023,0,0.05761,-,-,-0.05,AAA,9.8958,8.09,-,251952.0,https://www.ishares.com/de/privatanleger/de/produkte/251952/ishares-stoxx-europe-600-media-ucits-etf-de-fund
EWN,iShares MSCI Netherlands ETF,US4642868149,366760712.8,United States,1996-03-12,0.5,-,Equity,All Cap,Europe,USD,Developed,-,Netherlands,-,9650000,No,-,Distributing,MSCI Netherlands IMI 25/50 Index,38.006291,2022-08-11,3784.267511,Yes,Index,2022-06-30 00:00:00,9,3.86,6.74,49.6,-26.96,2022-07-31 00:00:00,-22.6,7.03,8.22,6.25,6.14,2022-07-31 00:00:00,-23.38,-16.87,26.74,35.41,382.32,2.6534,0,-0.00314,-,-,-,AAA,10,60.79,-,239671.0,https://www.ishares.com/us/products/239671/ishares-msci-netherlands-etf
EXH8,iShares STOXX Europe 600 Retail UCITS ETF (DE),DE000A0H08P6,11459569.36,Germany,2002-07-08,0.46,-,Equity,All Cap,Europe,EUR,Developed,Sectors,Broad,-,365000,Yes,iShares (DE) I Investmentaktiengesellschaft mit TGV,Distributing,STOXX® Europe 600 Retail,31.3961,2022-08-11,700.2710205224,Yes,Index,2022-06-30 00:00:00,9.936012,-2.71521,8.105114,43.378846,-38.971349,2022-07-31 00:00:00,-30.355768,-1.046204,1.883476,2.801457,3.997492,2022-07-31 00:00:00,-27.710602,-24.046842,5.757519,14.814399,119.531896,2.967512,0,0.02054,-,-,-0.12,AAA,9.011,18.79,-,251959.0,https://www.ishares.com/de/privatanleger/de/produkte/251959/ishares-stoxx-europe-600-retail-ucits-etf-de-fund
EWW,iShares MSCI Mexico ETF,US4642868222,938817563.45,United States,1996-03-12,0.5,-,Equity,All Cap,Latin America,USD,Emerging,-,Mexico,-,19600000,No,-,Distributing,MSCI Mexico IMI 25/50 Index,47.898855,2022-08-11,7727.108492,Yes,Index,2022-06-30 00:00:00,-9.97,-6.3,-25.83,54.25,-0.26,2022-07-31 00:00:00,-1.81,22.51,5.96,-1.37,8.06,2022-07-31 00:00:00,-6.41,-2.12,18.98,-6.68,673.5,3.3062,0,0.25549,-,-,-,BB,3.137,245.06,-,239670.0,https://www.ishares.com/us/products/239670/ishares-msci-mexico-capped-etf
EXI5,iShares STOXX Europe 600 Real Estate UCITS ETF (DE),DE000A0Q4R44,81298395.1,Germany,2006-09-19,0.46,-,Real Estate,Real Estate Securities,Europe,EUR,Developed,"Alternatives, Sectors",Broad,-,5036750,Yes,iShares (DE) I Investmentaktiengesellschaft mit TGV,Distributing,STOXX Europe 600 Real Estate,16.141,2022-08-11,296.2738815269,Yes,Index,2022-06-30 00:00:00,7.135717,-4.273692,-6.021718,22.344934,-24.242711,2022-07-31 00:00:00,-19.358114,1.875145,-0.757398,0.50734,0.580524,2022-07-31 00:00:00,-20.57625,-17.389923,-2.255028,2.562572,9.617556,1.347872,0,0.01999,-,-,0,AAA,10,67.35,-,251958.0,https://www.ishares.com/de/privatanleger/de/produkte/251958/ishares-stoxx-europe-600-real-estate-ucits-etf-de-fund
EWM,iShares MSCI Malaysia ETF,US46434G8143,235914763.9,United States,1996-03-12,0.5,-,Equity,Large/Mid Cap,Asia Pacific,USD,Emerging,-,Malaysia,-,10425000,No,-,Distributing,MSCI Malaysia Index,22.629714,2022-08-11,330.540027,Yes,Index,2022-06-30 00:00:00,5.2,-1.15,-11.73,3.77,-9.64,2022-07-31 00:00:00,-3.54,-5.8,-4.67,-2.5,1.01,2022-07-31 00:00:00,-9.06,-5.81,-13.38,-11.91,30.47,4.2468,0,0.02373,-,-,-,A,7.0062,617.34,-,239669.0,https://www.ishares.com/us/products/239669/ishares-msci-malaysia-etf
TOK,iShares MSCI Kokusai ETF,US4642882652,170511066.01,United States,2007-12-10,0.25,-,Equity,Large/Mid Cap,Global,USD,Developed,-,Broad,-,1950000,No,BlackRock Fund Advisors,Distributing,MSCI Kokusai Index,87.441572,2022-08-11,9854.296876,Yes,Index,2022-06-30 00:00:00,11.36,7.57,2.99,40.46,-13.62,2022-07-31 00:00:00,-8.46,11.58,10.35,9.57,6.25,2022-07-31 00:00:00,-13.77,-9.2,34.38,57.93,143.06,5.494,0,0.17718,-,-,-,AAA,8.7343,151.73,-,239668.0,https://www.ishares.com/us/products/239668/ishares-msci-kokusai-etf
EXH7,iShares STOXX Europe 600 Personal & Household Goods UCITS ETF (DE),DE000A0H08N1,90932482.36,Germany,2002-07-08,0.46,-,Equity,All Cap,Europe,EUR,Developed,Sectors,Broad,-,934100,Yes,iShares (DE) I Investmentaktiengesellschaft mit TGV,Distributing,STOXX® Europe 600 Personal & Household Goods,97.3477,2022-08-11,2195.9416745715,Yes,Index,2022-06-30 00:00:00,-2.261864,5.582503,1.497714,28.85253,-12.237732,2022-07-31 00:00:00,-3.141868,12.969254,7.595749,6.042481,8.994663,2022-07-31 00:00:00,-7.587664,-3.564438,24.561933,34.090929,462.847235,2.321491,0,0.29172,-,-,0,AAA,9.0878,13.68,-,251956.0,https://www.ishares.com/de/privatanleger/de/produkte/251956/ishares-stoxx-europe-600-personal-household-goods-ucits-etf-de-fund
SHYG,iShares 0-5 Year High Yield Corporate Bond ETF,US46434V4077,5106334863.77,United States,2013-10-15,0.3,-,Fixed Income,High Yield,North America,USD,Developed,Income,United States,-,120500000,No,-,Distributing,Markit iBoxx USD Liquid High Yield 0-5 Index,42.376223,2022-08-11,177.687454853396,No,Index,2022-06-30 00:00:00,3.19,5.82,-3.19,13.23,-7.88,2022-07-31 00:00:00,-3.43,2.69,1.76,2.75,3.23,2022-07-31 00:00:00,-4.57,-3.13,5.36,14.55,32.25,5.4328,2.98,6.20351,2.43253,7.34,-,BBB,4.6005,307.97,-,258100.0,https://www.ishares.com/us/products/258100/ishares-05-year-high-yield-corporate-bond-etf
EPHE,iShares MSCI Philippines ETF,US46429B4086,109141823.28,United States,2010-09-28,0.57,-,Equity,All Cap,Asia Pacific,USD,Emerging,-,Philippines,-,4000000,No,-,Distributing,MSCI Philippines IMI 25/50 Index,27.285456,2022-08-11,4360.682725,Yes,Index,2022-06-30 00:00:00,-15.55,18.23,-22.84,14.52,-17.22,2022-07-31 00:00:00,-5.1,0.35,-9.25,-5.93,1.22,2022-07-31 00:00:00,-16.5,-19.2,-25.27,-26.34,15.45,2.6034,0,0.08321,-,-,-,BB,3.3196,626.79,-,239675.0,https://www.ishares.com/us/products/239675/ishares-msci-philippines-etf
EXV2,iShares STOXX Europe 600 Telecommunications UCITS ETF (DE),DE000A0H08R2,200695807.31,Germany,2001-04-25,0.46,-,Equity,All Cap,Europe,EUR,Developed,Sectors,Broad,-,9441000,Yes,iShares (DE) I Investmentaktiengesellschaft mit TGV,Distributing,STOXX® Europe 600 Telecommunications,21.2579,2022-08-11,683.1587642024,Yes,Index,2022-06-30 00:00:00,-10.092826,0.52456,-7.748551,14.784406,1.015998,2022-07-31 00:00:00,0.806732,10.518088,1.778475,-1.308023,0.7568,2022-07-31 00:00:00,1.514857,-1.80825,5.430878,-6.371244,17.388557,2.370206,0,0.08391,-,-,-0.02,AA,8.2153,33.95,-,251963.0,https://www.ishares.com/de/privatanleger/de/produkte/251963/ishares-stoxx-europe-600-telecommunications-ucits-etf-de-fund
EPP,iShares MSCI Pacific ex Japan ETF,US4642866655,2272621813.2,United States,2001-10-25,0.47,-,Equity,Large/Mid Cap,Asia Pacific,USD,Developed,-,Broad,-,51600000,No,-,Distributing,MSCI Pacific ex-Japan Index,44.043058,2022-08-11,7196.771952,Yes,Index,2022-06-30 00:00:00,8.25,7.6,-13.12,33.48,-14.62,2022-07-31 00:00:00,-9.9,7.54,1.25,2.85,8.73,2022-07-31 00:00:00,-7.05,-2.05,3.8,15.08,468.89,6.0719,0,0.06926,-,-,-,AAA,9.7661,223.85,-,239674.0,https://www.ishares.com/us/products/239674/ishares-msci-pacific-ex-japan-etf
ENOR,iShares MSCI Norway ETF,US46429B4995,35596023.45,United States,2012-01-23,0.53,-,Equity,All Cap,Europe,USD,Developed,-,Norway,-,1300000,No,-,Distributing,MSCI Norway IMI 25/50 Index,27.381557,2022-08-11,6192.557446,Yes,Index,2022-06-30 00:00:00,28.94,-8.46,-21.75,55.28,-9.68,2022-07-31 00:00:00,-0.79,17.63,7.31,4.75,3.37,2022-07-31 00:00:00,-5.75,-3.3,23.58,26.11,41.76,5.2402,0,0.46556,-,-,-,AAA,9.3201,238.75,-,239673.0,https://www.ishares.com/us/products/239673/ishares-msci-norway-capped-etf
EXV3,iShares STOXX Europe 600 Technology UCITS ETF (DE) EUR (Dist),DE000A0H08Q4,192208064.79,Germany,2001-04-25,0.46,-,Equity,All Cap,Europe,EUR,Developed,Sectors,Broad,-,3201111,Yes,iShares (DE) I Investmentaktiengesellschaft mit TGV,Distributing,STOXX® Europe 600 Technology,60.0442,2022-08-11,965.4819829717,Yes,Index,2022-06-30 00:00:00,14.476723,5.381445,15.045196,29.37162,-24.048059,2022-07-31 00:00:00,-18.095632,5.480183,8.382232,8.815165,1.835161,2022-07-31 00:00:00,-23.075229,-12.49846,27.313444,52.562263,47.209872,0.407966,0,0.1983,-,-,0,AAA,10,16.28,-,251961.0,https://www.ishares.com/de/privatanleger/de/produkte/251961/ishares-stoxx-europe-600-technology-ucits-etf-de-fund
ENZL,iShares MSCI New Zealand ETF,US4642891232,127245386.77,United States,2010-09-01,0.5,-,Equity,All Cap,Asia Pacific,USD,Developed,-,New Zealand,-,2550000,No,-,Distributing,MSCI New Zealand IMI 25/50 Index,49.900152,2022-08-11,9505.801824,Yes,Index,2022-06-30 00:00:00,8.26,15.01,7.5,11.22,-24.78,2022-07-31 00:00:00,-19.15,-8.17,-2.07,2.98,9.71,2022-07-31 00:00:00,-18.47,-7.14,-6.09,15.83,201.56,2.3524,0,0.00772,-,-,-,AA,7.4936,116.54,-,239672.0,https://www.ishares.com/us/products/239672/ishares-msci-new-zealand-capped-etf
EWJV,iShares MSCI Japan Value ETF,US46435U3749,83336537.83,United States,2019-03-05,0.15,-,Equity,Large/Mid Cap,Asia Pacific,USD,Developed,-,Japan,-,3400000,No,BlackRock Fund Advisors,Distributing,MSCI Japan Value Index (USD),24.510746,2022-08-11,8326.326982,No,Index,2022-06-30 00:00:00,-,-,-6.11,28.35,-11.94,2022-07-31 00:00:00,-7.56,10.55,3.66,-,3.07,2022-07-31 00:00:00,-6.32,-8.81,11.39,-,10.85,3.3301,0,0.13314,-,-,-,AAA,8.6728,105.85,-,307263.0,https://www.ishares.com/us/products/307263/ishares-msci-japan-value-etf
EXH9,iShares STOXX Europe 600 Utilities UCITS ETF (DE),DE000A0Q4R02,274845280.25,Germany,2002-07-08,0.46,-,Equity,All Cap,Europe,EUR,Developed,Sectors,Broad,-,7088864,Yes,iShares (DE) I Investmentaktiengesellschaft mit TGV,Distributing,STOXX® Europe 600 Utilities,38.7714,2022-08-11,1246.8567588275,Yes,Index,2022-06-30 00:00:00,4.053462,15.004456,12.398725,11.19715,-2.416907,2022-07-31 00:00:00,3.776204,6.91797,9.402596,9.555281,6.304672,2022-07-31 00:00:00,-3.518656,-1.719747,30.94318,57.821652,240.933486,3.352567,0,0.1406,-,-,0,AAA,9.3681,620.1,-,251967.0,https://www.ishares.com/de/privatanleger/de/produkte/251967/ishares-stoxx-europe-600-utilities-ucits-etf-de-fund
EWS,iShares MSCI Singapore ETF,US46434G7806,622801689.58,United States,1996-03-12,0.5,-,Equity,Large/Mid Cap,Asia Pacific,USD,Developed,-,Singapore,-,31550000,No,-,Distributing,MSCI Singapore 25/50 Index,19.740149,2022-08-11,5207.330905,Yes,Index,2022-06-30 00:00:00,6.05,6.86,-21.04,27.87,-19.24,2022-07-31 00:00:00,-15.15,4.22,-4.5,-1.47,2.23,2022-07-31 00:00:00,-11.44,-10.4,-12.89,-7.13,78.88,3.0388,0,0.08546,-,-,-,A,6.5708,89.74,-,239678.0,https://www.ishares.com/us/products/239678/ishares-msci-singapore-capped-etf
EXV9,iShares STOXX Europe 600 Travel & Leisure UCITS ETF (DE),DE000A0H08S0,184973895.06,Germany,2002-07-08,0.46,-,Equity,All Cap,Europe,EUR,Developed,Sectors,Broad,-,10300000,Yes,iShares (DE) I Investmentaktiengesellschaft mit TGV,Distributing,STOXX® Europe 600 Travel & Leisure,17.9586,2022-08-11,392.6312513214,Yes,Index,2022-06-30 00:00:00,0.925962,-8.679252,-27.39217,53.80552,-31.367404,2022-07-31 00:00:00,-26.527714,7.685015,-7.398723,-4.688544,3.574433,2022-07-31 00:00:00,-19.557288,-18.779228,-20.594438,-21.345148,102.294189,0.166533,0,0.04623,-,-,0,BBB,4.8668,375.87,-,251965.0,https://www.ishares.com/de/privatanleger/de/produkte/251965/ishares-stoxx-europe-600-travel-leisure-ucits-etf-de-fund
EPOL,iShares MSCI Poland ETF,US46429B6065,156142731.56,United States,2010-05-25,0.57,-,Equity,All Cap,Europe,USD,Emerging,-,Poland,-,10650000,No,-,Distributing,MSCI Poland IMI 25/50 Index,14.661289,2022-08-11,2152.342957,Yes,Index,2022-06-30 00:00:00,-8.56,10.31,-27.19,29.9,-30.79,2022-07-31 00:00:00,-32.66,-8.43,-12.22,-9.34,-1.57,2022-07-31 00:00:00,-31.48,-29.28,-32.36,-38.75,-17.51,2.0036,0,1.26619,-,-,-,A,6.5954,614.98,-,239676.0,https://www.ishares.com/us/products/239676/ishares-msci-poland-capped-etf
EWP,iShares MSCI Spain ETF,US4642867646,450662091.62,United States,1996-03-12,0.5,-,Equity,Large/Mid Cap,Europe,USD,Developed,-,Spain,-,19050000,No,-,Distributing,MSCI Spain 25/50 Index,23.656803,2022-08-11,2046.06385,Yes,Index,2022-06-30 00:00:00,-3.38,-1.85,-20.17,30.53,-14.97,2022-07-31 00:00:00,-14.59,3.69,-2.98,-4.6,5.73,2022-07-31 00:00:00,-11.86,-12.02,-8.67,-21,335.46,3.3365,0,-0.11424,-,-,-,AAA,9.3848,146.36,-,239683.0,https://www.ishares.com/us/products/239683/ishares-msci-spain-capped-etf
EXSH,iShares STOXX Europe Select Dividend 30 UCITS ETF (DE),DE0002635299,444650357.29,Germany,2005-05-03,0.31,-,Equity,All Cap,Europe,EUR,Developed,Equity Income,Broad,-,26636084,No,BlackRock Asset Management Deutschland AG,Distributing,STOXX® Europe Select Dividend 30,16.6935,2022-08-11,5320.1383150228,Yes,Index,2022-06-30 00:00:00,4.173024,2.882342,-11.725619,37.205494,-9.705199,2022-07-31 00:00:00,-6.267013,15.762881,4.640516,4.590849,3.384848,2022-07-31 00:00:00,-10.49587,-11.666011,14.577572,25.160834,77.525566,6.369851,0,0.10222,-,-,0,AAA,10,310.31,-,251971.0,https://www.ishares.com/de/privatanleger/de/produkte/251971/ishares-stoxx-europe-select-dividend-30-ucits-etf-de-fund
EXSD,iShares STOXX Europe Mid 200 UCITS ETF (DE),DE0005933998,216224685.84,Germany,2005-04-04,0.2,-,Equity,Mid Cap,Europe,EUR,Developed,-,Broad,-,4423500,No,BlackRock Asset Management Deutschland AG,Distributing,STOXX® Europe Mid 200,48.8809,2022-08-11,1051.7442094465,Yes,Index,2022-06-30 00:00:00,10.11262,-1.908128,-5.469606,35.388325,-17.507707,2022-07-31 00:00:00,-13.045685,10.138879,4.516413,4.170074,7.183744,2022-07-31 00:00:00,-14.50688,-9.98253,14.170392,22.663359,232.582866,2.71193,0,0.03441,-,-,0,AAA,9.4877,133.17,-,251970.0,https://www.ishares.com/de/privatanleger/de/produkte/251970/ishares-stoxx-europe-mid-200-ucits-etf-de-fund
ERNE,iShares € Ultrashort Bond UCITS ETF EUR (Dist),IE00BCRY6557,3385586911.57,Ireland,2013-10-16,0.09,-,Fixed Income,Credit,Europe,EUR,Developed,-,Broad,-,34087991,Yes,iShares IV plc,Distributing,Markit iBoxx EUR Liquid Investment Grade Ultrashort Index,99.31905,2022-08-11,100.406485076463,Yes,Index,2022-06-30 00:00:00,-0.296754,-0.012542,-0.307068,0.218117,-0.788083,2022-07-31 00:00:00,-0.693526,-0.338,-0.280182,-0.224421,-0.010727,2022-07-31 00:00:00,-0.50329,-0.462844,-0.838194,-1.117079,-0.094242,0,0.62,1.27229,0.4132,1.05,2.47,AAA,9.4279,110.35,-,258114.0,https://www.ishares.com/uk/individual/en/products/258114/ishares-euro-ultrashort-bond-ucits-etf
EWY,iShares MSCI South Korea ETF,US4642867729,3100261211.18,United States,2000-05-09,0.57,-,Equity,Large/Mid Cap,Asia Pacific,USD,Emerging,-,South Korea,-,50250000,No,-,Distributing,MSCI Korea 25/50 Index,61.696741,2022-08-11,10794.400389,Yes,Index,2022-06-30 00:00:00,2.94,-10.31,-2.92,65.73,-37.03,2022-07-31 00:00:00,-30.07,1.3,4.29,-0.99,6.21,2022-07-31 00:00:00,-22.57,-16.18,13.44,-4.84,281.33,2.7774,0,2.37415,-,-,-,A,5.7222,191.28,-,239681.0,https://www.ishares.com/us/products/239681/ishares-msci-south-korea-capped-etf
EXSC,iShares STOXX Europe Large 200 UCITS ETF (DE),DE0005933980,77994631.93,Germany,2005-04-04,0.2,-,Equity,Large Cap,Europe,EUR,Developed,-,Broad,-,1750000,No,BlackRock Asset Management Deutschland AG,Distributing,STOXX® Europe Large 200,44.5684,2022-08-11,1058.1010235244,Yes,Index,2022-06-30 00:00:00,1.269578,6.189964,-4.061082,26.586283,-4.457339,2022-07-31 00:00:00,0.876915,14.753667,7.527423,6.193638,5.855826,2022-07-31 00:00:00,-6.248291,-3.037139,24.324785,35.049349,167.987578,2.890196,0,0.06466,-,-,0,AAA,9.3316,135.75,-,251969.0,https://www.ishares.com/de/privatanleger/de/produkte/251969/ishares-stoxx-europe-large-200-ucits-etf-de-fund
EZA,iShares MSCI South Africa ETF,US4642867802,330048448.64,United States,2003-02-03,0.57,-,Equity,Large/Mid Cap,Middle East and Africa,USD,Emerging,-,South Africa,-,7300000,No,-,Distributing,MSCI South Africa 25/50 Index,45.212116,2022-08-11,6840.174087,Yes,Index,2022-06-30 00:00:00,4.18,-0.7,-27.35,45.49,-10.97,2022-07-31 00:00:00,-10.11,10.21,-0.92,-1.81,7.74,2022-07-31 00:00:00,-7.33,-13.87,-2.74,-8.71,327.46,4.8564,0,1.4972,-,-,-,AAA,10,451.66,-,239680.0,https://www.ishares.com/us/products/239680/ishares-msci-south-africa-etf
EXS2,iShares TecDAX® UCITS ETF (DE) EUR (Acc),DE0005933972,799197414.29,Germany,2001-04-06,0.51,-,Equity,Large Cap,Europe,EUR,Developed,-,Germany,-,27857070,No,BlackRock Asset Management Deutschland AG,Accumulating,TecDAX®,28.6892,2022-08-11,1723.26,Yes,Index,2022-06-30 00:00:00,22.441041,6.261857,2.065709,19.976255,-19.553733,2022-07-31 00:00:00,-15.647889,1.347054,1.713635,6.104428,3.509566,2022-07-31 00:00:00,-20.614015,-9.966747,5.229505,34.483047,108.609491,0.035905,0,0,-,-,0,AA,8.4782,29.21,-,251975.0,https://www.ishares.com/de/privatanleger/de/produkte/251975/ishares-tecdax-ucits-etf-de-fund
EWT,iShares MSCI Taiwan ETF,US46434G7723,4255518391.32,United States,2000-06-20,0.57,-,Equity,Large/Mid Cap,Asia Pacific,USD,Emerging,-,Taiwan,-,80700000,No,-,Distributing,MSCI Taiwan 25/50 Index,52.73257,2022-08-11,3691.027814,Yes,Index,2022-06-30 00:00:00,3.4,0.1,18.1,62.41,-18.96,2022-07-31 00:00:00,-16.25,9.6,15.6,9.84,3.65,2022-07-31 00:00:00,-22.51,-21.08,54.48,59.9,120.83,2.7079,0,0.55298,-,-,-,A,6.0728,215.27,-,239686.0,https://www.ishares.com/us/products/239686/ishares-msci-taiwan-etf
EMES,iShares J.P. Morgan ESG $ EM Bond UCITS ETF USD (Dist),IE00BDDRDW15,203557600.97,Ireland,2018-09-24,0.45,-,Fixed Income,Government,Global,USD,Emerging,Sustainable,Broad,-,48121684,Yes,iShares II plc,Distributing,JP Morgan ESG EMBI Global Diversified index,4.230059,2022-08-11,120.148826,Yes,Index,2022-06-30 00:00:00,-,-,1.723258,6.404483,-21.72651,2022-07-31 00:00:00,-19.600049,-9.15274,-4.810334,-,-0.944814,2022-07-31 00:00:00,-18.042474,-15.359047,-13.747952,-,-3.588846,4.555492,12.5,4.48559,7.57398,6.73,-,BB,3.9463,602.1,ESG Broad,305217.0,https://www.ishares.com/uk/individual/en/products/305217/ishares-jp-morgan-advanced-em-bond-ucits-etf
EWL,iShares MSCI Switzerland ETF,US4642867497,1455025159.13,United States,1996-03-12,0.5,-,Equity,Large/Mid Cap,Europe,USD,Developed,-,Switzerland,-,33250000,No,-,Distributing,MSCI Switzerland 25/50 Index,43.760155,2022-08-11,4647.960464,Yes,Index,2022-06-30 00:00:00,-2.01,17.54,5.15,27.07,-12.89,2022-07-31 00:00:00,-11.71,5.28,7.15,6.82,7.04,2022-07-31 00:00:00,-15.88,-10.08,23.02,39.1,502.11,4.046,0,0.01523,-,-,-,AAA,9.1872,110.57,-,239685.0,https://www.ishares.com/us/products/239685/ishares-msci-switzerland-capped-etf
ISPA,iShares STOXX Global Select Dividend 100 UCITS ETF (DE),DE000A0F5UH1,1997827165.23,Germany,2009-09-25,0.46,-,Equity,All Cap,Global,EUR,Developed,Equity Income,Broad,-,67767864,No,iShares (DE) I Investmentaktiengesellschaft mit TGV,Distributing,STOXX® Global Select Dividend 100 Index,29.4805,2022-08-11,8245.8372942499,Yes,Index,2022-06-30 00:00:00,1.654146,7.87866,-15.308843,34.959504,0.196175,2022-07-31 00:00:00,5.932889,21.45913,6.325089,6.095312,9.267036,2022-07-31 00:00:00,0.391856,-1.742196,20.200773,34.42529,212.232998,4.574597,0,0.13398,-,-,0,AAA,9.1933,378.17,-,251973.0,https://www.ishares.com/de/privatanleger/de/produkte/251973/ishares-stoxx-global-select-dividend-100-ucits-etf-de-fund
ERND,iShares $ Ultrashort Bond UCITS ETF USD (Dist),IE00BCRY6227,365777582.01,Ireland,2013-10-15,0.09,-,Fixed Income,Credit,North America,USD,Developed,-,United States,-,3682791,Yes,iShares IV plc,Distributing, Markit iBoxx USD Liquid Investment Grade Ultrashort Index,99.320754,2022-08-11,111.660298672773,Yes,Index,2022-06-30 00:00:00,1.648842,2.98563,2.172266,0.589546,-0.251211,2022-07-31 00:00:00,-0.083018,0.181889,0.82809,1.433547,1.137309,2022-07-31 00:00:00,-0.034237,0.032508,2.504899,7.376209,10.453462,0.57118,0.7,2.84402,0.35771,3.55,1.96,AAA,9.135,151.64,-,258117.0,https://www.ishares.com/uk/individual/en/products/258117/ishares-ultrashort-bond-ucits-etf
EMSA,iShares J.P. Morgan ESG $ EM Bond UCITS ETF USD (Acc),IE00BF553838,1139449981.08,Ireland,2018-09-24,0.45,-,Fixed Income,Government,Global,USD,Emerging,Sustainable,Broad,-,232074641,Yes,iShares II plc,Accumulating,JP Morgan ESG EMBI Global Diversified index,4.909842,2022-08-11,120.148826,Yes,Index,2022-06-30 00:00:00,-,-,1.722861,6.404662,-21.725002,2022-07-31 00:00:00,-19.598487,-9.151779,-4.809795,-,-0.944627,2022-07-31 00:00:00,-18.041325,-15.357393,-13.746489,-,-3.588145,-,12.5,4.48559,7.57398,6.73,-,BB,3.9463,602.1,ESG Broad,305218.0,https://www.ishares.com/uk/individual/en/products/305218/ishares-jp-morgan-advanced-em-bond-ucits-etf
EWD,iShares MSCI Sweden ETF,US4642867562,482661661.36,United States,1996-03-12,0.54,-,Equity,Large/Mid Cap,Europe,USD,Developed,-,Sweden,-,14250000,No,-,Distributing,MSCI Sweden 25/50 Index,33.870994,2022-08-11,5107.776538,Yes,Index,2022-06-30 00:00:00,-3.74,3.94,1.84,53.75,-30.13,2022-07-31 00:00:00,-25.52,4.57,8.56,3.85,7.76,2022-07-31 00:00:00,-24.79,-17.41,27.94,20.79,618.5,6.6279,0,-2.42533,-,-,-,AA,8.5037,22.92,-,239684.0,https://www.ishares.com/us/products/239684/ishares-msci-sweden-etf
EXSE,iShares STOXX Europe Small 200 UCITS ETF (DE),DE000A0D8QZ7,443011100.82,Germany,2005-04-04,0.2,-,Equity,Small Cap,Europe,EUR,Developed,-,Broad,-,13924500,No,BlackRock Asset Management Deutschland AG,Distributing,STOXX® Europe Small 200,31.8152,2022-08-11,675.9058184367,Yes,Index,2022-06-30 00:00:00,8.27764,0.194821,-3.992978,38.822882,-19.437893,2022-07-31 00:00:00,-15.00355,9.942968,5.505563,4.85225,7.43239,2022-07-31 00:00:00,-17.092293,-10.577493,17.442714,26.732727,246.203515,2.0232,0,0.01959,-,-,0,AA,8.396,100,-,251972.0,https://www.ishares.com/de/privatanleger/de/produkte/251972/ishares-stoxx-europe-small-200-ucits-etf-de-fund
EWUS,iShares MSCI United Kingdom Small-Cap ETF,US46429B4169,53135238.28,United States,2012-01-25,0.59,-,Equity,Small Cap,Europe,USD,Developed,-,United Kingdom,-,1550000,No,-,Distributing,MSCI United Kingdom Small Cap Index,34.280799,2022-08-11,427.133672,Yes,Index,2022-06-30 00:00:00,15.82,-9.69,-14.49,49.94,-29.56,2022-07-31 00:00:00,-25.77,4.63,0.3,-0.4,5.81,2022-07-31 00:00:00,-24.75,-18.46,0.9,-1.98,81.1,2.8986,0,0.0497,-,-,-,AA,8.3903,124.03,-,239691.0,https://www.ishares.com/us/products/239691/ishares-msci-united-kingdom-smallcap-etf
IGB,iShares Treasury ETF,AU000000IGB1,345619564.18,Australia,2012-03-12,-,0.18,Fixed Income,Government,Asia Pacific,AUD,Developed,Income,Australia,-,3517107,No,-,-,Bloomberg AusBond Treasury Index,98.26814,2022-08-12,9872.16524,No,Index,2022-06-30 00:00:00,2.709413,10.696221,3.976399,-2.057164,-10.930989,2022-07-31 00:00:00,-9.579242,-5.113294,-2.382059,1.301002,2.756182,2022-07-31 00:00:00,-6.695356,-5.717831,-6.977301,6.676486,32.61907,0.607637,6.84,2.40927,5.89298,3.14,4.2,AA,7.2134,-,-,251979.0,https://www.blackrock.com/au/products/251979/ishares-ubs-treasury-fund
EWU,iShares MSCI United Kingdom ETF,US46435G3341,3545155535.4,United States,1996-03-12,0.5,-,Equity,Large/Mid Cap,Europe,USD,Developed,-,United Kingdom,-,114200000,No,-,Distributing,MSCI United Kingdom Index,31.043393,2022-08-11,6974.853148,Yes,Index,2022-06-30 00:00:00,9.45,-2.57,-18.19,30.9,-4.31,2022-07-31 00:00:00,-1.42,13.1,2.63,1.99,4.72,2022-07-31 00:00:00,-5.45,-7.21,8.08,10.33,237.56,3.8537,0,0.12817,-,-,-,AAA,10,106.81,-,239690.0,https://www.ishares.com/us/products/239690/ishares-msci-united-kingdom-etf
ILB,iShares Government Inflation ETF,AU000000ILB1,529245471.72,Australia,2012-03-12,-,0.18,Fixed Income,Inflation,Asia Pacific,AUD,Developed,Income,Australia,-,4409387,No,-,-,Bloomberg AusBond Inflation Government Index,120.026995,2022-08-12,7474.85031,No,Index,2022-06-30 00:00:00,3.77954,8.474989,2.465397,4.457058,-10.714845,2022-07-31 00:00:00,-8.805843,-2.708719,-0.474601,2.457466,3.209303,2022-07-31 00:00:00,-8.042905,-6.900582,-1.417056,12.906269,38.818501,0.813988,9.44,1.83447,8.34302,3.29,1.82,AA,7.1792,-,-,251978.0,https://www.blackrock.com/au/products/251978/ishares-government-inflation-etf
TUR,iShares MSCI Turkey ETF,US4642867158,273479475.34,United States,2008-03-26,0.57,-,Equity,All Cap,Europe,USD,Emerging,-,Turkey,-,13100000,No,-,Distributing,MSCI Turkey IMI 25/50 Index,20.876296,2022-08-11,4547.053028,Yes,Index,2022-06-30 00:00:00,-24.58,-18.51,-0.36,-7.64,-6.44,2022-07-31 00:00:00,-11.06,-3.7,-7.58,-12.93,-4.2,2022-07-31 00:00:00,5.35,-3.5,-21.05,-49.97,-45.97,5.9229,0,1.42861,-,-,-,BB,3.6407,946.88,-,239689.0,https://www.ishares.com/us/products/239689/ishares-msci-turkey-etf
IAF,iShares Core Composite Bond ETF,AU000000IAF5,1724252887.95,Australia,2012-03-12,-,0.15,Fixed Income,Multi Sectors,Asia Pacific,AUD,Developed,"Income, Core ETFs",Australia,-,17172134,No,-,-,Bloomberg AusBond Composite Index,100.409937,2022-08-12,9529.24923,No,Index,2022-06-30 00:00:00,2.893,9.376504,4.030894,-1.022121,-10.681143,2022-07-31 00:00:00,-9.296523,-4.595124,-1.997892,1.304325,3.109459,2022-07-31 00:00:00,-6.55725,-5.583506,-5.874725,6.693986,37.430414,1.557569,6.19,2.63355,5.37722,3.41,4.53,AA,7.7376,54.74,-,251977.0,https://www.blackrock.com/au/products/251977/ishares-core-composite-bond-etf
THD,iShares MSCI Thailand ETF,US4642866242,341618366.71,United States,2008-03-26,0.57,-,Equity,All Cap,Asia Pacific,USD,Emerging,-,Thailand,-,4750000,No,-,Distributing,MSCI Thailand IMI 25/50 Index,71.919656,2022-08-11,6677.639237,Yes,Index,2022-06-30 00:00:00,7.9,18.91,-23.55,12.08,-8.82,2022-07-31 00:00:00,-4.26,1.23,-7.82,-0.73,4.86,2022-07-31 00:00:00,-9.88,-10.2,-21.67,-3.58,97.65,3.7423,0,0.03108,-,-,-,A,6.5137,829.98,-,239688.0,https://www.ishares.com/us/products/239688/ishares-msci-thailand-capped-etf
ERNS,iShares £ Ultrashort Bond UCITS ETF GBP (Dist),IE00BCRY6441,685032554.43,Ireland,2013-10-16,0.09,-,Fixed Income,Credit,Europe,GBP,Developed,-,United Kingdom,-,6835671,Yes,iShares IV plc,Distributing,Markit iBoxx GBP Liquid Investment Grade Ultrashort Index,100.214383,2022-08-11,106.751786946201,Yes,Index,2022-06-30 00:00:00,0.54995,1.062734,0.964384,0.523035,0.088464,2022-07-31 00:00:00,0.198943,0.311792,0.525811,0.65276,0.685124,2022-07-31 00:00:00,0.166128,0.271952,1.585743,3.306687,6.184655,0.388467,0.92,2.08666,0.22377,2.46,2.39,AAA,10,22.57,-,258120.0,https://www.ishares.com/uk/individual/en/products/258120/ishares-ultrashort-bond-ucits-etf
USMV,iShares MSCI USA Min Vol Factor ETF,US46429B6974,28655579422.29,United States,2011-10-18,0.15,-,Equity,Large/Mid Cap,North America,USD,Developed,"Factors, Minimum Volatility, Edge",United States,-,383700000,No,-,Distributing,MSCI USA Minimum Volatility (USD) Index,74.68225,2022-08-11,5932.99165,No,Index,2022-06-30 00:00:00,10.72,18.56,0.36,23.42,-3.37,2022-07-31 00:00:00,-1.850968,-,7.369801,10.114691,12.574612,2022-07-31 00:00:00,-8.182069,-2.415323,23.778851,61.892345,258.916324,1.4975,0,0.22376,-,-,-,AAA,9.2277,305.69,-,239695.0,https://www.ishares.com/us/products/239695/ishares-msci-usa-minimum-volatility-etf
SDIG,iShares $ Short Duration Corp Bond UCITS ETF USD (Dist),IE00BCRY5Y77,2401348586.35,Ireland,2013-10-16,0.2,-,Fixed Income,Credit,North America,USD,Developed,-,United States,-,24547431,Yes,iShares IV plc,Distributing,Markit iBoxx USD Liquid Investment Grade 0-5 Index,97.824843,2022-08-11,129.952139445881,Yes,Index,2022-06-30 00:00:00,0.15356,5.508407,4.752357,1.45952,-5.173119,2022-07-31 00:00:00,-4.268365,-1.616911,0.652281,1.432991,1.603633,2022-07-31 00:00:00,-3.442839,-2.416348,1.969636,7.373266,15.012151,1.540508,2.62,2.96758,2.32842,3.92,3.04,AAA,9.2744,147.37,-,258126.0,https://www.ishares.com/uk/individual/en/products/258126/ishares-short-duration-corporate-bond-ucits-etf
EUSA,iShares MSCI USA Equal Weighted ETF,US4642866812,437073315.68,United States,2010-05-05,0.09,-,Equity,Large/Mid Cap,North America,USD,Developed,Smart Beta,United States,-,5500000,No,-,Distributing,MSCI USA Equal Weighted Index,79.467876,2022-08-11,7425.779996,Yes,Index,2022-06-30 00:00:00,12.31,7.4,-1.88,49.87,-15.31,2022-07-31 00:00:00,-8.976384,-,10.293663,10.020554,11.620112,2022-07-31 00:00:00,-13.53367,-8.120069,34.168845,61.201525,284.07848,1.7789,0,0.17545,-,-,-,AA,7.8832,212.6,-,239693.0,https://www.ishares.com/us/products/239693/ishares-msci-usa-etf
SUSA,iShares MSCI USA ESG Select ETF,US4642888022,3591148886.83,United States,2005-01-24,0.25,-,Equity,Large/Mid Cap,North America,USD,Developed,Sustainable,United States,-,39650000,No,-,Distributing,MSCI USA ESG Select Index,90.57122,2022-08-11,2395.701988,Yes,Index,2022-06-30 00:00:00,12.02,9.94,11.61,44.48,-14.53,2022-07-31 00:00:00,-8.949879,-,14.07006,12.955388,9.132927,2022-07-31 00:00:00,-16.269186,-9.943706,48.427718,83.880112,362.277244,1.2913,0,-0.04647,-,-,-,AAA,9.5673,59.01,ESG Broad,239692.0,https://www.ishares.com/us/products/239692/ishares-msci-usa-esg-select-etf
IBB,iShares Biotechnology ETF,US4642875565,8417677799.2,United States,2001-02-05,0.44,-,Equity,All Cap,North America,USD,Developed,"Sectors, Industry",United States,-,64100000,No,-,Distributing,ICE Biotechnology Index (TR),131.321027,2022-08-11,324.538200688652,Yes,Index,2022-06-30 00:00:00,6.53,-0.52,25.74,19.92,-27.97,2022-07-31 00:00:00,-25.1,-3.78,5.68,3.34,6.47,2022-07-31 00:00:00,-18.68,-6,18.03,17.84,284.8,0.1168,0,0.0224,-,-,-,A,7.0588,17.42,-,239699.0,https://www.ishares.com/us/products/239699/ishares-biotechnology-etf
URTH,iShares MSCI World ETF,US4642863926,2267913253.75,United States,2012-01-10,0.24,-,Equity,Large/Mid Cap,Global,USD,Developed,-,Broad,-,19300000,No,-,Distributing,MSCI World Index,117.508459,2022-08-11,8546.516273,Yes,Index,2022-06-30 00:00:00,11.34,6.69,3.17,39.24,-14.1,2022-07-31 00:00:00,-8.92,11.02,9.84,9.1,10.38,2022-07-31 00:00:00,-13.94,-9.42,32.51,54.55,183.67,1.9784,0,0.20159,-,-,-,AAA,8.7418,147.5,-,239696.0,https://www.ishares.com/us/products/239696/ishares-msci-world-etf
SDHY,iShares $ Short Duration High Yield Corp Bond UCITS ETF USD (Dist),IE00BCRY6003,902674613.85,Ireland,2013-10-15,0.45,-,Fixed Income,High Yield,North America,USD,Developed,-,United States,-,10438794,Yes,iShares IV plc,Distributing,Markit iBoxx USD Liquid High Yield 0-5 Capped Index,86.473074,2022-08-11,176.599778558041,Yes,Index,2022-06-30 00:00:00,2.692052,5.516899,-1.578951,11.503774,-6.621046,2022-07-31 00:00:00,-2.224854,2.57037,2.219581,2.911704,3.168048,2022-07-31 00:00:00,-3.145477,-1.465004,6.807632,15.431371,31.548233,4.026109,2.66,5.58131,2.26531,6.01,6.56,BBB,4.8705,254.44,-,258128.0,https://www.ishares.com/uk/individual/en/products/258128/ishares-short-duration-high-yield-corporate-bond-ucits-etf
QAT,iShares MSCI Qatar ETF,US46434V7799,98419374.6,United States,2014-04-29,0.57,-,Equity,All Cap,Middle East and Africa,USD,Emerging,-,Qatar,-,4250000,No,-,Distributing,MSCI All Qatar Capped Index,23.1575,2022-08-11,4295.571488,No,Index,2022-06-30 00:00:00,2.74,14.92,-8.35,21.04,14.55,2022-07-31 00:00:00,21.77,18.12,10.41,8.65,2.42,2022-07-31 00:00:00,12.16,4.12,34.58,51.43,21.8,6.9794,0,0.00199,-,-,-,B,2.1531,536.44,-,264273.0,https://www.ishares.com/us/products/264273/ishares-msci-qatar-capped-etf
UAE,iShares MSCI UAE ETF,US46434V7617,37706579.54,United States,2014-04-29,0.57,-,Equity,All Cap,Middle East and Africa,USD,Emerging,-,United Arab Emirates,-,2250000,No,-,Distributing,MSCI All UAE Capped Index,16.75848,2022-08-11,3238.538117,No,Index,2022-06-30 00:00:00,-5.06,-6.57,-20.8,42.29,16.15,2022-07-31 00:00:00,20.37,29.38,8.16,2.68,-1,2022-07-31 00:00:00,2.85,0.19,26.54,14.16,-7.96,4.6036,0,0.02237,-,-,-,AA,8.4613,77.47,-,264275.0,https://www.ishares.com/us/products/264275/ishares-msci-uae-capped-etf
DYNF,BlackRock U.S. Equity Factor Rotation ETF,US09290C1036,74559332.29,United States,2019-03-19,0.3,-,Equity,Large/Mid Cap,North America,USD,Developed,"Factors, Multifactor",United States,-,2325000,No,BlackRock Fund Advisors,Distributing,MSCI Developed - US Gross TR Index,32.06853,2022-08-11,-,No,Active,2022-06-30 00:00:00,-,-,2.16,41,-15.07,2022-07-31 00:00:00,-9.94,11.43,9.11,-,10.13,2022-07-31 00:00:00,-15.1,-8.67,29.89,-,38.44,1.8391,0,0.1756,-,-,-,AAA,8.6588,164.42,-,307283.0,https://www.ishares.com/us/products/307283/ishares-u-s-equity-factor-rotation-active-etf
IWB,iShares Russell 1000 ETF,US4642876225,28882177697.99,United States,2000-05-15,0.15,-,Equity,Large/Mid Cap,North America,USD,Developed,-,United States,-,124350000,No,-,Distributing,Russell 1000 Index,232.265201,2022-08-11,14009.28824,Yes,Index,2022-06-30 00:00:00,14.38,9.9,7.34,42.87,-13.17,2022-07-31 00:00:00,-7.004697,-,12.751919,12.402574,6.837245,2022-07-31 00:00:00,-13.652732,-8.478254,43.341459,79.424309,334.547221,1.4251,0,0.03142,-,-,-,AA,8.253,150.14,-,239707.0,https://www.ishares.com/us/products/239707/ishares-russell-1000-etf
IWF,iShares Russell 1000 Growth ETF,US4642876142,65977088366.16,United States,2000-05-22,0.18,-,Equity,Large/Mid Cap,North America,USD,Developed,-,United States,-,262800000,No,-,Distributing,Russell 1000 Growth Index,251.05437,2022-08-11,2551.74478,Yes,Index,2022-06-30 00:00:00,22.29,11.38,22.99,42.23,-18.92,2022-07-31 00:00:00,-12.084057,-,15.818452,16.080876,6.384578,2022-07-31 00:00:00,-19.523136,-11.954149,55.357874,110.76737,294.898669,0.8475,0,0.26469,-,-,-,AAA,8.8846,50.97,-,239706.0,https://www.ishares.com/us/products/239706/ishares-russell-1000-growth-etf
PABU,iShares Paris-Aligned Climate MSCI USA ETF,US46436E4118,814081500.51,United States,2022-02-08,0.1,-,Equity,Large/Mid Cap,North America,USD,Developed,-,United States,-,17400000,No,BlackRock Fund Advisors,Distributing,MSCI USA Climate Paris Aligned Benchmark Extended Select Index,46.786293,2022-08-11,2959.882582,No,Index,2022-06-30 00:00:00,-,-,-,-,-,2022-07-31 00:00:00,-,-,-,-,-,2022-07-31 00:00:00,-,-,-,-,-8.718306,1.2852,0,0.20641,-,-,-,AA,8.4057,29.63,ESG Thematic,325725.0,https://www.ishares.com/us/products/325725/ishares-paris-aligned-climate-optimized-msci-usa-etf
SOXX,iShares Semiconductor ETF,US4642875235,7226815323.94,United States,2001-07-10,0.4,-,Equity,All Cap,North America,USD,Developed,"Sectors, Industry",United States,-,17650000,No,-,Distributing,ICE Semiconductor Index (TR),409.451293,2022-08-11,832.914768571793,Yes,Index,2022-06-30 00:00:00,28.45,12.78,38.63,68.99,-22.37,2022-07-31 00:00:00,-10.16,19.45,26.04,23.94,9.95,2022-07-31 00:00:00,-24.63,-14.87,100.23,192.5,636.71,0.7307,0,0.26579,-,-,-,AAA,10,84.58,-,239705.0,https://www.ishares.com/us/products/239705/ishares-semiconductor-etf
IWM,iShares Russell 2000 ETF,US4642876555,56790474549.73,United States,2000-05-22,0.19,-,Equity,Small Cap,North America,USD,Developed,-,United States,-,289300000,No,BlackRock Fund Advisors,Distributing,Russell 2000 Index,196.303058,2022-08-11,10302.51817,Yes,Index,2022-06-30 00:00:00,17.56,-3.36,-6.68,61.84,-25.31,2022-07-31 00:00:00,-14.42,13.98,7.4,7.03,7.79,2022-07-31 00:00:00,-15.48,-6.47,23.88,40.48,428.23,1.2506,0,0.08653,-,-,-,BBB,5.1405,157.73,-,239710.0,https://www.ishares.com/us/products/239710/ishares-russell-2000-etf
IWO,iShares Russell 2000 Growth ETF,US4642876480,10223168132.76,United States,2000-07-24,0.23,-,Equity,Small Cap,North America,USD,Developed,-,United States,-,42150000,No,-,Distributing,Russell 2000 Growth Index,242.542542,2022-08-11,8879.49736,Yes,Index,2022-06-30 00:00:00,21.86,-0.52,3.45,51.18,-33.47,2022-07-31 00:00:00,-23.21,3.99,4.64,6.82,5.49,2022-07-31 00:00:00,-21.55,-9.4,14.59,39.08,224.64,0.5094,0,0.06688,-,-,-,BBB,5.3706,121.55,-,239709.0,https://www.ishares.com/us/products/239709/ishares-russell-2000-growth-etf
IWD,iShares Russell 1000 Value ETF,US4642875987,54582483673.66,United States,2000-05-22,0.18,-,Equity,Large/Mid Cap,North America,USD,Developed,-,United States,-,345700000,No,-,Distributing,Russell 1000 Value Index,157.889742,2022-08-11,2199.33562,Yes,Index,2022-06-30 00:00:00,6.6,8.31,-8.95,43.41,-7,2022-07-31 00:00:00,-1.617623,-,8.697887,8.090861,7.032297,2022-07-31 00:00:00,-7.186175,-4.94979,28.429062,47.551928,351.842424,2.1059,0,0.0505,-,-,-,AA,7.6464,248.72,-,239708.0,https://www.ishares.com/us/products/239708/ishares-russell-1000-value-etf
IUSV,iShares Core S&P U.S. Value ETF,US4642876639,12186135204.0,United States,2000-07-24,0.04,-,Equity,All Cap,North America,USD,Developed,-,United States,-,169100000,No,-,Distributing,S&P 900 Value Index,72.064667,2022-08-11,10035.9824805456,Yes,Index,2022-06-30 00:00:00,7.82,8.15,-5.21,40.85,-5.16,2022-07-31 00:00:00,-0.09,16.97,9.72,9.1,7.55,2022-07-31 00:00:00,-6.21,-4.51,32.09,54.6,397.14,2.0392,0,0.32618,-,-,-,AA,8.1505,248.79,-,239715.0,https://www.ishares.com/us/products/239715/ishares-core-sp-us-value-etf
EAGG,iShares ESG Aware U.S. Aggregate Bond ETF,US46435U5496,2202524377.98,United States,2018-10-18,0.11,-,Fixed Income,Multi Sectors,North America,USD,Developed,Sustainable,United States,-,44600000,No,BlackRock Fund Advisors,Distributing,Bloomberg MSCI US Aggregate ESG Focus Index,49.383955,2022-08-11,106.376752,No,Index,2022-06-30 00:00:00,-,-,8.64,-0.44,-10.41,2022-07-31 00:00:00,-9.25,-5.13,-0.33,-,2.02,2022-07-31 00:00:00,-8.17,-6.2,-0.98,-,7.89,1.8975,8.75,2.50565,6.47665,3.64,-,A,7.1487,153.97,ESG Broad,305252.0,https://www.ishares.com/us/products/305252/ishares-esg-aware-u-s-aggregate-bond-etf
IWV,iShares Russell 3000 ETF,US4642876894,11144023466.37,United States,2000-05-22,0.2,-,Equity,All Cap,North America,USD,Developed,-,United States,-,45700000,No,-,Distributing,Russell 3000 Index,243.851717,2022-08-11,13609.11601,Yes,Index,2022-06-30 00:00:00,14.59,8.81,6.33,43.89,-14,2022-07-31 00:00:00,-7.49,13.18,12.35,11.99,7.03,2022-07-31 00:00:00,-13.77,-8.37,41.82,76.14,352,1.2627,0,0.18705,-,-,-,AA,8.0555,150.48,-,239714.0,https://www.ishares.com/us/products/239714/ishares-russell-3000-etf
IUSG,iShares Core S&P U.S. Growth ETF,US4642876712,12246250391.32,United States,2000-07-24,0.04,-,Equity,All Cap,North America,USD,Developed,-,United States,-,126950000,No,-,Distributing,S&P 900 Growth Index,96.465147,2022-08-11,15445.5670349161,Yes,Index,2022-06-30 00:00:00,20.22,11.3,16.49,41.57,-16.64,2022-07-31 00:00:00,-9.25,11.57,15.31,15.16,5.87,2022-07-31 00:00:00,-18.19,-10.6,53.3,102.51,250.92,0.8479,0,0.17307,-,-,-,AA,8.5684,50.82,-,239713.0,https://www.ishares.com/us/products/239713/ishares-core-sp-us-growth-etf
IWN,iShares Russell 2000 Value ETF,US4642876308,12832234896.7,United States,2000-07-24,0.23,-,Equity,Small Cap,North America,USD,Developed,-,United States,-,82600000,No,-,Distributing,Russell 2000 Value Index,155.353933,2022-08-11,15650.10259,Yes,Index,2022-06-30 00:00:00,12.96,-6.36,-17.61,72.96,-16.5,2022-07-31 00:00:00,-5,24.59,9.23,6.53,8.91,2022-07-31 00:00:00,-9.43,-3.8,30.32,37.2,554.74,1.8364,0,0.0535,-,-,-,BBB,4.898,195.45,-,239712.0,https://www.ishares.com/us/products/239712/ishares-russell-2000-value-etf
IWS,iShares Russell Mid-Cap Value ETF,US4642874733,13761932945.53,United States,2001-07-17,0.23,-,Equity,Mid Cap,North America,USD,Developed,-,United States,-,121400000,No,-,Distributing,Russell MidCap Value Index,113.360238,2022-08-11,5415.36584,Yes,Index,2022-06-30 00:00:00,7.38,3.58,-11.98,52.72,-10.19,2022-07-31 00:00:00,-3.06,19.26,9.15,7.55,9.26,2022-07-31 00:00:00,-9.12,-5.06,30.03,43.92,544.04,1.677,0,0.14917,-,-,-,AA,7.4887,295.49,-,239719.0,https://www.ishares.com/us/products/239719/ishares-russell-midcap-value-etf
IWR,iShares Russell Mid-Cap ETF,US4642874998,29232904340.11,United States,2001-07-17,0.18,-,Equity,Mid Cap,North America,USD,Developed,-,United States,-,398700000,No,-,Distributing,Russell MidCap Index,73.320553,2022-08-11,20676.91449,Yes,Index,2022-06-30 00:00:00,12.15,7.72,-2.37,49.53,-17.43,2022-07-31 00:00:00,-9.98,13.19,9.3,9.54,9.33,2022-07-31 00:00:00,-13.91,-7.05,30.57,57.68,552.81,1.3698,0,0.04755,-,-,-,AA,7.7664,230.02,-,239718.0,https://www.ishares.com/us/products/239718/ishares-russell-midcap-etf
IWP,iShares Russell Mid-Cap Growth ETF,US4642874816,12963241894.22,United States,2001-07-17,0.23,-,Equity,Mid Cap,North America,USD,Developed,-,United States,-,140150000,No,-,Distributing,Russell MidCap Growth Index,92.495483,2022-08-11,4503.2485,Yes,Index,2022-06-30 00:00:00,18.26,13.7,11.64,43.47,-29.7,2022-07-31 00:00:00,-21.9,2.39,7.3,10.82,8.6,2022-07-31 00:00:00,-22.63,-11.16,23.54,67.16,467.03,0.5936,0,0.10139,-,-,-,AA,8.2949,106.34,-,239717.0,https://www.ishares.com/us/products/239717/ishares-russell-midcap-growth-etf
QUAL,iShares MSCI USA Quality Factor ETF,US46432F3394,20653587146.7,United States,2013-07-16,0.15,-,Equity,Large/Mid Cap,North America,USD,Developed,"Factors, Single Factor, Edge",United States,-,167000000,No,-,Distributing,MSCI USA Sector Neutral Quality Index,123.674175,2022-08-11,6262.081455,No,Index,2022-06-30 00:00:00,14.16,11.74,6.7,40.56,-14.85,2022-07-31 00:00:00,-10.09165,-,11.217972,11.995158,12.186055,2022-07-31 00:00:00,-15.651244,-9.412402,37.570372,76.196074,182.903933,1.789,0,0.15527,-,-,-,AAA,8.8125,115.6,-,256101.0,https://www.ishares.com/us/products/256101/ishares-msci-usa-quality-factor-etf
IWC,iShares Micro-Cap ETF,US4642888691,1020669022.93,United States,2005-08-12,0.6,-,Equity,Small Cap,North America,USD,Developed,-,United States,-,8300000,No,-,Distributing,Russell Microcap(R) Index,122.972171,2022-08-11,3319.93605,Yes,Index,2022-06-30 00:00:00,20.08,-10.5,-4.96,75.57,-30.98,2022-07-31 00:00:00,-19.61,14.8,8.66,6.48,6.15,2022-07-31 00:00:00,-17.74,-8.8,28.3,36.88,175.34,1.2001,0,0.03233,-,-,-,-,-,-,-,239716.0,https://www.ishares.com/us/products/239716/ishares-microcap-etf
OEF,iShares S&P 100 ETF,US4642871010,8464828607.27,United States,2000-10-23,0.2,-,Equity,Large Cap,North America,USD,Developed,-,United States,-,44100000,No,BlackRock Fund Advisors,Distributing,S&P 100 Index,191.946227,2022-08-11,4154.3551665993,Yes,Index,2022-06-30 00:00:00,14.05,10.74,11.98,39.57,-11.07,2022-07-31 00:00:00,-5.1,13.39,14.36,13.46,6.43,2022-07-31 00:00:00,-13.42,-9.28,49.54,88.02,288.06,1.4306,0,-0.20149,-,-,-,AA,8.3132,104.4,-,239723.0,https://www.ishares.com/us/products/239723/ishares-sp-100-etf
ISVL,iShares International Developed Small Cap Value Factor ETF,US46436E5107,149466335.46,United States,2021-03-23,0.4,-,Equity,Small Cap,Global,USD,Developed,-,Broad,-,4800000,No,-,Distributing,FTSE Developed ex US ex Korea Small Cap Focused Value Index,31.13882,2022-08-11,4528.38938802,No,Index,2022-06-30 00:00:00,-,-,-,-,-16.79,2022-07-31 00:00:00,-13.07,-,-,-,-4.71,2022-07-31 00:00:00,-13.07,-9.2,-,-,-6.34,4.158,0,0.0591,-,-,-,AA,7.6,227.84,-,317548.0,https://www.ishares.com/us/products/317548/ishares-international-developed-small-cap-value-factor-etf
IWX,iShares Russell Top 200 Value ETF,US4642894202,1421461134.45,United States,2009-09-22,0.2,-,Equity,Large Cap,North America,USD,Developed,-,United States,-,21400000,No,-,Distributing,Russell Top 200 Value Index,66.423417,2022-08-11,3250.58624,Yes,Index,2022-06-30 00:00:00,6.18,10.71,-7.47,38.72,-5.31,2022-07-31 00:00:00,-0.87,15.72,8.38,8.29,10.21,2022-07-31 00:00:00,-6.14,-4.92,27.32,48.91,248.99,1.7875,0,0.3138,-,-,-,AA,7.7321,225.55,-,239722.0,https://www.ishares.com/us/products/239722/ishares-russell-top-200-value-etf
IWL,iShares Russell Top 200 ETF,US4642894467,863817904.31,United States,2009-09-22,0.15,-,Equity,Large Cap,North America,USD,Developed,-,United States,-,8650000,No,-,Distributing,Russell Top 200 Index,99.863342,2022-08-11,12287.449,Yes,Index,2022-06-30 00:00:00,15.27,10.74,11.02,40.59,-11.59,2022-07-31 00:00:00,-5.94,13.2,14.01,13.47,13.34,2022-07-31 00:00:00,-13.57,-8.99,48.2,88.11,400.26,1.3228,0,0.2891,-,-,-,AA,8.4246,122.81,-,239721.0,https://www.ishares.com/us/products/239721/ishares-russell-top-200-etf
IWY,iShares Russell Top 200 Growth ETF,US4642894384,4970306909.64,United States,2009-09-22,0.2,-,Equity,Large Cap,North America,USD,Developed,-,United States,-,34750000,No,-,Distributing,Russell Top 200 Growth Index,143.030415,2022-08-11,4907.76826,Yes,Index,2022-06-30 00:00:00,23.32,11.26,25.8,41.96,-16.34,2022-07-31 00:00:00,-9.81,11.15,17.92,17.38,15.86,2022-07-31 00:00:00,-18.87,-12.13,63.98,122.85,563.85,0.6669,0,-0.29569,-,-,-,AAA,9.0003,38.97,-,239720.0,https://www.ishares.com/us/products/239720/ishares-russell-top-200-growth-etf
IVV,iShares Core S&P 500 ETF,US4642872000,313351152328.97,United States,2000-05-15,0.03,-,Equity,Large Cap,North America,USD,Developed,-,United States,-,742400000,No,-,Distributing,S&P 500,422.0786,2022-08-11,8898.83689099762,Yes,Index,2022-06-30 00:00:00,14.33,10.38,7.48,40.75,-10.64,2022-07-31 00:00:00,-4.67,14.03,13.33,12.79,6.78,2022-07-31 00:00:00,-12.59,-7.82,45.54,82.55,329.71,1.4684,0,0.26242,-,-,-,AA,8.4572,151.47,-,239726.0,https://www.ishares.com/us/products/239726/ishares-core-sp-500-etf
IVW,iShares S&P 500 Growth ETF,US4642873099,32677736962.83,United States,2000-05-22,0.18,-,Equity,Large Cap,North America,USD,Developed,-,United States,-,469400000,No,-,Distributing,S&P 500(R) Growth Index,69.615971,2022-08-11,7361.66619504821,Yes,Index,2022-06-30 00:00:00,20.4,11.85,17.53,41.11,-16.55,2022-07-31 00:00:00,-9.28,11.43,15.57,15.43,6.93,2022-07-31 00:00:00,-18.41,-10.95,54.34,104.92,342.41,0.7335,0,-0.29971,-,-,-,AAA,8.7258,43.74,-,239725.0,https://www.ishares.com/us/products/239725/ishares-sp-500-growth-etf
ITOT,iShares Core S&P Total U.S. Stock Market ETF,US4642871507,43450961576.09,United States,2004-01-20,0.03,-,Equity,All Cap,North America,USD,Developed,-,United States,-,463600000,No,-,Distributing,S&P Total Market Index,93.725111,2022-08-11,5918.58106549095,Yes,Index,2022-06-30 00:00:00,14.84,8.89,6.4,44.24,-14.21,2022-07-31 00:00:00,-7.75,13.19,12.38,12.07,9.2,2022-07-31 00:00:00,-13.92,-8.44,41.93,76.81,410.53,1.4134,0,0,-,-,-,AA,8.0702,150.22,-,239724.0,https://www.ishares.com/us/products/239724/ishares-core-sp-total-us-stock-market-etf
HYBB,iShares BB Rated Corporate Bond ETF,US46435U4739,207760414.74,United States,2020-10-06,0.25,-,Fixed Income,High Yield,North America,USD,Developed,-,United States,-,4450000,No,BlackRock Fund Advisors,Distributing,ICE BofA BB US High Yield Constrained Index,46.687734,2022-08-11,532.656,No,Index,2022-06-30 00:00:00,-,-,-,-,-12.13,2022-07-31 00:00:00,-7.33,-,-,-,-0.07,2022-07-31 00:00:00,-8.16,-5.05,-,-,-0.13,4.2659,6.35,5.01957,4.50862,6.03,-,BBB,5.712,285.12,-,305259.0,https://www.ishares.com/us/products/305259/ishares-bb-rated-corporate-bond-etf
CMF,iShares California Muni Bond ETF,US4642883569,1873850569.23,United States,2007-10-04,0.25,-,Fixed Income,Municipals,North America,USD,Developed,Income,United States,-,32500000,No,-,Distributing,ICE AMT-Free California Municipal Index,57.656941,2022-08-11,153.076,Yes,Index,2022-06-30 00:00:00,1.47,5.75,4.61,2.51,-8.57,2022-07-31 00:00:00,-6.63,-2.55,-0.01,1.44,3.52,2022-07-31 00:00:00,-6.35,-3.66,-0.03,7.42,67.08,1.7569,5.86,4.32492,6.33283,3.22,-,-,-,-,-,239731.0,https://www.ishares.com/us/products/239731/ishares-california-amtfree-muni-bond-etf
AIA,iShares Asia 50 ETF,US4642884302,1675390927.9,United States,2007-11-13,0.5,-,Equity,Large Cap,Asia Pacific,USD,Developed,-,Broad,-,27600000,No,-,Distributing,S&P Asia 50 Index,60.70257,2022-08-11,7569.61179784279,Yes,Index,2022-06-30 00:00:00,12.41,-0.31,8.18,43.59,-30.87,2022-07-31 00:00:00,-26.79,-5.64,1.77,1.96,3.6,2022-07-31 00:00:00,-20.79,-21.72,5.42,10.18,68.35,1.7611,0,0.10711,-,-,-,AA,8.1528,109.83,-,239730.0,https://www.ishares.com/us/products/239730/ishares-asia-50-etf
AOA,iShares Core Aggressive Allocation ETF,US4642898591,1504676094.5,United States,2008-11-04,0.2,-,Multi Asset,Static Allocation,Global,USD,Developed,-,Broad,-,23600000,No,-,Distributing,S&P Target Risk Aggressive Index,63.757462,2022-08-11,256.019601332027,Yes,Index,2022-06-30 00:00:00,8.53,5.6,2.12,31.25,-13.77,2022-07-31 00:00:00,-9.244729,-,7.071708,6.58958,9.215032,2022-07-31 00:00:00,-12.480271,-8.889216,22.750762,37.585843,235.72983,1.0021,1.75,2.391,-,-,-,AA,7.7619,182.59,-,239729.0,https://www.ishares.com/us/products/239729/ishares-aggressive-allocation-etf
IVE,iShares S&P 500 Value ETF,US4642874089,24715347389.39,United States,2000-05-22,0.18,-,Equity,Large Cap,North America,USD,Developed,-,United States,-,167200000,No,-,Distributing,S&P 500(R) Value Index,147.819063,2022-08-11,7818.17416867226,Yes,Index,2022-06-30 00:00:00,7.43,8.5,-4.62,39.27,-5.04,2022-07-31 00:00:00,-0.21,16.25,9.5,8.96,6.39,2022-07-31 00:00:00,-6.29,-4.72,31.29,53.61,295.26,1.9099,0,0.29711,-,-,-,AA,8.2129,250.22,-,239728.0,https://www.ishares.com/us/products/239728/ishares-sp-500-value-etf
EMIF,iShares Emerging Markets Infrastructure ETF,US4642882165,22240466.03,United States,2009-06-16,0.6,-,Equity,All Cap,Global,USD,Emerging,Sectors,Broad,-,1050000,No,-,Distributing,S&P Emerging Markets Infrastructure Index,21.181396,2022-08-11,2574.29543273632,Yes,Index,2022-06-30 00:00:00,-9.1,5.84,-23.39,17.21,-9.15,2022-07-31 00:00:00,-9.44,1.79,-7.96,-6.42,1.53,2022-07-31 00:00:00,-12.84,-10.93,-22.04,-28.22,21.99,2.9959,0,-0.03789,-,-,-,BBB,4.8674,1563.36,-,239735.0,https://www.ishares.com/us/products/239735/ishares-emerging-markets-infrastructure-etf
AOK,iShares Core Conservative Allocation ETF,US4642898831,766733684.88,United States,2008-11-04,0.21,-,Multi Asset,Static Allocation,Global,USD,Developed,-,Broad,-,21500000,No,-,Distributing,S&P Target Risk Conservative Index,35.662032,2022-08-11,182.877658877133,Yes,Index,2022-06-30 00:00:00,3.13,7,5.61,11.41,-11.73,2022-07-31 00:00:00,-9.155963,-,2.473636,3.317289,4.786582,2022-07-31 00:00:00,-9.768991,-7.215719,7.605989,17.723998,90.081025,1.3416,6.05,2.391,-,-,-,A,6.8238,225.11,-,239733.0,https://www.ishares.com/us/products/239733/ishares-conservative-allocation-etf
CGBI,iShares China CNY Govt Bond UCITS ETF USD (Dist),IE00BMC7BF44,1043479889.75,Ireland,2021-04-26,0.25,-,Fixed Income,Flexible,Asia Pacific,USD,Emerging,-,China,-,209929523,Yes,iShares IV plc,Distributing,FTSE Chinese Government Bond Index,4.97062,2022-08-11,164.95578,Yes,Index,2022-06-30 00:00:00,-,-,-,-,0.8592,2022-07-31 00:00:00,-0.552361,-,-,-,1.732891,2022-07-31 00:00:00,-3.303681,-4.242449,-,-,2.185415,2.721994,7.19,2.6255,5.62059,2.53,-,B,1.8884,6.2,-,317554.0,https://www.ishares.com/uk/individual/en/products/317554/ishares-china-cny-govt-bond-ucits-etf
ESPX,iShares S&P 500 ESG UCITS ETF USD (Acc),IE000R9FA4A0,2048631.12,Ireland,2022-08-02,0.07,-,Equity,Large/Mid Cap,North America,USD,Developed,Sustainable,United States,-,400000,Yes,iShares III plc,Accumulating,S&P 500 ESG Index,5.121577,2022-08-11,440.799526462952,Yes,Index,-,-,-,-,-,-,-,-,-,-,-,-,-,-,-,-,-,-,-,0,2.43797,-,-,-,-,-,-,ESG Broad,327794.0,https://www.ishares.com/uk/individual/en/products/327794/ishares-s-p-500-scored-and-screened-ucits-etf
RXI,iShares Global Consumer Discretionary ETF,US4642887453,338402376.1,United States,2006-09-12,0.4,-,Equity,All Cap,Global,USD,Developed,Sectors,Broad,-,2350000,No,-,Distributing,S&P Global 1200 Consumer Discretionary Sector Capped Index,144.001011,2022-08-11,3751.88572408664,Yes,Index,2022-06-30 00:00:00,17.85,5.25,0.92,45.56,-25.06,2022-07-31 00:00:00,-15.8,7.58,6.75,8.2,8.18,2022-07-31 00:00:00,-20.27,-14.9,21.66,48.32,248.43,1.0082,0,0.16593,-,-,-,AA,8.0115,37.07,-,239739.0,https://www.ishares.com/us/products/239739/ishares-global-consumer-discretionary-etf
ICLN,iShares Global Clean Energy ETF,US4642882249,5879164731.11,United States,2008-06-24,0.42,-,Equity,All Cap,Global,USD,Developed,"Sectors, Sustainable",Broad,-,252800000,No,-,Distributing,S&P Global Clean Energy Index,23.25619,2022-08-11,1962.20152961979,Yes,Index,2022-06-30 00:00:00,4.9,23.85,18.78,89.18,-17.7,2022-07-31 00:00:00,-0.47,25.6,29.12,21.71,-3.7,2022-07-31 00:00:00,6.01,19.88,115.24,167.03,-41.23,1.4268,0,0.08062,-,-,-,AA,7.6606,281.02,ESG Thematic,239738.0,https://www.ishares.com/us/products/239738/ishares-global-clean-energy-etf
IOO,iShares Global 100 ETF,US4642875722,3861567944.72,United States,2000-12-05,0.4,-,Equity,Large Cap,Global,USD,Developed,-,Broad,-,55050000,No,-,Distributing,S&P Global 100 Index,70.146557,2022-08-11,4718.83509461151,Yes,Index,2022-06-30 00:00:00,11.64,9.23,9.76,36.69,-7.88,2022-07-31 00:00:00,-3,13.86,13.97,12.2,5.34,2022-07-31 00:00:00,-10.33,-7.96,48.02,77.79,208.41,2.5587,0,0.20148,-,-,-,AAA,9.2772,65.22,-,239737.0,https://www.ishares.com/us/products/239737/ishares-global-100-etf
IEV,iShares Europe ETF,US4642878619,1663883070.39,United States,2000-07-25,0.58,-,Equity,Large/Mid Cap,Europe,USD,Developed,-,Broad,-,36850000,No,-,Distributing,S&P Europe 350 Index,45.152865,2022-08-11,3776.44355232971,Yes,Index,2022-06-30 00:00:00,4.97,1.71,-6.89,34.91,-16.71,2022-07-31 00:00:00,-13.97,6.65,3.85,2.62,3.27,2022-07-31 00:00:00,-15.82,-12.96,12,13.8,102.95,5.9994,0,0.00572,-,-,-,AAA,9.4005,114.7,-,239736.0,https://www.ishares.com/us/products/239736/ishares-europe-etf
UKPH,iShares UK Property UCITS ETF EUR Hedged (Acc),IE000FI414K7,925673.93,Ireland,2022-05-18,0.42,-,Real Estate,Real Estate Securities,Europe,EUR,Developed,"Alternatives, Sectors",United Kingdom,Hedged,190000,Yes,iShares II plc,Accumulating,FTSE EPRA Nareit UK Net of Tax Index,4.871968,2022-08-11,3441.72556978,Yes,Index,2022-06-30 00:00:00,-,-,-,-,-,2022-07-31 00:00:00,-,-,-,-,-,2022-07-31 00:00:00,-,-,-,-,-1.18252,-,0,0.00877,-,-,-,-,-,-,-,327801.0,https://www.ishares.com/uk/individual/en/products/327801/ishares-uk-property-ucits-etf
IXG,iShares Global Financials ETF,US4642873339,802041031.47,United States,2001-11-12,0.4,-,Equity,All Cap,Global,USD,Developed,Sectors,Broad,-,11300000,No,-,Distributing,S&P Global 1200 Financials Sector Index(TM),70.977082,2022-08-11,119.984080374842,Yes,Index,2022-06-30 00:00:00,4.81,2.8,-16.64,50.67,-12,2022-07-31 00:00:00,-7.34,16.3,4.96,3.74,3.93,2022-07-31 00:00:00,-12.22,-13.73,15.62,20.17,122.05,5.0683,0,0.13837,-,-,-,AAA,10,24.06,-,239742.0,https://www.ishares.com/us/products/239742/ishares-global-financials-etf
IXC,iShares Global Energy ETF,US4642873412,2068791843.29,United States,2001-11-12,0.4,-,Equity,All Cap,Global,USD,Developed,Sectors,Broad,-,57000000,No,-,Distributing,S&P Global 1200 Energy Sector Index(TM),36.294594,2022-08-11,161.041092011222,Yes,Index,2022-06-30 00:00:00,24.08,-9.55,-35.79,42.45,32.85,2022-07-31 00:00:00,52.4,44.79,10.23,7.08,6.73,2022-07-31 00:00:00,33.7,14.99,33.93,40.79,285.41,4.3057,0,0.23275,-,-,-,AAA,9.3469,630.98,-,239741.0,https://www.ishares.com/us/products/239741/ishares-global-energy-etf
KXI,iShares Global Consumer Staples ETF,US4642887370,1244585904.3,United States,2006-09-12,0.4,-,Equity,All Cap,Global,USD,Developed,Sectors,Broad,-,20650000,No,-,Distributing,S&P Global 1200 Consumer Staples Sector Capped Index,60.270504,2022-08-11,5636.80509724548,Yes,Index,2022-06-30 00:00:00,-1.64,10.1,0.45,21.1,-3.19,2022-07-31 00:00:00,-0.57,7.33,6.31,5.64,7.98,2022-07-31 00:00:00,-6.27,-3.72,20.16,31.54,238.41,2.2496,0,0.20879,-,-,-,AAA,8.8103,47.3,-,239740.0,https://www.ishares.com/us/products/239740/ishares-global-consumer-staples-etf
IDRV,iShares Self-Driving EV and Tech ETF,US46435U3665,483567779.9,United States,2019-04-16,0.47,-,Equity,All Cap,Global,USD,Developed,-,Broad,-,11600000,No,BlackRock Fund Advisors,Distributing,NYSE® FactSet Global Autonomous Driving and Electric Vehicle Index,41.686878,2022-08-11,2349.7181003076,No,Index,2022-06-30 00:00:00,-,-,17.82,79.08,-24.32,2022-07-31 00:00:00,-16.54,18.86,20.84,-,17.21,2022-07-31 00:00:00,-23.62,-17.33,76.47,-,68.7,2.4357,0,0.23689,-,-,-,AA,7.3457,66.77,-,307332.0,https://www.ishares.com/us/products/307332/ishares-self-driving-ev-and-tech-etf
IGF,iShares Global Infrastructure ETF,US4642883726,3600919339.02,United States,2007-12-10,0.4,-,Equity,All Cap,Global,USD,Developed,Sectors,Broad,-,73100000,No,-,Distributing,S&P Global Infrastructure Index,49.260182,2022-08-11,5431.87578345121,Yes,Index,2022-06-30 00:00:00,1.03,11.31,-15.26,22.42,5.14,2022-07-31 00:00:00,8.21,14,4.98,4.3,3.09,2022-07-31 00:00:00,3.25,3.95,15.69,23.43,56.15,2.9879,0,0.15141,-,-,-,AA,8.1651,966.51,-,239746.0,https://www.ishares.com/us/products/239746/ishares-global-infrastructure-etf
EXI,iShares Global Industrials ETF,US4642887297,327973594.78,United States,2006-09-12,0.4,-,Equity,All Cap,Global,USD,Developed,Sectors,Broad,-,3050000,No,-,Distributing,S&P Global 1200 Industrials Sector Index(TM),107.532326,2022-08-11,250.24322037093,Yes,Index,2022-06-30 00:00:00,6.27,6.15,-7.85,45.52,-17.9,2022-07-31 00:00:00,-11.51,12.42,6.55,6.19,6.71,2022-07-31 00:00:00,-13.71,-8.24,20.97,35.03,180.51,2.471,0,0.18764,-,-,-,AA,8.3901,135.12,-,239745.0,https://www.ishares.com/us/products/239745/ishares-global-industrials-etf
IXJ,iShares Global Healthcare ETF,US4642873255,3773203683.51,United States,2001-11-13,0.4,-,Equity,All Cap,Global,USD,Developed,Sectors,Broad,-,45550000,No,-,Distributing,S&P Global 1200 Healthcare Sector Index(TM),82.836524,2022-08-11,381.931335004628,Yes,Index,2022-06-30 00:00:00,4.98,11.51,13.04,22.47,-1.11,2022-07-31 00:00:00,-1.47,9.58,12.63,10.52,7.73,2022-07-31 00:00:00,-6.61,0.26,42.87,64.88,367.4,1.349,0,0.19219,-,-,-,AA,8.0615,18.43,-,239744.0,https://www.ishares.com/us/products/239744/ishares-global-healthcare-etf
IXP,iShares Global Comm Services ETF,US4642872752,295454259.13,United States,2001-11-12,0.4,-,Equity,All Cap,Global,USD,Developed,Sectors,Broad,-,4650000,No,-,Distributing,S&P Global 1200 Communication Services 4.5/22.5/45 Capped Index,63.53855,2022-08-11,3571.71944376077,Yes,Index,2022-06-30 00:00:00,-3.64,9.42,8.9,41.51,-27.41,2022-07-31 00:00:00,-26.61,-1.02,3.39,2.67,4.49,2022-07-31 00:00:00,-24.16,-21.28,10.53,14.1,148.23,1.9484,0,-0.01974,-,-,-,A,5.8193,17.86,-,239751.0,https://www.ishares.com/us/products/239751/ishares-global-telecom-etf
IXN,iShares Global Tech ETF,US4642872919,3486580757.98,United States,2001-11-12,0.4,-,Equity,All Cap,Global,USD,Developed,Sectors,Broad,-,66250000,No,-,Distributing,S&P Global 1200 Information Technology Sector Index(TM),52.627634,2022-08-11,642.125827966456,Yes,Index,2022-06-30 00:00:00,26.67,10.58,32.24,44.51,-18.27,2022-07-31 00:00:00,-10.65,11.89,19.8,18.75,9.69,2022-07-31 00:00:00,-19.65,-13.2,71.93,136.18,579.89,0.7713,0,0.36262,-,-,-,AAA,10,29.77,-,239750.0,https://www.ishares.com/us/products/239750/ishares-global-tech-etf
MXI,iShares Global Materials ETF,US4642886950,427154546.68,United States,2006-09-12,0.4,-,Equity,All Cap,Global,USD,Developed,Sectors,Broad,-,5450000,No,-,Distributing,S&P Global 1200 Materials Sector Index(TM),78.376981,2022-08-11,196.537739461847,Yes,Index,2022-06-30 00:00:00,15.26,0.75,-2.78,48.49,-14.42,2022-07-31 00:00:00,-13.47,10.82,9.46,7.15,5.17,2022-07-31 00:00:00,-13.24,-10.05,31.16,41.22,122.76,6.0583,0,0.21988,-,-,-,AA,7.7849,627.79,-,239748.0,https://www.ishares.com/us/products/239748/ishares-global-materials-etf
JXI,iShares Global Utilities ETF,US4642887115,180034662.43,United States,2006-09-12,0.4,-,Equity,All Cap,Global,USD,Developed,Sectors,Broad,-,2800000,No,-,Distributing,S&P Global 1200 Utilities (Sector) Capped Index,64.298094,2022-08-11,1225.23793289308,Yes,Index,2022-06-30 00:00:00,3.45,15.12,0.46,14.76,4.27,2022-07-31 00:00:00,6.09,8.26,8.2,7.93,5.15,2022-07-31 00:00:00,-0.97,1.66,26.67,46.43,122.14,2.758,0,0.18478,-,-,-,AA,8.2738,1755.78,-,239753.0,https://www.ishares.com/us/products/239753/ishares-global-utilities-etf
WOOD,iShares Global Timber & Forestry ETF,US4642881746,260720889.17,United States,2008-06-24,0.4,-,Equity,All Cap,Global,USD,Developed,Sectors,Broad,-,3240000,No,-,Distributing,S&P Global Timber & Forestry Index,80.46941,2022-08-11,3080.29162653465,Yes,Index,2022-06-30 00:00:00,29.7,-20.91,-6.78,59.68,-12.48,2022-07-31 00:00:00,-7.72,17.07,12.87,6.9,5.57,2022-07-31 00:00:00,-12.12,-9.85,43.77,39.63,114.8,3.9871,0,0.39385,-,-,-,A,7.1129,320.29,-,239752.0,https://www.ishares.com/us/products/239752/ishares-global-timber-forestry-etf
INDY,iShares India 50 ETF,US4642895290,591977813.52,United States,2009-11-18,0.89,-,Equity,Large Cap,Asia Pacific,USD,Emerging,-,India,-,13250000,No,-,Distributing,Nifty 50 Index,44.677571,2022-08-11,321.78,Yes,Index,2022-06-30 00:00:00,5.36,10.25,-19.38,50.86,-5.44,2022-07-31 00:00:00,1.24,18.84,9.05,6.14,5.63,2022-07-31 00:00:00,-6.74,-7.38,29.67,34.7,100.51,0,0,377.44542,-,-,-,A,6.5717,482.81,-,239758.0,https://www.ishares.com/us/products/239758/ishares-india-50-etf
GSG,iShares S&P GSCI Commodity-Indexed Trust,US46428R1077,1705447867.85,United States,2006-07-10,0.75,-,Commodity,Multi Commodity,Global,USD,Developed,-,Broad,-,75000000,No,-,NA ,S&P GSCI(R) Total Return Index,22.739305,2022-08-11,3724.257,Yes,Index,2022-06-30 00:00:00,28.44,-12.33,-34.29,55.66,43.37,2022-07-31 00:00:00,40.99,46.57,13.66,9.55,-4.61,2022-07-31 00:00:00,34.56,20.66,46.84,57.81,-53.1,-,0.07,0.07846,-,-,-,-,-,-,-,239757.0,https://www.ishares.com/us/products/239757/ishares-sp-gsci-commodityindexed-trust-fund
AOR,iShares Core Growth Allocation ETF,US4642898674,1948071751.94,United States,2008-11-04,0.2,-,Multi Asset,Static Allocation,Global,USD,Developed,-,Broad,-,38650000,No,-,Distributing,S&P Target Risk Growth Index,50.402891,2022-08-11,221.906376681752,Yes,Index,2022-06-30 00:00:00,6.39,6.16,3.58,23.11,-12.91,2022-07-31 00:00:00,-9.179591,-,5.300427,5.331388,7.429172,2022-07-31 00:00:00,-11.373907,-8.206399,16.759008,29.65493,167.676908,1.119,3.49,2.391,-,-,-,AA,7.382,194.97,-,239756.0,https://www.ishares.com/us/products/239756/ishares-growth-allocation-etf
IJH,iShares Core S&P Mid-Cap ETF,US4642875078,64574034638.47,United States,2000-05-22,0.05,-,Equity,Mid Cap,North America,USD,Developed,-,United States,-,251050000,No,-,Distributing,S&P MidCap 400 Index,257.215832,2022-08-11,4092.84657403234,Yes,Index,2022-06-30 00:00:00,13.48,1.25,-6.73,53.18,-14.7,2022-07-31 00:00:00,-5.76,17.67,10.11,9.01,9.33,2022-07-31 00:00:00,-10.83,-3.9,33.51,53.9,624.34,1.4921,0,-0.01977,-,-,-,A,6.6741,200.38,-,239763.0,https://www.ishares.com/us/products/239763/ishares-core-sp-midcap-etf
XT,iShares Exponential Technologies ETF,US46434V3814,3233878798.49,United States,2015-03-19,0.46,-,Equity,Large Cap,Global,USD,Developed,Sectors,Broad,-,60750000,No,-,Distributing,Morningstar Exponential Technologies Index,53.232573,2022-08-11,2817.79490483599,No,Index,2022-06-30 00:00:00,15.67,8.24,16.68,43.19,-23.43,2022-07-31 00:00:00,-17.91,5.79,11.26,10.92,11.52,2022-07-31 00:00:00,-20.95,-12.19,37.71,67.89,123.33,0.8655,0,0.14136,-,-,-,AA,8.2342,168.4,-,272532.0,https://www.ishares.com/us/products/272532/ishares-exponential-technologies-etf
IJK,iShares S&P Mid-Cap 400 Growth ETF,US4642876068,7261678907.15,United States,2000-07-24,0.17,-,Equity,Mid Cap,North America,USD,Developed,-,United States,-,98100000,No,-,Distributing,S&P MidCap 400(R) Growth Index,74.02323,2022-08-11,2971.35638629093,Yes,Index,2022-06-30 00:00:00,15.46,1.68,0.3,45.17,-20.62,2022-07-31 00:00:00,-11.38,10.63,8.77,8.7,7.56,2022-07-31 00:00:00,-15.45,-5.64,28.67,51.73,398.05,0.9866,0,0.20858,-,-,-,A,6.1302,169.79,-,239762.0,https://www.ishares.com/us/products/239762/ishares-sp-midcap-400-growth-etf
IPRA,iShares Listed Private Equity UCITS ETF USD (Acc),IE000D8FCSD8,925156.92,Ireland,2022-01-27,0.75,-,Equity,Large Cap,Global,USD,Developed,"Alternatives, Sectors",Broad,-,34079,Yes,iShares II plc,Accumulating,S&P LISTED PRIVATE EQUITY INDEX (NET),27.147419,2022-08-11,361.774909826171,Yes,Index,2022-06-30 00:00:00,-,-,-,-,-,2022-07-31 00:00:00,-,-,-,-,-,2022-07-31 00:00:00,-,-15.084929,-,-,-11.78117,-,0,0,-,-,-,-,-,-,-,325781.0,https://www.ishares.com/uk/individual/en/products/325781/ishares-listed-private-equity-ucits-etf
ILF,iShares Latin America 40 ETF,US4642873909,1093682775.42,United States,2001-10-25,0.47,-,Equity,Large Cap,Latin America,USD,Emerging,-,Broad,-,43750000,No,-,Distributing,S&P Latin America 40 Index,24.998463,2022-08-11,4132.84950880254,Yes,Index,2022-06-30 00:00:00,0.54,17.14,-34.57,50.3,-20.29,2022-07-31 00:00:00,-11.75,6.98,-5.9,-2.34,8.02,2022-07-31 00:00:00,4.53,-3.6,-16.66,-11.16,396.6,9.5694,0,0.20433,-,-,-,BB,3.4324,311.21,-,239761.0,https://www.ishares.com/us/products/239761/ishares-latin-america-40-etf
NYF,iShares New York Muni Bond ETF,US4642883239,528080672.01,United States,2007-10-04,0.25,-,Fixed Income,Municipals,North America,USD,Developed,Income,United States,-,9850000,No,-,Distributing,ICE AMT-Free New York Municipal Index,53.612251,2022-08-11,139.37,Yes,Index,2022-06-30 00:00:00,0.72,6.07,3.47,3.64,-8.14,2022-07-31 00:00:00,-6.42,-1.8,0.06,1.39,3.24,2022-07-31 00:00:00,-6.1,-3.59,0.18,7.17,60.42,1.9596,6.65,4.625,6.32329,3.48,-,-,-,-,-,239767.0,https://www.ishares.com/us/products/239767/ishares-new-york-amtfree-muni-bond-etf
BGRN,iShares USD Green Bond ETF,US46435U4408,280793971.45,United States,2018-11-13,0.2,-,Fixed Income,Credit,North America,USD,Developed,Sustainable,United States,-,5850000,No,BlackRock Fund Advisors,Distributing,Bloomberg MSCI USD Green Bond Select Index,47.998969,2022-08-11,111.840096,No,Index,2022-06-30 00:00:00,-,-,4.98,0.86,-11.49,2022-07-31 00:00:00,-11.17,-5.23,-1.93,-,1.22,2022-07-31 00:00:00,-9.34,-7.74,-5.68,-,4.62,2.8106,7.66,2.44458,5.75055,4.07,-,AA,8.3072,719.29,Impact,305296.0,https://www.ishares.com/us/products/305296/ishares-usd-green-bond-etf
MUB,iShares National Muni Bond ETF,US4642884146,29240372590.28,United States,2007-09-07,0.07,-,Fixed Income,Municipals,North America,USD,Developed,Income,United States,-,270500000,No,-,Distributing,ICE AMT-Free US National Municipal Index,108.097496,2022-08-11,145.53,Yes,Index,2022-06-30 00:00:00,1.12,6.41,4.27,3.6,-7.64,2022-07-31 00:00:00,-6.08,-1.75,0.44,1.76,3.32,2022-07-31 00:00:00,-5.81,-3.37,1.33,9.14,62.67,2.0282,5.82,4.53024,6.03156,3.15,-,-,-,-,-,239766.0,https://www.ishares.com/us/products/239766/ishares-national-amtfree-muni-bond-etf
DDBB,iShares $ Development Bank Bonds UCITS ETF USD (Acc),IE00BKRWN659,181113653.65,Ireland,2019-12-06,0.15,-,Fixed Income,Credit,Global,USD,Developed,Sustainable,Broad,-,37021006,Yes,iShares III plc,Accumulating,FTSE World Broad Investment-Grade USD Multi Dev Bank Bond Capped Index,4.892186,2022-08-11,126.70171,Yes,Index,2022-06-30 00:00:00,-,-,-,-0.464569,-6.208868,2022-07-31 00:00:00,-5.927243,-3.089341,-,-,-0.3782,2022-07-31 00:00:00,-4.512868,-3.409503,-,-,-0.999106,-,3.78,1.35033,3.58774,3.25,-,AAA,10,4.63,ESG Thematic,311441.0,https://www.ishares.com/uk/individual/en/products/311441/ishares-development-bank-bonds-ucits-etf
AOM,iShares Core Moderate Allocation ETF,US4642898757,1561030090.53,United States,2008-11-04,0.21,-,Multi Asset,Static Allocation,Global,USD,Developed,-,Broad,-,38600000,No,-,Distributing,S&P Target Risk Moderate Index,40.441194,2022-08-11,190.793307841068,Yes,Index,2022-06-30 00:00:00,4.2,6.73,4.99,15.19,-12.11,2022-07-31 00:00:00,-9.152782,-,3.427219,4.005023,5.679147,2022-07-31 00:00:00,-10.308728,-7.543262,10.638056,21.694673,113.570207,1.2293,5.2,2.391,-,-,-,A,7.0081,212.83,-,239765.0,https://www.ishares.com/us/products/239765/ishares-moderate-allocation-etf
IJJ,iShares S&P Mid-Cap 400 Value ETF,US4642877058,7583623970.65,United States,2000-07-24,0.18,-,Equity,Mid Cap,North America,USD,Developed,-,United States,-,72100000,No,-,Distributing,S&P MidCap 400(R) Value Index,105.182025,2022-08-11,3234.68023343817,Yes,Index,2022-06-30 00:00:00,10.94,0.55,-14.92,61.1,-8.84,2022-07-31 00:00:00,-0.27,24.94,10.5,8.56,10.13,2022-07-31 00:00:00,-6.2,-2.31,34.94,50.77,737.84,1.6731,0,0.03769,-,-,-,AA,7.1765,227.82,-,239764.0,https://www.ishares.com/us/products/239764/ishares-sp-midcap-400-value-etf
IGV,iShares Expanded Tech-Software Sector ETF,US4642875151,4684561881.07,United States,2001-07-10,0.4,-,Equity,All Cap,North America,USD,Developed,"Sectors, Industry",United States,-,15150000,No,-,Distributing,S&P North American Technology-Software Index(TM),309.212005,2022-08-11,644.853071716488,Yes,Index,2022-06-30 00:00:00,33.47,19.87,30.84,37.38,-30.92,2022-07-31 00:00:00,-26.76,-0.02,10.19,15.93,9.07,2022-07-31 00:00:00,-25.68,-17.03,33.78,109.38,522.97,0.0376,0,-0.00068,-,-,-,AAA,8.9217,10.11,-,239771.0,https://www.ishares.com/us/products/239771/ishares-north-american-techsoftware-etf
IGM,iShares Expanded Tech Sector ETF,US4642875490,3997957796.7,United States,2001-03-13,0.4,-,Equity,All Cap,North America,USD,Developed,"Sectors, Industry",United States,-,11650000,No,-,Distributing,S&P North American Technology Sector Index(TM),343.172343,2022-08-11,660.132911467965,Yes,Index,2022-06-30 00:00:00,34.15,12.54,30.17,44.85,-26.93,2022-07-31 00:00:00,-19.46,5.83,14.64,17.62,9.13,2022-07-31 00:00:00,-24.18,-16.48,50.65,125.11,548.15,0.3027,0,0.14478,-,-,-,AA,8.1799,21.44,-,239769.0,https://www.ishares.com/us/products/239769/ishares-north-american-tech-etf
IGE,iShares North American Natural Resources ETF,US4642873743,885462791.66,United States,2001-10-22,0.4,-,Equity,All Cap,North America,USD,Developed,Sectors,Broad,-,22950000,No,-,Distributing,S&P North American Natural Resources Sector Index(TM),38.582257,2022-08-11,403.089709665279,Yes,Index,2022-06-30 00:00:00,19.15,-14.55,-24.79,45.17,21.56,2022-07-31 00:00:00,37.91,36.86,13.43,7,6.44,2022-07-31 00:00:00,24.11,12.4,45.93,40.27,265.58,2.8114,0,0.14034,-,-,-,AAA,8.9099,646.13,-,239768.0,https://www.ishares.com/us/products/239768/ishares-north-american-natural-resources-etf
IJS,iShares S&P Small-Cap 600 Value ETF,US4642878791,7447923562.7,United States,2000-07-24,0.18,-,Equity,Small Cap,North America,USD,Developed,-,United States,-,75400000,No,-,Distributing,S&P SmallCap 600(R) Value Index,98.778827,2022-08-11,1831.26590316041,Yes,Index,2022-06-30 00:00:00,18.33,-7.4,-17.41,76.82,-14.24,2022-07-31 00:00:00,-2.61,26.8,10.38,8.17,9.7,2022-07-31 00:00:00,-6.94,-2.7,34.5,48.06,667.88,1.3902,0,-0.30811,-,-,-,BBB,5.3624,141.46,-,239775.0,https://www.ishares.com/us/products/239775/ishares-sp-smallcap-600-value-etf
IHAK,iShares Cybersecurity and Tech ETF,US46435U1354,564203764.46,United States,2019-06-11,0.47,-,Equity,Large/Mid Cap,Global,USD,Developed,-,Broad,-,14700000,No,BlackRock Fund Advisors,Distributing,NYSE FactSet Global Cyber Security Index,38.381208,2022-08-11,3277.21282770804,No,Index,2022-06-30 00:00:00,-,-,22.48,38.83,-18.17,2022-07-31 00:00:00,-15.73,4.84,12,-,13.72,2022-07-31 00:00:00,-17.52,-8.97,40.51,-,49.75,0.3293,0,0.0391,-,-,-,AA,7.2385,9.62,-,307352.0,https://www.ishares.com/us/products/307352/ishares-cybersecurity-and-tech-etf
IJR,iShares Core S&P Small-Cap ETF,US4642878049,69956352320.04,United States,2000-05-22,0.06,-,Equity,Small Cap,North America,USD,Developed,-,United States,-,674600000,No,-,Distributing,S&P SmallCap 600 Index,103.700493,2022-08-11,1741.29827656188,Yes,Index,2022-06-30 00:00:00,20.48,-4.85,-11.26,67.23,-16.9,2022-07-31 00:00:00,-6.34,21.19,10.29,9.03,9.86,2022-07-31 00:00:00,-10.88,-3.88,34.14,54.05,706.82,1.4076,0,-1.4231,-,-,-,BBB,5.4397,132.1,-,239774.0,https://www.ishares.com/us/products/239774/ishares-core-sp-smallcap-etf
IJT,iShares S&P Small-Cap 600 Growth ETF,US4642878874,5964330340.61,United States,2000-07-24,0.18,-,Equity,Small Cap,North America,USD,Developed,-,United States,-,49750000,No,-,Distributing,S&P SmallCap 600(R) Growth Index,119.886037,2022-08-11,1486.48374256955,Yes,Index,2022-06-30 00:00:00,22.19,-2.55,-5.94,57.05,-19.77,2022-07-31 00:00:00,-10.37,15.45,9.37,9.24,8.96,2022-07-31 00:00:00,-14.87,-5.27,30.81,55.59,561.24,0.8662,0,-1.69724,-,-,-,BBB,5.5257,121.64,-,239773.0,https://www.ishares.com/us/products/239773/ishares-sp-smallcap-600-growth-etf
SUB,iShares Short-Term National Muni Bond ETF,US4642881589,8956042093.55,United States,2008-11-05,0.07,-,Fixed Income,Municipals,North America,USD,Developed,Income,United States,-,85350000,No,-,Distributing,ICE Short Maturity AMT-Free US National Municipal Index,104.933124,2022-08-11,115.617,Yes,Index,2022-06-30 00:00:00,0.32,3.01,2.61,0.88,-2.38,2022-07-31 00:00:00,-1.77,-0.55,0.47,0.98,1.4,2022-07-31 00:00:00,-1.51,-0.29,1.43,5,21.02,0.8323,2.07,4.78393,1.94311,1.91,-,-,-,-,-,239772.0,https://www.ishares.com/us/products/239772/ishares-shortterm-national-amtfree-muni-bond-etf
LQDMX,iShares $ Corp Bond UCITS ETF MXN Hedged (Acc),IE00BLF5J438,11505897.01,Ireland,2020-08-19,0.25,-,Fixed Income,Credit,North America,MXN,Developed,Currency Hedged,United States,Hedged,2108,Yes,iShares plc,Accumulating,IBOXX US Dollar Liquid Investment Grade Index,5458.20541,2022-08-11,301.716007827015,Yes,Index,2022-06-30 00:00:00,-,-,-,-,-11.44118,2022-07-31 00:00:00,-8.966675,-,-,-,-1.702307,2022-07-31 00:00:00,-9.858145,-6.647752,-,-,-3.288038,-,13.5,3.69319,8.82962,4.55,3.99,AAA,8.9532,154.16,-,315556.0,https://www.ishares.com/uk/individual/en/products/315556/ishares-corp-bond-ucits-etf
LQMHX,iShares $ Corp Bond Interest Rate Hedged UCITS ETF MXN Hedged (Acc),IE00BLF5J545,22850491.34,Ireland,2020-08-19,0.3,-,Fixed Income,Credit,North America,MXN,Developed,Currency Hedged,United States,Hedged,3540,Yes,iShares plc,Accumulating,IBOXX US Dollar Liquid Investment Grade IR Hedged Index,6454.941055,2022-08-11,130.772446293338,Yes,Index,2022-06-30 00:00:00,-,-,-,-,-0.510439,2022-07-31 00:00:00,1.797579,-,-,-,5.912622,2022-07-31 00:00:00,-0.220869,0.791988,-,-,11.83526,-,13.37,3.65283,0.03866,3.78,3.75,AAA,8.9888,152.94,-,315557.0,https://www.ishares.com/uk/individual/en/products/315557/ishares-corp-bond-interest-rate-hedged-ucits-etf
SDHMX,iShares $ Short Duration High Yield Corp Bond UCITS ETF MXN Hedged (Acc),IE00BLF5J651,255149902.81,Ireland,2020-08-19,0.5,-,Fixed Income,High Yield,North America,MXN,Developed,Currency Hedged,United States,Hedged,38584,Yes,iShares IV plc,Accumulating,Markit iBoxx USD Liquid High Yield 0-5 Capped Index,6612.842183,2022-08-11,176.599778558041,Yes,Index,2022-06-30 00:00:00,-,-,-,-,-1.427483,2022-07-31 00:00:00,3.39814,-,-,-,7.453573,2022-07-31 00:00:00,0.14877,1.448346,-,-,15.025454,-,2.66,5.58131,2.26531,6.01,6.56,BBB,4.8705,254.44,-,315559.0,https://www.ishares.com/uk/individual/en/products/315559/ishares-short-duration-high-yield-corp-bond-ucits-etf
CMES,iShares J.P. Morgan ESG $ EM Bond UCITS ETF CHF Hedged (Acc),IE00BKP5L623,399804189.84,Ireland,2019-11-20,0.5,-,Fixed Income,Government,Global,CHF,Emerging,"Currency Hedged, Sustainable",Broad,Hedged,95973041,Yes,iShares II plc,Accumulating,J.P. Morgan ESG-Emerging Markets Bond Index Global Diversified,4.165796,2022-08-11,120.148826,Yes,Index,2022-06-30 00:00:00,-,-,-,4.733004,-23.237548,2022-07-31 00:00:00,-21.218809,-10.738849,-,-,-7.189764,2022-07-31 00:00:00,-19.224131,-16.487953,-,-,-18.212132,-,12.5,4.48559,7.57398,6.73,-,BB,3.9463,602.1,ESG Broad,311469.0,https://www.ishares.com/de/privatanleger/de/produkte/311469/ishares-jp-morgan-advanced-em-bond-ucits-etf
IMBE,iShares US Mortgage Backed Securities UCITS ETF EUR Hedged (Acc),IE00BKP5L409,116939098.66,Ireland,2019-11-20,0.3,-,Fixed Income,Mortgages,North America,EUR,Developed,Currency Hedged,Broad,Hedged,25509197,Yes,iShares IV plc,Accumulating,Bloomberg U.S. MBS Index,4.584193,2022-08-11,2136.370816,Yes,Index,2022-06-30 00:00:00,-,-,-,-1.622676,-10.515956,2022-07-31 00:00:00,-8.374587,-4.856556,-,-,-2.677497,2022-07-31 00:00:00,-6.952965,-5.416604,-,-,-7.051731,-,7.99,2.67193,6.12902,3.5,-,-,-,-,-,311470.0,https://www.ishares.com/uk/individual/en/products/311470/ishares-us-mortgage-backed-securities-ucits-etf
IDTG,iShares $ Treasury Bond 20+yr UCITS ETF GBP Hedged (Dist),IE00BK5MT033,606824303.86,Ireland,2019-11-20,0.1,-,Fixed Income,Government,North America,GBP,Developed,Currency Hedged,United States,Hedged,151068874,Yes,iShares IV plc,Distributing,IDC US Treasury 20+ Year Index,4.016871,2022-08-11,109.601,Yes,Index,2022-06-30 00:00:00,-,-,-,-10.886179,-19.645628,2022-07-31 00:00:00,-20.558552,-16.062564,-,-,-5.58138,2022-07-31 00:00:00,-20.251559,-17.037084,-,-,-14.336814,2.4895,25.9,2.48559,18.01342,3.33,3.05,A,5.8316,3.19,-,311465.0,https://www.ishares.com/uk/individual/en/products/311465/ishares-treasury-bond-20+yr-ucits-etf
SLMG,iShares J.P. Morgan ESG $ EM Bond UCITS ETF EUR Hedged (Acc),IE00BKP5L730,335696027.38,Ireland,2019-11-20,0.5,-,Fixed Income,Government,Global,EUR,Emerging,"Currency Hedged, Sustainable",Broad,Hedged,80135680,Yes,iShares II plc,Accumulating,J.P. Morgan ESG-Emerging Markets Bond Index Global Diversified,4.189095,2022-08-11,120.148826,Yes,Index,2022-06-30 00:00:00,-,-,-,5.017298,-23.10512,2022-07-31 00:00:00,-21.050679,-10.500601,-,-,-6.995111,2022-07-31 00:00:00,-19.111098,-16.401469,-,-,-17.749118,-,12.5,4.48559,7.57398,6.73,-,BB,3.9463,602.1,ESG Broad,311466.0,https://www.ishares.com/uk/individual/en/products/311466/ishares-jp-morgan-advanced-em-bond-ucits-etf
UEEF,iShares $ High Yield Corp Bond ESG UCITS ETF EUR Hedged (Acc),IE00BMDFDY08,237329451.85,Ireland,2020-08-19,0.27,-,Fixed Income,High Yield,North America,EUR,Developed,"Currency Hedged, Sustainable",United States,Hedged,48372515,Yes,iShares II plc,Accumulating,BBG MSCI US Corporate High Yield Sustainable BB+ SRI Bond Index,4.906287,2022-08-11,109.573583,Yes,Index,2022-06-30 00:00:00,-,-,-,-,-14.507311,2022-07-31 00:00:00,-9.814412,-,-,-,-1.519767,2022-07-31 00:00:00,-10.225859,-7.353719,-,-,-2.938018,-,6.02,5.42111,4.28579,6.9,-,AA,7.3898,163.89,ESG Broad,315562.0,https://www.ishares.com/uk/individual/en/products/315562/ishares-high-yield-corp-bond-esg-sri-ucits-etf
UEEG,iShares $ Development Bank Bonds UCITS ETF EUR Hedged (Acc),IE00BMCZLH06,213323593.91,Ireland,2020-08-19,0.18,-,Fixed Income,Credit,Global,EUR,Developed,"Currency Hedged, Sustainable",Broad,Hedged,46882414,Yes,iShares III plc,Accumulating,FTSE World Broad Investment-Grade USD Multi Dev Bank Bond Capped Index,4.550183,2022-08-11,126.70171,Yes,Index,2022-06-30 00:00:00,-,-,-,-,-7.321276,2022-07-31 00:00:00,-7.145647,-,-,-,-4.136337,2022-07-31 00:00:00,-5.373736,-4.212567,-,-,-7.896465,-,3.78,1.35033,3.58774,3.25,-,AAA,10,4.63,ESG Thematic,315563.0,https://www.ishares.com/uk/individual/en/products/315563/ishares-development-bank-bonds-ucits-etf
BNKS,iShares S&P U.S. Banks UCITS ETF USD (Acc),IE00BD3V0B10,584948812.55,Ireland,2018-05-21,0.35,-,Equity,All Cap,North America,USD,Developed,-,United States,-,101839916,Yes,iShares V plc,Accumulating,S&P 900 Banks (Industry) 7/4 Capped Index,5.743806,2022-08-11,342.387242002338,Yes,Index,2022-06-30 00:00:00,-,-4.535733,-24.585977,73.754793,-14.815372,2022-07-31 00:00:00,-4.654052,26.712599,5.112833,-,1.835123,2022-07-31 00:00:00,-14.047129,-16.129503,16.136097,-,7.915081,-,0,0.07041,-,-,-,AA,7.1853,7.14,-,297140.0,https://www.ishares.com/uk/individual/en/products/297140/ishares-s-p-u-s-banks-ucits-etf
ICOR,iShares Core Corporate Bond ETF,AU0000088494,27504310.44,Australia,2020-05-27,-,0.15,Fixed Income,Credit,Asia Pacific,AUD,Developed,"Income, Core ETFs",Australia,-,300076,No,BlackRock Investment Management (Australia) Limite,-,Bloomberg AusBond Credit 0+ Yr Index,91.657815,2022-08-12,-,No,Index,2022-06-30 00:00:00,-,-,-,2.284254,-9.385886,2022-07-31 00:00:00,-8.152181,-3.064291,-,-,-2.031912,2022-07-31 00:00:00,-5.868383,-5.295521,-,-,-4.366716,1.496434,3.88,3.00082,3.4796,4.45,-,AAA,9.5247,95.59,Screened,313534.0,https://www.blackrock.com/au/products/313534/ishares-core-corporate-bond-etf
UEEH,iShares Edge MSCI World Minimum Volatility UCITS ETF USD (Dist),IE00BMCZLJ20,27756351.36,Ireland,2020-08-19,0.3,-,Equity,Large/Mid Cap,Global,USD,Developed,Smart Beta,Broad,-,5210033,Yes,iShares VI plc,Distributing,MSCI WORLD MINIMUM VOLATILITY (USD),5.32748,2022-08-11,4343.472342,Yes,Index,2022-06-30 00:00:00,-,-,-,-,-6.602347,2022-07-31 00:00:00,-5.775747,-,-,-,4.245362,2022-07-31 00:00:00,-9.253715,-3.936859,-,-,8.432755,1.529804,0,0.456,-,-,-,AAA,9.0902,276.35,-,315588.0,https://www.ishares.com/uk/individual/en/products/315588/ishares-edge-msci-world-minimum-volatility-ucits-etf
IYLD,iShares Yield Plus ETF,AU0000088502,18582669.86,Australia,2020-05-27,-,0.12,Fixed Income,Credit,Asia Pacific,AUD,Developed,Income,Australia,-,190291,No,BlackRock Investment Management (Australia) Limite,-,Bloomberg AusBond Credit and FRN Ex Big 4 Banks Index,97.653961,2022-08-12,-,No,Index,2022-06-30 00:00:00,-,-,-,1.925314,-2.67596,2022-07-31 00:00:00,-2.226963,-0.31708,-,-,0.2259,2022-07-31 00:00:00,-1.684552,-1.521708,-,-,0.491986,1.107841,2.22,2.7636,1.11141,4.15,-,AAA,10,26.16,Screened,313537.0,https://www.blackrock.com/au/products/313537/ishares-yield-plus-etf
SASU,iShares MSCI USA ESG Screened UCITS ETF USD (Acc),IE00BFNM3G45,4284657099.14,Ireland,2018-10-19,0.07,-,Equity,Large/Mid Cap,North America,USD,Developed,Sustainable,United States,-,523931203,Yes,iShares IV plc,Accumulating,MSCI USA ESG Screened Index,8.1779,2022-08-11,3814.027365,Yes,Index,2022-06-30 00:00:00,-,-,9.258612,42.816764,-13.194915,2022-07-31 00:00:00,-7.156929,13.144465,13.419386,-,13.229833,2022-07-31 00:00:00,-14.192922,-8.803871,45.902211,-,59.956561,-,0,0.43691,-,-,-,AA,8.3595,81.69,Screened,305356.0,https://www.ishares.com/uk/individual/en/products/305356/ishares-msci-usa-screened-ucits-etf
SDUS,iShares MSCI USA ESG Screened UCITS ETF USD (Dist),IE00BFNM3H51,392426925.41,Ireland,2018-10-19,0.07,-,Equity,Large/Mid Cap,North America,USD,Developed,Sustainable,United States,-,50298576,Yes,iShares IV plc,Distributing,MSCI USA ESG Screened Index,7.801949,2022-08-11,3814.027365,Yes,Index,2022-06-30 00:00:00,-,-,9.257807,42.81631,-13.194968,2022-07-31 00:00:00,-7.157016,13.144248,13.419026,-,13.229441,2022-07-31 00:00:00,-14.192978,-8.80396,45.900823,-,59.954468,-,0,0.43691,-,-,-,AA,8.3595,81.69,Screened,305357.0,https://www.ishares.com/uk/individual/en/products/305357/ishares-msci-usa-screened-ucits-etf
EXCH,iShares MSCI EM ex-China UCITS ETF USD (Acc),IE00BMG6Z448,29038652.67,Ireland,2021-04-26,0.25,-,Equity,Large/Mid Cap,Global,USD,Emerging,-,Broad,-,6600000,Yes,iShares IV plc,Accumulating,MSCI Emerging Markets ex China (Net),4.399795,2022-08-11,6066.716813,Yes,Index,2022-06-30 00:00:00,-,-,-,-,-21.733635,2022-07-31 00:00:00,-15.90996,-,-,-,-12.835232,2022-07-31 00:00:00,-17.085079,-15.941681,-,-,-15.874227,-,0,0.32359,-,-,-,A,5.8152,371.46,-,315592.0,https://www.ishares.com/ch/professionals/en/products/315592/ishares-msci-em-ex-china-ucits-etf
SDUE,iShares MSCI Europe ESG Screened UCITS ETF EUR (Dist),IE00BFNM3F38,163635193.15,Ireland,2018-10-19,0.12,-,Equity,Large/Mid Cap,Europe,EUR,Developed,Sustainable,Broad,-,26865735,Yes,iShares IV plc,Distributing,MSCI Europe ESG Screened Index,6.090851,2022-08-11,2365.396839,Yes,Index,2022-06-30 00:00:00,-,-,-3.926009,28.653304,-8.316452,2022-07-31 00:00:00,-2.87318,13.135492,6.842047,-,7.956509,2022-07-31 00:00:00,-8.7814,-4.977711,21.962579,-,33.566967,2.87152,0,0.10039,-,-,-,AAA,9.4737,102.53,Screened,305364.0,https://www.ishares.com/uk/individual/en/products/305364/ishares-msci-europe-screened-ucits-etf
PFF,iShares Preferred and Income Securities ETF,US4642886877,16134451629.95,United States,2007-03-26,0.45,-,Equity,All Cap,North America,USD,Developed,"Equity Income, Income",United States,-,461950000,No,-,Distributing,ICE Exchange-Listed Preferred & Hybrid Securities Index,34.926835,2022-08-11,126.5355,Yes,Index,2022-06-30 00:00:00,1.59,3.61,-1.23,19.86,-12.81,2022-07-31 00:00:00,-7.91,2.66,2.57,2.78,3.96,2022-07-31 00:00:00,-9.73,-5.6,7.91,14.69,81.44,4.6422,16.18,5.71684,-,-,-,A,6.2694,338.1,-,239826.0,https://www.ishares.com/us/products/239826/ishares-us-preferred-stock-etf
JPXN,iShares JPX-Nikkei 400 ETF,US4642873826,53606642.84,United States,2001-10-23,0.48,-,Equity,Large/Mid Cap,Asia Pacific,USD,Developed,-,Japan,-,900000,No,-,Distributing,JPX-Nikkei Index 400,59.562936,2022-08-11,15276.2437362371,Yes,Index,2022-06-30 00:00:00,9.84,-5.49,3.39,22.8,-19.94,2022-07-31 00:00:00,-14.37,3.17,2.57,1.89,3.51,2022-07-31 00:00:00,-15.15,-11.4,7.92,9.79,104.93,2.1427,0,-0.00861,-,-,-,AAA,8.5896,84.9,-,239831.0,https://www.ishares.com/us/products/239831/ishares-japan-largecap-etf
IGOV,iShares International Treasury Bond ETF,US4642881175,1062307642.56,United States,2009-01-21,0.35,-,Fixed Income,Government,Global,USD,Developed,Income,Broad,-,25350000,No,-,Distributing,FTSE World Government Bond Index - Developed Markets Capped,41.905627,2022-08-11,103.77582,Yes,Index,2022-06-30 00:00:00,3.07,3.7,0.36,2.73,-21.66,2022-07-31 00:00:00,-20.97,-11.31,-5.83,-2.99,0.21,2022-07-31 00:00:00,-16.75,-14.64,-16.49,-14.07,2.87,0,10.19,1.67835,8.62242,1.58,-,A,6.2465,-,-,239830.0,https://www.ishares.com/us/products/239830/ishares-international-treasury-bond-etf
ISHG,iShares 1-3 Year International Treasury Bond ETF,US4642881258,66439843.88,United States,2009-01-21,0.35,-,Fixed Income,Government,Global,USD,Developed,Income,Broad,-,950000,No,-,Distributing,FTSE World Government Bond Index-Dev Markets 1-3 Years Capped Select Index,69.936678,2022-08-11,81.72969,Yes,Index,2022-06-30 00:00:00,1.24,-0.95,-1.45,3.95,-13.98,2022-07-31 00:00:00,-14.41,-7.49,-3.68,-3.1,-1.44,2022-07-31 00:00:00,-11.14,-9.88,-10.63,-14.57,-17.83,0,1.96,1.46869,1.91907,1.15,-,A,6.1492,-,-,239829.0,https://www.ishares.com/us/products/239829/ishares-13-year-international-treasury-bond-etf
SAEU,iShares MSCI Europe ESG Screened UCITS ETF EUR (Acc),IE00BFNM3D14,1642228755.92,Ireland,2018-10-19,0.12,-,Equity,Large/Mid Cap,Europe,EUR,Developed,Sustainable,Broad,-,244910312,Yes,iShares IV plc,Accumulating,MSCI Europe ESG Screened Index,6.705429,2022-08-11,2365.396839,Yes,Index,2022-06-30 00:00:00,-,-,-3.925142,28.653721,-8.315659,2022-07-31 00:00:00,-2.872278,13.136173,6.842805,-,7.957085,2022-07-31 00:00:00,-8.78071,-4.977002,21.965176,-,33.569659,-,0,0.10039,-,-,-,AAA,9.4737,102.53,Screened,305363.0,https://www.ishares.com/uk/individual/en/products/305363/ishares-msci-europe-screened-ucits-etf
IDTC,iShares $ Treasury Bond 7-10yr UCITS ETF CHF Hedged (Acc),IE00BK7Y2R57,101543310.08,Ireland,2019-06-26,0.1,-,Fixed Income,Government,North America,CHF,Developed,Currency Hedged,United States,Hedged,22040941,Yes,iShares II plc,Accumulating,IDC US Treasury 7-10 Year Index,4.607031,2022-08-11,109.432,Yes,Index,2022-06-30 00:00:00,-,-,9.754803,-5.555458,-11.991944,2022-07-31 00:00:00,-11.175647,-7.890831,-1.967051,-,-1.926356,2022-07-31 00:00:00,-9.159214,-7.010134,-5.785834,-,-5.841595,-,8.58,1.46542,7.88318,2.87,2.12,A,5.8124,-,-,309471.0,https://www.ishares.com/ch/professionals/en/products/309471/ishares-treasury-bond-7-10yr-ucits-etf
IBTC,iShares $ Treasury Bond 1-3yr UCITS ETF CHF Hedged (Acc),IE00BK7XZ629,123895397.7,Ireland,2019-06-26,0.1,-,Fixed Income,Government,North America,CHF,Developed,Currency Hedged,United States,Hedged,26089570,Yes,iShares plc,Accumulating,IDC US Treasury 1-3 Year Index,4.748847,2022-08-11,105.891,Yes,Index,2022-06-30 00:00:00,-,-,1.382016,-1.079396,-4.868149,2022-07-31 00:00:00,-4.730975,-2.88203,-1.343189,-,-1.414085,2022-07-31 00:00:00,-3.617487,-2.835219,-3.975684,-,-4.311343,-,1.91,1.45373,1.85314,3.24,0.61,A,5.8124,-,-,309464.0,https://www.ishares.com/ch/professionals/en/products/309464/ishares-treasury-bond-1-3yr-ucits-etf
DPYA,iShares Developed Markets Property Yield UCITS ETF USD (Acc),IE00BFM6T921,279238335.03,Ireland,2018-05-10,0.59,-,Real Estate,Real Estate Securities,Global,USD,Developed,-,Broad,-,48058260,Yes,iShares II plc,Accumulating,FTSE EPRA/NAREIT Developed Dividend+ Index,5.810412,2022-08-11,3932.27603068,Yes,Index,2022-06-30 00:00:00,-,7.890535,-16.516753,33.60512,-12.949123,2022-07-31 00:00:00,-10.024886,10.197479,1.264956,-,3.272396,2022-07-31 00:00:00,-13.447924,-8.685658,3.843073,-,14.563067,-,0,-0.11003,-,-,-,A,6.9052,95.85,-,297188.0,https://www.ishares.com/uk/individual/en/products/297188/ishares-developed-markets-property-yield-ucits-etf
DTLA,iShares $ Treasury Bond 20+yr UCITS ETF USD (Acc),IE00BFM6TC58,705675532.48,Ireland,2018-05-10,0.07,-,Fixed Income,Government,North America,USD,Developed,-,United States,-,134024448,Yes,iShares IV plc,Accumulating,ICE U.S. Treasury 20+ Year Bond Index,5.265274,2022-08-11,109.601,Yes,Index,2022-06-30 00:00:00,-,12.067263,25.883801,-10.708973,-19.185498,2022-07-31 00:00:00,-20.088623,-15.812181,-2.388316,-,1.675505,2022-07-31 00:00:00,-19.930775,-16.721263,-6.995187,-,7.267704,-,25.9,2.48559,18.01342,3.33,3.05,A,5.8316,3.19,-,297191.0,https://www.ishares.com/uk/individual/en/products/297191/ishares-treasury-bond-20+yr-ucits-etf
CRPA,iShares Global Corp Bond UCITS ETF USD (Acc),IE00BFM6TB42,134599806.66,Ireland,2018-05-10,0.2,-,Fixed Income,Credit,Global,USD,Developed,-,Broad,-,26403499,Yes,iShares plc,Accumulating,Bloomberg Global Aggregate Corporate Bond Index,5.097801,2022-08-11,248.330211,Yes,Index,2022-06-30 00:00:00,-,7.629788,5.428262,5.498609,-16.559543,2022-07-31 00:00:00,-15.349211,-6.848118,-1.599831,-,0.482907,2022-07-31 00:00:00,-13.105323,-10.399961,-4.723118,-,2.054859,-,9.27,3.08597,6.52368,4.02,3.64,AAA,8.645,233.77,-,297186.0,https://www.ishares.com/uk/individual/en/products/297186/ishares-global-corp-bond-ucits-etf
IE3E,iShares € Corp Bond 0-3yr ESG UCITS ETF EUR (Acc),IE000AK4O3W6,91021985.56,Ireland,2022-05-25,0.12,-,Fixed Income,Credit,Europe,EUR,Developed,Sustainable,Broad,-,18226471,Yes,iShares II plc,Accumulating,Bloomberg MSCI Euro Corporate 0-3 Sustainable SRI Index,4.993944,2022-08-11,134.732579,Yes,Index,2022-06-30 00:00:00,-,-,-,-,-,2022-07-31 00:00:00,-,-,-,-,-,2022-07-31 00:00:00,-,-,-,-,-0.0024,-,1.66,1.40639,1.5624,1.73,-,AAA,10,77.61,ESG Broad,327917.0,https://www.ishares.com/uk/individual/en/products/327917/ishares-corp-bond-0-3yr-esg-sri-ucits-etf
SMUD,iShares MSCI EMU ESG Screened UCITS ETF EUR (Dist),IE00BFNM3C07,313985982.82,Ireland,2018-10-19,0.12,-,Equity,Large/Mid Cap,Europe,EUR,Developed,Sustainable,Broad,-,54599175,Yes,iShares IV plc,Distributing,MSCI EMU ESG Screened Index,5.750745,2022-08-11,2387.360284,Yes,Index,2022-06-30 00:00:00,-,-,-4.829948,30.916088,-13.884485,2022-07-31 00:00:00,-8.877062,10.604079,4.756649,-,6.028807,2022-07-31 00:00:00,-13.189738,-9.796842,14.959482,-,24.771781,2.968311,0,0.02555,-,-,-,AAA,9.2937,120.16,Screened,305391.0,https://www.ishares.com/uk/individual/en/products/305391/ishares-msci-emu-screened-ucits-etf
IEXA,iShares € Corp Bond ex-Financials UCITS ETF EUR (Acc),IE0000BH4WF5,159094.87,Ireland,2022-05-25,0.2,-,Fixed Income,Credit,Europe,EUR,Developed,-,Broad,-,31756,Yes,iShares III plc,Accumulating,BBG Euro Corporate Ex Financials Index,5.009915,2022-08-11,225.773839,Yes,Index,2022-06-30 00:00:00,-,-,-,-,-,2022-07-31 00:00:00,-,-,-,-,-,2022-07-31 00:00:00,-,-,-,-,0.825088,-,5.68,1.46643,5.24174,2.31,2.96,AA,7.9396,211.56,-,327918.0,https://www.ishares.com/uk/individual/en/products/327918/ishares-corp-bond-ex-financials-ucits-etf
SLV,iShares Silver Trust,US46428Q1094,9961802270.84,United States,2006-04-21,0.5,-,Commodity,Precious Metals,Global,USD,Developed,-,Broad,-,526100000,No,-,NA ,LBMA Silver Price,18.935188,2022-08-11,2054,Yes,Index,2022-06-30 00:00:00,-3.21,-5.5,16.63,43.74,-21.18,2022-07-31 00:00:00,-21.67,-9.16,6.26,3.15,2.6,2022-07-31 00:00:00,-13.35,-11.01,19.98,16.8,51.83,-,0,0,-,-,-,-,-,-,-,239855.0,https://www.ishares.com/us/products/239855/ishares-silver-trust-fund
NEAR,BlackRock Short Maturity Bond ETF,US46431W5076,4436179577.27,United States,2013-09-25,0.25,-,Fixed Income,Multi Sectors,North America,USD,Developed,Income,United States,-,90000000,No,-,Distributing,,49.290884,2022-08-11,122.121232,No,Active,2022-06-30 00:00:00,1.59,2.99,1.74,1.4,-1.1,2022-07-31 00:00:00,-0.89,0.11,0.69,1.33,1.22,2022-07-31 00:00:00,-0.8,-0.67,2.08,6.82,11.37,1.6009,1.31,2.54106,0.46723,3.76,-,AA,7.7191,155.05,-,239854.0,https://www.ishares.com/us/products/239854/ishares-short-maturity-bond-etf
IU0C,iShares $ Corp Bond 0-3yr ESG UCITS ETF CHF Hedged (Acc),IE00BMH5T376,8568783.77,Ireland,2021-02-24,0.14,-,Fixed Income,Credit,Global,CHF,Developed,"Currency Hedged, Sustainable",Broad,Hedged,1792739,Yes,iShares II plc,Accumulating,BBG MSCI USD Corporate 0-3 Sustainable SRI Index,4.779716,2022-08-11,117.602825,Yes,Index,2022-06-30 00:00:00,-,-,-,-,-4.26224,2022-07-31 00:00:00,-3.825188,-,-,-,-2.867265,2022-07-31 00:00:00,-2.978393,-2.299609,-,-,-4.084076,-,1.78,2.78587,1.50074,3.81,-,AAA,10,62.58,ESG Broad,317673.0,https://www.ishares.com/ch/professionals/en/products/317673/ishares-corp-bond-0-3yr-esg-sri-ucits-etf
MVWE,iShares Edge MSCI World Minimum Volatility ESG UCITS ETF EUR Hedged (Acc),IE00BMH5VP31,66106143.69,Ireland,2021-02-24,0.35,-,Equity,Large/Mid Cap,Global,EUR,Developed,"Currency Hedged, Smart Beta, Sustainable",Broad,Hedged,12199169,Yes,iShares VI plc,Accumulating,MSCI World Minimum Volatility ESG Reduced Carbon Target Index,5.418905,2022-08-11,3239.197449,Yes,Index,2022-06-30 00:00:00,-,-,-,-,-4.816584,2022-07-31 00:00:00,-3.940694,-,-,-,5.235497,2022-07-31 00:00:00,-9.054806,-3.66658,-,-,7.588512,-,0,0.16713,-,-,-,AAA,9.3924,93.95,ESG Broad,317674.0,https://www.ishares.com/uk/individual/en/products/317674/ishares-edge-msci-world-minimum-volatility-advanced-ucits-etf
MVEC,iShares Edge MSCI World Minimum Volatility ESG UCITS ETF CHF Hedged (Acc),IE00BMH5T269,107020874.08,Ireland,2021-02-24,0.35,-,Equity,Large/Mid Cap,Global,CHF,Developed,"Currency Hedged, Smart Beta, Sustainable",Broad,Hedged,19871888,Yes,iShares VI plc,Accumulating,MSCI World Minimum Volatility ESG Reduced Carbon Target Index,5.385541,2022-08-11,3239.197449,Yes,Index,2022-06-30 00:00:00,-,-,-,-,-5.233124,2022-07-31 00:00:00,-4.376346,-,-,-,4.783192,2022-07-31 00:00:00,-9.376775,-3.977516,-,-,6.926331,-,0,0.16713,-,-,-,AAA,9.3924,93.95,ESG Broad,317675.0,https://www.ishares.com/ch/professionals/en/products/317675/ishares-edge-msci-world-minimum-volatility-advanced-ucits-etf
SEDM,iShares MSCI EM IMI ESG Screened UCITS ETF USD (Dist),IE00BFNM3N12,216039179.55,Ireland,2018-10-19,0.18,-,Equity,All Cap,Global,USD,Emerging,Sustainable,Broad,-,40231453,Yes,iShares IV plc,Distributing,MSCI EM IMI ESG Screened Index,5.369907,2022-08-11,1477.057798,Yes,Index,2022-06-30 00:00:00,-,-,-2.79025,42.785579,-25.527738,2022-07-31 00:00:00,-20.573392,-1.239292,1.520479,-,3.511975,2022-07-31 00:00:00,-18.410539,-16.45358,4.631143,-,13.939098,2.225364,0,0.26888,-,-,-,BBB,5.3921,262.5,Screened,305396.0,https://www.ishares.com/uk/individual/en/products/305396/ishares-msci-em-imi-screened-ucits-etf
SAEM,iShares MSCI EM IMI ESG Screened UCITS ETF USD (Acc),IE00BFNM3P36,1843283915.65,Ireland,2018-10-19,0.18,-,Equity,All Cap,Global,USD,Emerging,Sustainable,Broad,-,320742844,Yes,iShares IV plc,Accumulating,MSCI EM IMI ESG Screened Index,5.746921,2022-08-11,1477.057798,Yes,Index,2022-06-30 00:00:00,-,-,-2.787362,42.790906,-25.523774,2022-07-31 00:00:00,-20.568958,-1.234729,1.524523,-,3.515085,2022-07-31 00:00:00,-18.408406,-16.451438,4.643648,-,13.952042,-,0,0.26888,-,-,-,BBB,5.3921,262.5,Screened,305397.0,https://www.ishares.com/uk/individual/en/products/305397/ishares-msci-em-imi-screened-ucits-etf
SAUM,iShares MSCI EMU ESG Screened UCITS ETF EUR (Acc),IE00BFNM3B99,837625688.91,Ireland,2018-10-19,0.12,-,Equity,Large/Mid Cap,Europe,EUR,Developed,Sustainable,Broad,-,132660288,Yes,iShares IV plc,Accumulating,MSCI EMU ESG Screened Index,6.314065,2022-08-11,2387.360284,Yes,Index,2022-06-30 00:00:00,-,-,-4.828709,30.916887,-13.884178,2022-07-31 00:00:00,-8.876592,10.604621,4.757515,-,6.029378,2022-07-31 00:00:00,-13.189486,-9.796265,14.962333,-,24.774319,-,0,0.02555,-,-,-,AAA,9.2937,120.16,Screened,305392.0,https://www.ishares.com/uk/individual/en/products/305392/ishares-msci-emu-screened-ucits-etf
AGGD,iShares Global Aggregate Bond ESG UCITS ETF USD Hedged (Acc),IE000HQY8R78,49927.62,Ireland,2022-05-25,0.1,-,Fixed Income,Credit,Global,USD,Developed,"Currency Hedged, Sustainable",Broad,Hedged,10000,Yes,iShares III plc,Accumulating,Bloomberg MSCI Global Aggregate Sustainable and Green Bond SRI Index,4.992762,2022-08-11,105.463968,Yes,Index,2022-06-30 00:00:00,-,-,-,-,-,2022-07-31 00:00:00,-,-,-,-,-,2022-07-31 00:00:00,-,-,-,-,0.357469,-,8.69,1.85883,6.99904,2.7,-,A,6.9023,124.49,ESG Broad,327920.0,https://www.ishares.com/uk/individual/en/products/327920/ishares-global-aggregate-bond-esg-sri-ucits-etf
SAJP,iShares MSCI Japan ESG Screened UCITS ETF USD (Acc),IE00BFNM3L97,1045859177.23,Ireland,2018-10-19,0.15,-,Equity,Large/Mid Cap,Asia Pacific,USD,Developed,Sustainable,Japan,-,197816469,Yes,iShares IV plc,Accumulating,MSCI Japan ESG Screened Index,5.287017,2022-08-11,1974.099551,Yes,Index,2022-06-30 00:00:00,-,-,3.400158,24.838697,-20.254134,2022-07-31 00:00:00,-14.608638,3.383362,2.826036,-,1.825691,2022-07-31 00:00:00,-16.002334,-11.350215,8.719958,-,7.079223,-,0,2.05907,-,-,-,AAA,8.9239,75.61,Screened,305412.0,https://www.ishares.com/uk/individual/en/products/305412/ishares-msci-japan-screened-ucits-etf
SDJP,iShares MSCI Japan ESG Screened UCITS ETF USD (Dist),IE00BFNM3M05,123856078.72,Ireland,2018-10-19,0.15,-,Equity,Large/Mid Cap,Asia Pacific,USD,Developed,Sustainable,Japan,-,24991941,Yes,iShares IV plc,Distributing,MSCI Japan ESG Screened Index,4.95584,2022-08-11,1974.099551,Yes,Index,2022-06-30 00:00:00,-,-,3.397644,24.837969,-20.276625,2022-07-31 00:00:00,-14.632675,3.368524,2.815811,-,1.817768,2022-07-31 00:00:00,-16.025656,-11.374873,8.687529,-,7.047726,2.181265,0,2.05907,-,-,-,AAA,8.9239,75.61,Screened,305411.0,https://www.ishares.com/uk/individual/en/products/305411/ishares-msci-japan-screened-ucits-etf
CBUM,iShares S&P 500 ESG UCITS ETF EUR Hedged (Acc),IE000CR7DJI8,10231.87,Ireland,2022-08-02,0.1,-,Equity,Large/Mid Cap,North America,EUR,Developed,"Currency Hedged, Sustainable",United States,Hedged,2000,Yes,iShares III plc,Accumulating,S&P 500 ESG Index,5.115935,2022-08-11,440.799526462952,Yes,Index,-,-,-,-,-,-,-,-,-,-,-,-,-,-,-,-,-,-,-,0,2.43797,-,-,-,-,-,-,ESG Broad,327951.0,https://www.ishares.com/uk/individual/en/products/327951/ishares-s-p-500-scored-and-screened-ucits-etf
SDWD,iShares MSCI World ESG Screened UCITS ETF USD (Dist),IE00BFNM3K80,356506564.15,Ireland,2018-10-19,0.2,-,Equity,Large/Mid Cap,Global,USD,Developed,Sustainable,Broad,-,52149286,Yes,iShares IV plc,Distributing,MSCI World ESG Screened Index,6.836269,2022-08-11,2965.645768,Yes,Index,2022-06-30 00:00:00,-,-,4.222992,39.73102,-14.946552,2022-07-31 00:00:00,-9.619102,10.641901,10.020768,-,10.069667,2022-07-31 00:00:00,-14.82216,-9.697918,33.1754,-,43.723198,1.524223,0,0.37563,-,-,-,AAA,8.7412,92.41,Screened,305418.0,https://www.ishares.com/uk/individual/en/products/305418/ishares-msci-world-screened-ucits-etf
SAWD,iShares MSCI World ESG Screened UCITS ETF USD (Acc),IE00BFNM3J75,1490058081.21,Ireland,2018-10-19,0.2,-,Equity,Large/Mid Cap,Global,USD,Developed,Sustainable,Broad,-,205777792,Yes,iShares IV plc,Accumulating,MSCI World ESG Screened Index,7.241102,2022-08-11,2965.645768,Yes,Index,2022-06-30 00:00:00,-,-,4.222989,39.731491,-14.946706,2022-07-31 00:00:00,-9.619284,10.641915,10.020569,-,10.069291,2022-07-31 00:00:00,-14.822157,-9.697934,33.174681,-,43.721343,-,0,0.37563,-,-,-,AAA,8.7412,92.41,Screened,305419.0,https://www.ishares.com/uk/individual/en/products/305419/ishares-msci-world-screened-ucits-etf
SUSE,iShares € Corp Bond 0-3yr ESG UCITS ETF EUR (Dist),IE00BYZTVV78,2675109449.69,Ireland,2016-01-07,0.12,-,Fixed Income,Credit,Europe,EUR,Developed,Sustainable,Broad,-,546843724,Yes,iShares II plc,Distributing,Bloomberg MSCI Euro Corp 0-3 Sustainable SRI Index,4.891908,2022-08-11,134.732579,Yes,Index,2022-06-30 00:00:00,-0.089999,0.466031,-0.621654,1.047019,-3.327454,2022-07-31 00:00:00,-2.279043,-0.791271,-0.632759,-0.314058,-0.115226,2022-07-31 00:00:00,-1.874691,-1.665591,-1.88629,-1.560456,-0.753911,0.069503,1.66,1.40639,1.5624,1.73,-,AAA,10,77.61,ESG Broad,280851.0,https://www.ishares.com/ch/professionals/en/products/280851/ishares-sustainable-euro-corporate-bond-0-3yr-ucits-etf
CBUE,iShares $ Treasury Bond 3-7yr UCITS ETF EUR Hedged (Dist),IE00BGPP6473,1098786599.31,Ireland,2019-02-25,0.1,-,Fixed Income,Government,North America,EUR,Developed,Currency Hedged,United States,Hedged,238389788,Yes,iShares VII plc,Distributing,ICE US Treasury 3-7 Year Index,4.609201,2022-08-11,107.821,Yes,Index,2022-06-30 00:00:00,-,-,5.81073,-2.348019,-8.949045,2022-07-31 00:00:00,-8.378354,-5.11928,-1.338052,-,-0.443822,2022-07-31 00:00:00,-6.231314,-4.751603,-3.960684,-,-1.511927,1.924412,4.83,1.62318,4.54902,3.06,2.07,A,5.8188,3.19,-,307493.0,https://www.ishares.com/uk/individual/en/products/307493/ishares-treasury-bond-3-7yr-ucits-etf
CBUG,iShares $ Treasury Bond 3-7yr UCITS ETF GBP Hedged (Dist),IE00BJJPVP04,501923938.73,Ireland,2019-02-25,0.1,-,Fixed Income,Government,North America,GBP,Developed,Currency Hedged,United States,Hedged,105392497,Yes,iShares VII plc,Distributing,ICE US Treasury 3-7 Year Index,4.762425,2022-08-11,107.821,Yes,Index,2022-06-30 00:00:00,-,-,6.943716,-1.723169,-8.099609,2022-07-31 00:00:00,-7.482608,-4.337305,-0.463619,-,0.48197,2022-07-31 00:00:00,-5.555494,-4.130173,-1.384419,-,1.660417,1.881394,4.83,1.62318,4.54902,3.06,2.07,A,5.8188,3.19,-,307494.0,https://www.ishares.com/uk/individual/en/products/307494/ishares-treasury-bond-3-7yr-ucits-etf
IBB1,iShares $ Treasury Bond 7-10yr UCITS ETF EUR Hedged (Dist),IE00BGPP6697,1868041827.25,Ireland,2019-02-25,0.1,-,Fixed Income,Government,North America,EUR,Developed,Currency Hedged,United States,Hedged,401110217,Yes,iShares II plc,Distributing,ICE US Treasury 7-10 Year Index,4.657178,2022-08-11,109.432,Yes,Index,2022-06-30 00:00:00,-,-,10.238696,-5.296671,-11.644826,2022-07-31 00:00:00,-10.825817,-7.567812,-1.616042,-,-0.032869,2022-07-31 00:00:00,-8.891936,-6.74579,-4.770201,-,-0.112533,1.468701,8.58,1.46542,7.88318,2.87,2.12,A,5.8124,-,-,307495.0,https://www.ishares.com/uk/individual/en/products/307495/ishares-treasury-bond-7-10yr-ucits-etf
WMVG,iShares Edge MSCI World Minimum Volatility UCITS ETF GBP Hedged (Acc),IE00BGPP8L80,24520953.89,Ireland,2019-02-26,0.35,-,Equity,Large/Mid Cap,Global,GBP,Developed,-,Broad,Hedged,4037878,Yes,iShares VI plc,Accumulating,MSCI WORLD MINIMUM VOLATILITY (USD),6.072732,2022-08-11,4343.472342,Yes,Index,2022-06-30 00:00:00,-,-,-2.622654,16.858809,-3.362562,2022-07-31 00:00:00,-2.385641,6.700647,4.077539,-,5.615483,2022-07-31 00:00:00,-6.758713,-1.66226,12.738186,-,20.577701,-,0,0.456,-,-,-,AAA,9.0902,276.35,-,307500.0,https://www.ishares.com/uk/individual/en/products/307500/ishares-edge-msci-world-minimum-volatility-ucits-etf
IGTM,iShares $ Treasury Bond 7-10yr UCITS ETF GBP Hedged (Dist),IE00BGPP6580,530369847.53,Ireland,2019-02-25,0.1,-,Fixed Income,Government,North America,GBP,Developed,Currency Hedged,United States,Hedged,109980212,Yes,iShares II plc,Distributing,ICE US Treasury 7-10 Year Index,4.822411,2022-08-11,109.432,Yes,Index,2022-06-30 00:00:00,-,-,11.520384,-4.623425,-10.757975,2022-07-31 00:00:00,-9.887701,-6.748188,-0.67378,-,0.963961,2022-07-31 00:00:00,-8.179877,-6.099843,-2.007752,-,3.340333,1.451556,8.58,1.46542,7.88318,2.87,2.12,A,5.8124,-,-,307496.0,https://www.ishares.com/uk/individual/en/products/307496/ishares-treasury-bond-7-10yr-ucits-etf
BILL,iShares Core Cash ETF,AU00000BILL3,308169209.31,Australia,2017-06-02,-,0.07,Cash,Cash,Asia Pacific,AUD,Developed,"Income, Core ETFs",Australia,-,3072661,No,-,Distributing,S&P/ASX Bank Bill Index,100.293918,2022-08-12,125.028589033418,No,Index,2022-06-30 00:00:00,1.790072,1.972527,0.874195,0.060665,0.081722,2022-07-31 00:00:00,0.180565,0.115642,0.328168,0.941131,0.968339,2022-07-31 00:00:00,0.179824,0.17742,0.987739,4.795065,5.090984,0.200512,0.13,0.2284,-,-,-,-,-,-,-,287045.0,https://www.blackrock.com/au/products/287045/ishares-core-cash-etf
EDMU,iShares MSCI USA ESG Enhanced UCITS ETF USD (Acc),IE00BHZPJ908,4673102420.38,Ireland,2019-04-16,0.07,-,Equity,Large/Mid Cap,North America,USD,Developed,Sustainable,United States,-,614829512,Yes,iShares IV plc,Accumulating,MSCI USA ESG Enhanced Focus NET Index,7.600647,2022-08-11,3432.264067,Yes,Index,2022-06-30 00:00:00,-,-,10.078355,42.347074,-14.560009,2022-07-31 00:00:00,-8.717812,12.015296,12.905423,-,12.761755,2022-07-31 00:00:00,-15.420099,-9.795589,43.927706,-,48.441197,-,0,0.42623,-,-,-,AAA,8.9821,97.8,ESG Broad,307527.0,https://www.ishares.com/uk/individual/en/products/307527/ishares-msci-usa-ctb-enhanced-esg-ucits-etf
ISEC,iShares Enhanced Cash ETF,AU00000ISEC1,235845350.93,Australia,2017-06-02,-,0.12,Cash,Cash,Asia Pacific,AUD,Developed,Income,Australia,-,2346693,No,-,-,S&P/ASX Bank Bill Index,100.501152,2022-08-12,125.028589033418,No,Index,2022-06-30 00:00:00,2.019528,2.254633,0.979361,0.317278,0.076873,2022-07-31 00:00:00,0.166813,0.208494,0.442144,1.107179,1.144628,2022-07-31 00:00:00,0.161476,0.157705,1.332306,5.659844,6.039891,0.245745,0.23,0.67924,-,-,-,-,-,-,-,287042.0,https://www.blackrock.com/au/products/287042/ishares-enhanced-cash-etf
EEDS,iShares MSCI USA ESG Enhanced UCITS ETF USD (Dist),IE00BHZPJ890,1731760681.43,Ireland,2019-03-06,0.07,-,Equity,Large/Mid Cap,North America,USD,Developed,Sustainable,United States,-,227181923,Yes,iShares IV plc,Distributing,MSCI USA ESG Enhanced Focus NET Index,7.622792,2022-08-11,3432.264067,Yes,Index,2022-06-30 00:00:00,-,-,10.078352,42.346651,-14.560176,2022-07-31 00:00:00,-8.717977,12.015039,12.90529,-,14.078491,2022-07-31 00:00:00,-15.420162,-9.795657,43.927197,-,56.49224,1.238391,0,0.42623,-,-,-,AAA,8.9821,97.8,ESG Broad,307528.0,https://www.ishares.com/uk/individual/en/products/307528/ishares-msci-usa-ctb-enhanced-esg-ucits-etf
ISTB,iShares Core 1-5 Year USD Bond ETF,US46432F8591,5652486016.93,United States,2012-10-18,0.06,-,Fixed Income,Multi Sectors,North America,USD,Developed,"-, Income",United States,-,119000000,No,-,Distributing,Bloomberg U.S. Universal 1-5 Year Index,47.499882,2022-08-11,113.154511,No,Index,2022-06-30 00:00:00,0,5.56,4.68,1.67,-6.03,2022-07-31 00:00:00,-5.25,-2.02,0.37,1.24,1.33,2022-07-31 00:00:00,-4.32,-3.28,1.11,6.33,13.76,1.8947,3.01,2.26335,2.77882,3.91,-,A,6.5782,236.16,-,244051.0,https://www.ishares.com/us/products/244051/ishares-core-shortterm-us-bond-etf
IEMG,iShares Core MSCI Emerging Markets ETF,US46434G1031,66614081785.37,United States,2012-10-18,0.09,-,Equity,All Cap,Global,USD,Emerging,-,Broad,-,1336800000,No,BlackRock Fund Advisors,Distributing,MSCI Emerging Markets Investable Market Index,49.831001,2022-08-11,1468.086217,No,Index,2022-06-30 00:00:00,8.03,0.58,-4.03,42.93,-24.44,2022-07-31 00:00:00,-19.59,-0.52,1.57,1.26,2.4,2022-07-31 00:00:00,-17.46,-16.95,4.79,6.45,26.15,2.5361,0,0.10525,-,-,-,BBB,5.336,335.36,-,244050.0,https://www.ishares.com/us/products/244050/ishares-core-msci-emerging-markets-etf
IEFA,iShares Core MSCI EAFE ETF,US46432F8427,89794716588.23,United States,2012-10-18,0.07,-,Equity,All Cap,Global,USD,Developed,-,Broad,-,1435400000,No,-,Distributing,MSCI EAFE IMI Index,62.557278,2022-08-11,1364.783528,No,Index,2022-06-30 00:00:00,7.84,0.21,-4.8,33.89,-18.19,2022-07-31 00:00:00,-14.58,6.16,3.62,2.89,5.44,2022-07-31 00:00:00,-15.43,-11.73,11.24,15.33,67.99,4.8798,0,0.06269,-,-,-,AAA,8.8954,127.26,-,244049.0,https://www.ishares.com/us/products/244049/ishares-core-msci-eafe-etf
IXUS,iShares Core MSCI Total International Stock ETF,US46432F8344,28606071647.19,United States,2012-10-18,0.07,-,Equity,All Cap,Global,USD,Developed,-,Broad,-,478100000,No,-,Distributing,MSCI ACWI ex USA IMI Index,59.832821,2022-08-11,1383.908464,No,Index,2022-06-30 00:00:00,7.96,0.49,-4.65,37.29,-19.54,2022-07-31 00:00:00,-15.36,4.78,3.43,2.74,4.62,2022-07-31 00:00:00,-15.5,-12.94,10.63,14.49,55.55,3.6418,0,0.13019,-,-,-,AA,7.8933,210.3,-,244048.0,https://www.ishares.com/us/products/244048/ishares-core-msci-total-international-stock-etf
LQDH,iShares Interest Rate Hedged Corporate Bond ETF,US46431W7056,769324799.16,United States,2014-05-27,0.44,-,Fixed Income,Credit,North America,USD,Developed,"Income, Interest Rate Hedged",United States,-,8400000,No,-,Distributing,BlackRock Interest Rate Hedged Corporate Bond Index,91.586286,2022-08-11,963.916341235,No,Index,2022-06-30 00:00:00,2.64,3.6,-1.65,9.24,-4.95,2022-07-31 00:00:00,-2.95,1.87,1.27,1.94,1.69,2022-07-31 00:00:00,-3.24,-2.07,3.85,10.08,14.68,3.7804,15.26,1.35387,0.09584,4.26,-,AAA,8.5943,153.33,-,264542.0,https://www.ishares.com/us/products/264542/ishares-interest-rate-hedged-corporate-bond-etf
EEWD,iShares MSCI World ESG Enhanced UCITS ETF USD (Dist),IE00BG11HV38,245303352.6,Ireland,2019-03-08,0.2,-,Equity,Large/Mid Cap,Global,USD,Developed,Sustainable,Broad,-,35908250,Yes,iShares IV plc,Distributing,MSCI World ESG Enhanced Focus NET Index,6.831392,2022-08-11,2580.820296,Yes,Index,2022-06-30 00:00:00,-,-,4.847643,39.557935,-15.812818,2022-07-31 00:00:00,-10.537848,10.139916,9.809037,-,11.132564,2022-07-31 00:00:00,-15.676704,-10.401338,32.408008,-,43.088871,1.662911,0,0.34074,-,-,-,AAA,9.7452,92.09,ESG Broad,307558.0,https://www.ishares.com/uk/individual/en/products/307558/ishares-msci-world-ctb-enhanced-esg-ucits-etf
HYGH,iShares Interest Rate Hedged High Yield Bond ETF,US46431W6066,126164306.8,United States,2014-05-27,1.12,-,Fixed Income,High Yield,North America,USD,Developed,"Income, Interest Rate Hedged",United States,-,1500000,No,-,Distributing,BlackRock Interest Rate Hedged High Yield Bond Index,84.109538,2022-08-11,985.334891127,No,Index,2022-06-30 00:00:00,4.26,4.24,-5.18,14.03,-5.96,2022-07-31 00:00:00,-0.71,3.74,2.08,2.85,2.64,2022-07-31 00:00:00,-3.15,-1.71,6.37,15.11,23.71,6.3022,5.53,1.26687,-0.003,6.41,-,BBB,5.1958,307.89,-,264544.0,https://www.ishares.com/us/products/264544/ishares-interest-rate-hedged-high-yield-bond-etf
IBDR,iShares® iBonds® Dec 2026 Term Corporate ETF,US46435GAA04,1087478930.78,United States,2016-09-13,0.1,-,Fixed Income,Credit,North America,USD,Developed,"iBonds, Income",United States,-,45200000,No,-,Distributing,Bloomberg Barclays December 2026 Maturity Corporate Index,24.059268,2022-08-11,125.828835,No,Index,2022-06-30 00:00:00,-1.47,11.39,9.66,2.52,-8.7,2022-07-31 00:00:00,-7.43,-2.97,1.41,2.64,2.54,2022-07-31 00:00:00,-5.97,-4.32,4.28,13.93,15.91,2.2799,3.78,3.04666,3.47915,4.09,-,AAA,8.6921,200.62,-,285027.0,https://www.ishares.com/us/products/285027/ishares-ibonds-dec-2026-term-corporate-etf-fund
EDM6,iShares MSCI Europe ESG Enhanced UCITS ETF EUR (Acc),IE00BHZPJ783,985929506.72,Ireland,2019-04-16,0.12,-,Equity,Large/Mid Cap,Europe,EUR,Developed,Sustainable,Broad,-,158353950,Yes,iShares IV plc,Accumulating,MSCI Europe ESG Enhanced Focus Index (NET),6.226112,2022-08-11,2033.258532,Yes,Index,2022-06-30 00:00:00,-,-,-3.631824,29.050208,-8.029622,2022-07-31 00:00:00,-2.006061,13.798309,7.341709,-,6.715784,2022-07-31 00:00:00,-8.250018,-4.872782,23.681718,-,23.834291,-,0,0.07158,-,-,-,AAA,10,91.21,ESG Broad,307564.0,https://www.ishares.com/uk/individual/en/products/307564/ishares-msci-europe-ctb-enhanced-esg-ucits-etf
EEUD,iShares MSCI Europe ESG Enhanced UCITS ETF EUR (Dist),IE00BHZPJ676,431519540.52,Ireland,2019-03-06,0.12,-,Equity,Large/Mid Cap,Europe,EUR,Developed,Sustainable,Broad,-,73184382,Yes,iShares IV plc,Distributing,MSCI Europe ESG Enhanced Focus Index (NET),5.896333,2022-08-11,2033.258532,Yes,Index,2022-06-30 00:00:00,-,-,-3.63789,29.048059,-8.030328,2022-07-31 00:00:00,-2.006809,13.796901,7.340762,-,7.84132,2022-07-31 00:00:00,-8.250492,-4.873356,23.678446,-,29.261641,2.947595,0,0.07158,-,-,-,AAA,10,91.21,ESG Broad,307565.0,https://www.ishares.com/uk/individual/en/products/307565/ishares-msci-europe-ctb-enhanced-esg-ucits-etf
IUCS,iShares S&P 500 Consumer Staples Sector UCITS ETF,IE00B40B8R38,311615776.9,Ireland,2017-03-20,0.15,-,Equity,Large/Mid Cap,North America,USD,Developed,Sectors,United States,-,40250000,Yes,iShares V plc,Accumulating,S&P 500 Capped 35/20 Consumer Staples Index,7.742006,2022-08-11,577.700675432529,Yes,Index,2022-06-30 00:00:00,-4.43915,15.73912,3.097886,22.612767,6.122499,2022-07-31 00:00:00,6.886418,12.099931,10.570673,8.789981,8.390524,2022-07-31 00:00:00,-2.736856,-1.355405,35.182309,52.385805,54.025394,-,0,0.49028,-,-,-,AAA,8.9791,51.11,-,287102.0,https://www.ishares.com/uk/individual/en/products/287102/ishares-s-p-500-consumer-staples-sector-ucits-etf
EEJD,iShares MSCI Japan ESG Enhanced UCITS ETF USD (Dist),IE00BHZPJ346,158877460.94,Ireland,2019-03-08,0.15,-,Equity,Large/Mid Cap,Asia Pacific,USD,Developed,Sustainable,Japan,-,30359064,Yes,iShares IV plc,Distributing,MSCI Japan ESG Enhanced Focus Index (NET),5.233279,2022-08-11,1895.902993,Yes,Index,2022-06-30 00:00:00,-,-,3.975819,24.556538,-20.654585,2022-07-31 00:00:00,-14.871554,3.190791,2.74427,-,3.844981,2022-07-31 00:00:00,-16.459376,-11.837224,8.460808,-,13.663157,2.180277,0,2.32925,-,-,-,AAA,9.7258,57.42,ESG Broad,307577.0,https://www.ishares.com/uk/individual/en/products/307577/ishares-msci-japan-ctb-enhanced-esg-ucits-etf
IUIS,iShares S&P 500 Industrials Sector UCITS ETF,IE00B4LN9N13,212157755.69,Ireland,2017-03-20,0.15,-,Equity,Large/Mid Cap,North America,USD,Developed,Sectors,United States,-,26750000,Yes,iShares V plc,Accumulating,S&P 500 Capped 35/20 Industrials Index,7.931131,2022-08-11,455.295951056341,No,Index,2022-06-30 00:00:00,4.891619,9.858357,-9.430931,50.859512,-13.728143,2022-07-31 00:00:00,-6.368247,16.868318,8.639185,8.251398,8.452962,2022-07-31 00:00:00,-9.068094,-4.54282,28.2211,48.650906,54.501662,-,0,0.726,-,-,-,AA,8.3227,159.58,-,287109.0,https://www.ishares.com/uk/individual/en/products/287109/ishares-s-p-500-industrials-sector-ucits-etf
HIHC,iShares € High Yield Corp Bond UCITS ETF CHF Hedged (Acc),IE00BK6NC514,3438157.27,Ireland,2019-07-26,0.55,-,Fixed Income,High Yield,Europe,CHF,Developed,Currency Hedged,Broad,Hedged,713153,Yes,iShares plc,Accumulating,iBoxx EUR Liquid High Yield Index,4.821065,2022-08-11,196.560935174602,Yes,Index,2022-06-30 00:00:00,-,-,-,10.033526,-13.489198,2022-07-31 00:00:00,-9.971331,-1.116565,-1.718624,-,-1.745332,2022-07-31 00:00:00,-9.914212,-8.581171,-5.067771,-,-5.163697,-,3.79,3.48605,3.16033,6.14,5.2,BBB,5.3554,208.45,-,309637.0,https://www.ishares.com/de/privatanleger/de/produkte/309637/ishares-high-yield-corp-bond-ucits-etf
SUOG,iShares € Corp Bond ESG UCITS ETF GBP Hedged (Dist),IE00BK74KV56,73683492.39,Ireland,2019-07-26,0.17,-,Fixed Income,Credit,Europe,GBP,Developed,"Currency Hedged, Sustainable",Broad,Hedged,15786878,Yes,iShares II plc,Distributing,BBG MSCI Euro Corporate Sustainable SRI Index,4.667388,2022-08-11,155.295771,Yes,Index,2022-06-30 00:00:00,-,-,-,3.731961,-11.548198,2022-07-31 00:00:00,-8.416707,-2.705217,-1.749926,-,-1.690826,2022-07-31 00:00:00,-7.024533,-5.851125,-5.158446,-,-5.005195,0.44136,5.19,1.36794,4.76802,2.37,-,AAA,10,87.53,ESG Broad,309638.0,https://www.ishares.com/uk/individual/en/products/309638/ishares-corp-bond-esg-sri-ucits-etf
IUMS,iShares S&P 500 Materials Sector UCITS ETF,IE00B4MKCJ84,159310565.3,Ireland,2017-03-20,0.15,-,Equity,Large/Mid Cap,North America,USD,Developed,Sectors,United States,-,19125000,Yes,iShares V plc,Accumulating,S&P 500 Capped 35/20 Materials Index,8.329964,2022-08-11,454.996157144098,Yes,Index,2022-06-30 00:00:00,9.669089,2.740832,-1.467329,48.233874,-9.078645,2022-07-31 00:00:00,-5.429845,15.588348,12.25882,9.362622,9.524855,2022-07-31 00:00:00,-13.031014,-6.639154,41.469046,56.438831,62.866552,-,0,0.45423,-,-,-,AA,8.4207,713.71,-,287104.0,https://www.ishares.com/uk/individual/en/products/287104/ishares-s-p-500-materials-sector-ucits-etf
EMUD,iShares MSCI EMU ESG Enhanced UCITS ETF EUR (Dist),IE00BHZPHZ28,72572009.66,Ireland,2019-03-08,0.12,-,Equity,Large/Mid Cap,Europe,EUR,Developed,Sustainable,Broad,-,12643344,Yes,iShares IV plc,Distributing,MSCI EMU ESG Enhanced Focus Index (NET),5.739937,2022-08-11,2005.691064,Yes,Index,2022-06-30 00:00:00,-,-,-4.156837,31.819569,-14.257988,2022-07-31 00:00:00,-8.610561,11.118691,5.311862,-,6.750221,2022-07-31 00:00:00,-12.818217,-9.629012,16.797051,-,24.823471,2.921635,0,0.01886,-,-,-,AAA,10,102.27,ESG Broad,307585.0,https://www.ishares.com/uk/individual/en/products/307585/ishares-msci-emu-ctb-enhanced-esg-ucits-etf
IHYC,iShares $ High Yield Corp Bond UCITS ETF CHF Hedged (Acc),IE00BK6M1392,16640078.91,Ireland,2019-07-26,0.55,-,Fixed Income,High Yield,North America,CHF,Developed,Currency Hedged,United States,Hedged,3368468,Yes,iShares II plc,Accumulating,iBoxx USD Liquid High Yield Capped,4.939954,2022-08-11,234.304729621378,Yes,Index,2022-06-30 00:00:00,-,-,-,11.928722,-13.09477,2022-07-31 00:00:00,-7.677239,-0.508499,-0.565863,-,-0.575728,2022-07-31 00:00:00,-7.953069,-5.093525,-1.688,-,-1.723566,-,5,5.20059,3.87964,6.16,6.28,BBB,5.712,285.12,-,309633.0,https://www.ishares.com/de/privatanleger/de/produkte/309633/ishares-high-yield-corp-bond-ucits-etf
IECH,iShares Core € Corp Bond UCITS ETF CHF Hedged (Acc),IE00BK6NC407,89916937.92,Ireland,2019-07-26,0.25,-,Fixed Income,Credit,Europe,CHF,Developed,"-, Currency Hedged",Broad,Hedged,19676476,Yes,iShares III plc,Accumulating,BBG Euro Aggregate Corporate Index,4.569768,2022-08-11,242.045934,Yes,Index,2022-06-30 00:00:00,-,-,-,3.121407,-12.951064,2022-07-31 00:00:00,-9.907024,-3.806965,-2.863932,-,-2.807889,2022-07-31 00:00:00,-8.18741,-6.90649,-8.348083,-,-8.218401,-,5.28,1.44051,4.84124,2.47,3.01,AAA,9.2178,131.26,-,309634.0,https://www.ishares.com/de/privatanleger/de/produkte/309634/ishares-core-corp-bond-ucits-etf
SSLN,iShares Physical Silver ETC,IE00B4NCWG09,465831810.74,Ireland,2011-04-08,0.2,-,Commodity,Precious Metals,Global,USD,Developed,Alternatives,Broad,-,23647247,Yes,iShares Physical Metals plc,No Income,LBMA Silver Price,19.699198,2022-08-11,2054,Yes,Index,2022-06-30 00:00:00,-3.059781,-5.43177,16.774842,44.012496,-20.923075,2022-07-31 00:00:00,-21.439861,-8.897717,6.493275,3.325455,-6.30882,2022-07-31 00:00:00,-13.182148,-10.889932,20.77208,17.770529,-52.150111,-,-,-,-,-,-,-,-,-,-,258443.0,https://www.ishares.com/uk/individual/en/products/258443/ishares-physical-silver-etc-fund
SPLT,iShares Physical Platinum ETC,IE00B4LHWP62,112516640.77,Ireland,2011-04-08,0.2,-,Commodity,Other Metals,Global,USD,Developed,Alternatives,Broad,-,8085149,Yes,iShares Physical Metals plc,No Income,London Platinum PM Fix,13.916458,2022-08-11,967,Yes,Index,2022-06-30 00:00:00,-8.068844,-4.261228,-0.889749,29.814934,-14.524196,2022-07-31 00:00:00,-15.016435,-1.085926,0.338877,-1.383962,-6.40268,2022-07-31 00:00:00,-7.694578,-13.098909,1.02008,-6.730907,-52.68953,-,-,-,-,-,-,-,-,-,-,258442.0,https://www.ishares.com/uk/individual/en/products/258442/ishares-physical-platinum-etc-fund
SGLN,iShares Physical Gold ETC,IE00B4ND3602,14537679954.83,Ireland,2011-04-08,0.12,-,Commodity,Precious Metals,Global,USD,Developed,Alternatives,Broad,-,415152941,Yes,iShares Physical Metals plc,No Income,LBMA Gold Price,35.017648,2022-08-11,1796.7,Yes,Index,2022-06-30 00:00:00,0.409034,12.398494,25.203131,-0.432931,2.919088,2022-07-31 00:00:00,-4.085978,-5.66642,6.916108,6.491808,1.342599,2022-07-31 00:00:00,-3.731167,-2.38865,22.216383,36.955982,16.28251,-,-,-,-,-,-,-,-,-,-,258441.0,https://www.ishares.com/uk/individual/en/products/258441/ishares-physical-gold-etc-fund
AGGE,iShares Global Aggregate Bond ESG UCITS ETF USD (Dist),IE000U6US1Q0,50909193.36,Ireland,2021-08-25,0.1,-,Fixed Income,Credit,Global,USD,Developed,Sustainable,Broad,-,11996307,Yes,iShares III plc,Distributing,Bloomberg MSCI Global Aggregate Sustainable and Green Bond SRI Index,4.243738,2022-08-11,105.463968,Yes,Index,2022-06-30 00:00:00,-,-,-,-,-,2022-07-31 00:00:00,-,-,-,-,-,2022-07-31 00:00:00,-12.207371,-10.338443,-,-,-14.204739,0.919001,8.69,1.85883,6.99904,2.7,-,A,6.9023,124.49,ESG Broad,319887.0,https://www.ishares.com/uk/individual/en/products/319887/ishares-global-aggregate-bond-esg-sri-ucits-etf
IUUS,iShares S&P 500 Utilities Sector UCITS ETF,IE00B4KBBD01,224987156.31,Ireland,2017-03-20,0.15,-,Equity,Large/Mid Cap,North America,USD,Developed,Sectors,United States,-,26500000,Yes,iShares V plc,Accumulating,S&P 500 Capped 35/20 Utilities,8.490081,2022-08-11,497.319461434469,Yes,Index,2022-06-30 00:00:00,2.666921,18.262882,-2.719137,15.040432,13.661008,2022-07-31 00:00:00,14.940353,13.117589,10.404509,9.726764,10.10175,2022-07-31 00:00:00,4.637387,8.193937,34.573775,59.060689,67.518766,-,0,0.57712,-,-,-,AA,8.1311,2223.92,-,287115.0,https://www.ishares.com/uk/individual/en/products/287115/ishares-s-p-500-utilities-sector-ucits-etf
CBUD,iShares MSCI Europe SRI UCITS ETF EUR Hedged (Dist),IE000CR424L6,65501363.99,Ireland,2021-07-28,0.23,-,Equity,Large Cap,Europe,EUR,Developed,"Currency Hedged, Sustainable",Broad,Hedged,14070087,Yes,iShares II plc,Distributing,MSCI EUROPE SRI SELECT REDUCED FOSSIL FUEL NET Index,4.655363,2022-08-11,2973.705847,Yes,Index,2022-06-30 00:00:00,-,-,-,-,-,2022-07-31 00:00:00,-6.005511,-,-,-,-5.652712,2022-07-31 00:00:00,-11.337543,-5.922599,-,-,-5.683207,2.375755,0,0.04484,-,-,-,AAA,10,64.26,ESG Broad,319889.0,https://www.ishares.com/uk/individual/en/products/319889/ishares-msci-europe-sri-ucits-etf
ESIH,iShares MSCI Europe Health Care Sector UCITS ETF EUR (Acc),IE00BMW42181,330835280.93,Ireland,2020-11-17,0.18,-,Equity,Large/Mid Cap,Europe,EUR,Developed,Sectors,Broad,-,56000000,Yes,iShares VI plc,Accumulating,MSCI Europe Health Care 20/35 Capped Index,5.907772,2022-08-11,3971.064473,Yes,Index,2022-06-30 00:00:00,-,-,-,-,7.113585,2022-07-31 00:00:00,8.898199,-,-,-,14.214578,2022-07-31 00:00:00,1.054657,7.411267,-,-,25.396945,-,0,0.14144,-,-,-,AAA,8.9579,23.34,-,315806.0,https://www.ishares.com/uk/individual/en/products/315806/ishares-msci-europe-health-care-sector-ucits-etf
ESIS,iShares MSCI Europe Consumer Staples Sector UCITS ETF EUR (Acc),IE00BMW42074,277932985.17,Ireland,2020-11-17,0.18,-,Equity,Large/Mid Cap,Europe,EUR,Developed,Sectors,Broad,-,48000000,Yes,iShares VI plc,Accumulating,MSCI Europe Consumer Staples 20/35 Capped Index,5.79027,2022-08-11,3221.450816,Yes,Index,2022-06-30 00:00:00,-,-,-,-,-0.791578,2022-07-31 00:00:00,5.872285,-,-,-,9.59932,2022-07-31 00:00:00,-1.644181,2.550653,-,-,16.891772,-,0,0.14142,-,-,-,AA,8.5124,39.99,-,315803.0,https://www.ishares.com/uk/individual/en/products/315803/ishares-msci-europe-consumer-staples-sector-ucits-etf
HEZU,iShares Currency Hedged MSCI Eurozone ETF,US46434V6395,371428487.48,United States,2014-07-09,1.12,-,Equity,Large/Mid Cap,Europe,USD,Developed,Currency Hedged,Broad,-,11250000,No,-,Distributing,MSCI EMU 100% USD Hedged Index,33.015866,2022-08-11,526.284292,No,Index,2022-06-30 00:00:00,4.58,5.45,-3.29,32.67,-11.86,2022-07-31 00:00:00,-6.08,13.07,6.73,6.12,6.66,2022-07-31 00:00:00,-10.16,-8.36,21.59,34.58,68.15,5.1334,0,2.391,-,-,-,AAA,8.8984,135.65,-,268708.0,https://www.ishares.com/us/products/268708/ishares-currency-hedged-msci-emu-etf
IUSB,iShares Core Total USD Bond Market ETF,US46434V6130,17502630156.85,United States,2014-06-10,0.07,-,Fixed Income,Multi Sectors,North America,USD,Developed,"-, Income",United States,-,369600000,No,-,Distributing,Bloomberg Barclays U.S. Universal Index,47.355601,2022-08-11,571.800497,No,Index,2022-06-30 00:00:00,-0.4,8.03,7.88,1.05,-10.87,2022-07-31 00:00:00,-9.54,-4.74,-0.24,1.29,1.96,2022-07-31 00:00:00,-8.58,-6.58,-0.72,6.63,17.09,2.4129,8.54,2.73038,6.27442,4.04,-,A,6.3628,320.42,-,264615.0,https://www.ishares.com/us/products/264615/ishares-core-total-usd-bond-market-etf
ESIF,iShares MSCI Europe Financials Sector UCITS ETF EUR (Acc),IE00BMW42306,324542929.39,Ireland,2020-11-18,0.18,-,Equity,Large/Mid Cap,Europe,EUR,Developed,Sectors,Broad,-,51600000,Yes,iShares VI plc,Accumulating,MSCI Europe Financials 20/35 Capped Index,6.289591,2022-08-11,1037.900788,Yes,Index,2022-06-30 00:00:00,-,-,-,-,-2.738578,2022-07-31 00:00:00,0.009467,-,-,-,11.301721,2022-07-31 00:00:00,-8.417002,-11.844529,-,-,19.964623,-,0,0.01045,-,-,-,AAA,10,3.05,-,315815.0,https://www.ishares.com/uk/individual/en/products/315815/ishares-msci-europe-financials-sector-ucits-etf
HEEM,iShares Currency Hedged MSCI Emerging Markets ETF,US46434G5099,157075221.18,United States,2014-09-23,1.46,-,Equity,Large/Mid Cap,Global,USD,Emerging,Currency Hedged,Broad,-,6110000,No,-,Distributing,MSCI Emerging Markets 100% USD Hedged Index,25.707892,2022-08-11,5061.080981,No,Index,2022-06-30 00:00:00,8.47,2.22,0.64,34.45,-21.11,2022-07-31 00:00:00,-16.26,-0.68,2.89,2.51,3.26,2022-07-31 00:00:00,-13.53,-13.5,8.93,13.17,28.63,1.7556,0,2.391,-,-,-,BBB,5.5885,326.59,-,268704.0,https://www.ishares.com/us/products/268704/ishares-currency-hedged-msci-emerging-markets
ESIC,iShares MSCI Europe Consumer Discretionary Sector UCITS ETF EUR (Acc),IE00BMW42298,298976232.76,Ireland,2020-11-17,0.18,-,Equity,Large/Mid Cap,Europe,EUR,Developed,Sectors,Broad,-,53000000,Yes,iShares VI plc,Accumulating,MSCI Europe Consumer Discretionary 20/35 Capped Index,5.64106,2022-08-11,3283.727041,Yes,Index,2022-06-30 00:00:00,-,-,-,-,-22.372828,2022-07-31 00:00:00,-13.334501,-,-,-,5.664838,2022-07-31 00:00:00,-15.393228,-12.086145,-,-,9.83691,-,0,0.01436,-,-,-,AAA,8.8631,21.18,-,315809.0,https://www.ishares.com/uk/individual/en/products/315809/ishares-msci-europe-consumer-discretionary-sector-ucits-etf
PLAY,iShares Digital Entertainment and Education UCITS ETF USD (Acc),IE00023EZQ82,15914842.49,Ireland,2022-06-28,0.4,-,Equity,All Cap,Global,USD,Developed,"Sustainable, Thematic ETFs",Broad,-,3000000,Yes,iShares IV plc,Accumulating,STOXX Global Digital Entertainment and Education Index,5.304947,2022-08-11,3082.0500846322,Yes,Index,2022-06-30 00:00:00,-,-,-,-,-,2022-07-31 00:00:00,-,-,-,-,-,2022-07-31 00:00:00,-,-,-,-,-,-,0,0.07126,-,-,-,-,-,-,ESG Thematic,326051.0,https://www.ishares.com/uk/individual/en/products/326051/ishares-digital-entertainment-and-education-ucits-etf
ESIN,iShares MSCI Europe Industrials Sector UCITS ETF EUR (Acc),IE00BMW42520,59202942.6,Ireland,2021-05-14,0.18,-,Equity,Large/Mid Cap,Europe,EUR,Developed,Sectors,Broad,-,12000000,Yes,iShares VI plc,Accumulating,MSCI Europe Industrials 20/35 Capped Index,4.933578,2022-08-11,2439.362753,Yes,Index,2022-06-30 00:00:00,-,-,-,-,-16.874029,2022-07-31 00:00:00,-8.62447,-,-,-,-3.061908,2022-07-31 00:00:00,-14.274487,-6.216706,-,-,-3.696227,-,0,0.03462,-,-,-,AA,7.9334,37.52,-,315822.0,https://www.ishares.com/uk/individual/en/products/315822/ishares-msci-europe-industrials-sector-ucits-etf
DGRO,iShares Core Dividend Growth ETF,US46434V6213,24149386882.55,United States,2014-06-10,0.08,-,Equity,All Cap,North America,USD,Developed,"Factors, -, Equity Income, Income",United States,-,468750000,No,-,Distributing,Morningstar US Dividend Growth Index,51.518692,2022-08-11,4288.41955085952,No,Index,2022-06-30 00:00:00,11.88,14.22,1.21,37.03,-3.62,2022-07-31 00:00:00,-0.11,16.07,11.89,12.4,11.59,2022-07-31 00:00:00,-8.08,-5.04,40.08,79.42,144.16,2.1994,0,0.32089,-,-,-,AAA,9.1036,178.72,-,264623.0,https://www.ishares.com/us/products/264623/ishares-core-dividend-growth-etf
IEUR,iShares Core MSCI Europe ETF,US46434V7385,3965428207.29,United States,2014-06-10,0.09,-,Equity,All Cap,Europe,USD,Developed,-,Broad,-,83100000,No,-,Distributing,MSCI Europe Investable Market Index,47.718751,2022-08-11,1312.477601,No,Index,2022-06-30 00:00:00,6.47,1.01,-6.52,37.28,-18.42,2022-07-31 00:00:00,-15.8,6.37,3.98,2.8,2.2,2022-07-31 00:00:00,-17.16,-13.82,12.41,14.83,19.36,5.3302,0,0.06049,-,-,-,AAA,9.1903,116,-,264617.0,https://www.ishares.com/us/products/264617/ishares-core-msci-europe-etf
ESIT,iShares MSCI Europe Information Technology Sector UCITS ETF EUR (Acc),IE00BMW42413,250035231.29,Ireland,2020-11-18,0.18,-,Equity,Large/Mid Cap,Europe,EUR,Developed,Sectors,Broad,-,42600000,Yes,iShares VI plc,Accumulating,MSCI Europe Information Technology 20/35 Capped Index,5.869371,2022-08-11,2890.663882,Yes,Index,2022-06-30 00:00:00,-,-,-,-,-23.379847,2022-07-31 00:00:00,-16.267155,-,-,-,8.705522,2022-07-31 00:00:00,-21.53991,-10.379965,-,-,15.246495,-,0,0.04094,-,-,-,AAA,9.8501,15.17,-,315818.0,https://www.ishares.com/uk/individual/en/products/315818/ishares-msci-europe-information-technology-sector-ucits-etf
IPAC,iShares Core MSCI Pacific ETF,US46434V6965,1716282794.21,United States,2014-06-10,0.09,-,Equity,All Cap,Asia Pacific,USD,Developed,-,Broad,-,31000000,No,-,Distributing,MSCI Pacific Investable Market Index,55.363961,2022-08-11,1483.045423,No,Index,2022-06-30 00:00:00,10.62,-1.02,-2.08,28.25,-18.26,2022-07-31 00:00:00,-13.01,5.4,2.71,2.92,4.03,2022-07-31 00:00:00,-12.61,-8.27,8.37,15.45,37.92,3.9443,0,0.06005,-,-,-,AA,8.4858,145.6,-,264619.0,https://www.ishares.com/us/products/264619/ishares-core-msci-pacific-etf
EMGF,iShares MSCI Emerging Markets Multifactor ETF,US46434G8895,857714754.26,United States,2015-12-08,0.45,-,Equity,Large/Mid Cap,Global,USD,Emerging,"Factors, Multifactor, Edge",Broad,-,19600000,No,-,Distributing,MSCI Emerging Market Diversified Multiple-Factor Index,43.760957,2022-08-11,1333.268191,No,Index,2022-06-30 00:00:00,11.38,-6.25,-3.44,39.25,-18.43,2022-07-31 00:00:00,-14.64,1.67,3.64,1.61,6.16,2022-07-31 00:00:00,-14.3,-13.34,11.31,8.32,48.84,2.3708,0,0.19536,-,-,-,BB,3.8716,787.04,-,272820.0,https://www.ishares.com/us/products/272820/ishares-msci-emerging-multi-factor-etf
INTF,iShares International Equity Factor ETF,US46434V2741,878011276.0,United States,2015-04-28,0.15,-,Equity,Large/Mid Cap,Global,USD,Developed,"Factors, Multifactor, Edge",Broad,-,35400000,No,-,Distributing,STOXX International Equity Factor Index,24.802578,2022-08-11,464.7816129069,No,Index,2022-06-30 00:00:00,9.22,-2.18,-10.02,35.05,-17.4,2022-07-31 00:00:00,-13.97,5.74,2.38,1.64,2.86,2022-07-31 00:00:00,-12.73,-9.76,7.31,8.48,22.7,4.9039,0,0.10712,-,-,-,AAA,9.6328,152.84,-,272822.0,https://www.ishares.com/us/products/272822/ishares-msci-international-multi-factor-etf
ISCF,iShares MSCI Intl Small-Cap Multifactor ETF,US46434V2667,427022612.84,United States,2015-04-28,0.4,-,Equity,Small Cap,Global,USD,Developed,"Factors, Multifactor, Edge",Broad,-,13700000,No,-,Distributing,MSCI World exUSA Small Cap Diversified Multiple-Factor Index,31.169534,2022-08-11,1710.164384,No,Index,2022-06-30 00:00:00,14.65,-6.19,-3.02,37.68,-17.76,2022-07-31 00:00:00,-13.81,7.96,5.64,4,5.74,2022-07-31 00:00:00,-13.4,-9.11,17.9,21.69,49.99,3.6665,0,0.0343,-,-,-,A,6.2195,284.77,-,272823.0,https://www.ishares.com/us/products/272823/ishares-msci-international-small-cap-multi-factor-etf
ESIE,iShares MSCI Europe Energy Sector UCITS ETF EUR (Acc),IE00BMW42637,115314025.02,Ireland,2020-11-18,0.18,-,Equity,Large/Mid Cap,Europe,EUR,Developed,Sectors,Broad,-,12600000,Yes,iShares VI plc,Accumulating,MSCI Europe Energy 20/35 Capped Index,9.151906,2022-08-11,1549.602286,Yes,Index,2022-06-30 00:00:00,-,-,-,-,37.901357,2022-07-31 00:00:00,48.155231,-,-,-,39.891319,2022-07-31 00:00:00,25.898665,11.543618,-,-,76.947447,-,0,0.18365,-,-,-,AAA,10,329.67,-,315824.0,https://www.ishares.com/uk/individual/en/products/315824/ishares-msci-europe-energy-sector-ucits-etf
ICVT,iShares Convertible Bond ETF,US46435G1022,1915286095.23,United States,2015-06-02,0.2,-,Fixed Income,Credit,North America,USD,Developed,Income,United States,-,25450000,No,-,Distributing,Bloomberg Barclays U.S. Convertible Cash Pay Bond > $250MM Index,75.256821,2022-08-11,639.336339,No,Index,2022-06-30 00:00:00,13.24,7.7,20.59,50.99,-26.51,2022-07-31 00:00:00,-21.46,3.84,11.26,10.72,9.45,2022-07-31 00:00:00,-18.15,-11.99,37.73,66.39,90.98,2.2341,3.18,0.94889,1.66962,3.57,-,BBB,5.6387,120.08,-,272819.0,https://www.ishares.com/us/products/272819/ishares-convertible-bond-etf
LRGF,iShares U.S. Equity Factor ETF,US46434V2824,1199954135.0,United States,2015-04-28,0.08,-,Equity,Large/Mid Cap,North America,USD,Developed,"Factors, Multifactor, Edge",United States,-,28250000,No,-,Distributing,STOXX US Equity Factor Index,42.476253,2022-08-11,844.2429216978,No,Index,2022-06-30 00:00:00,13.27,2.49,-0.05,39.35,-10.26,2022-07-31 00:00:00,-3.58,14.31,10.59,9.29,9.06,2022-07-31 00:00:00,-10.21,-4.6,35.24,55.95,87.72,1.7162,0,0.27303,-,-,-,AAA,8.6239,134.64,-,272824.0,https://www.ishares.com/us/products/272824/ishares-msci-usa-multi-factor-etf
SMLF,iShares MSCI USA Small-Cap Multifactor ETF,US46434V2907,1007611026.82,United States,2015-04-28,0.3,-,Equity,Small Cap,North America,USD,Developed,"Factors, Multifactor, Edge",United States,-,19150000,No,-,Distributing,MSCI USA Small Cap Diversified Multiple-Factor Index,52.616764,2022-08-11,2106.665699,No,Index,2022-06-30 00:00:00,16.94,-2.68,-9.98,55.57,-13.34,2022-07-31 00:00:00,-4.23,19.11,9.52,8.53,8.96,2022-07-31 00:00:00,-9.23,-2.68,31.37,50.6,86.48,1.247,0,-0.52569,-,-,-,A,5.9476,153.8,-,272825.0,https://www.ishares.com/us/products/272825/ishares-msci-usa-small-cap-multi-factor-etf
EDM4,iShares MSCI EMU ESG Enhanced UCITS ETF EUR (Acc),IE00BHZPJ015,685110382.75,Ireland,2019-04-16,0.12,-,Equity,Large/Mid Cap,Europe,EUR,Developed,Sustainable,Broad,-,114820759,Yes,iShares IV plc,Accumulating,MSCI EMU ESG Enhanced Focus Index (NET),5.966781,2022-08-11,2005.691064,Yes,Index,2022-06-30 00:00:00,-,-,-4.153363,31.821144,-14.257031,2022-07-31 00:00:00,-8.609331,11.120116,5.313713,-,4.953722,2022-07-31 00:00:00,-12.817263,-9.627422,16.803208,-,17.23562,-,0,0.01886,-,-,-,AAA,10,102.27,ESG Broad,307653.0,https://www.ishares.com/uk/individual/en/products/307653/ishares-msci-emu-ctb-enhanced-esg-ucits-etf
EEDM,iShares MSCI EM ESG Enhanced UCITS ETF USD (Dist),IE00BHZPJ122,381991439.47,Ireland,2019-10-22,0.18,-,Equity,Large/Mid Cap,Global,USD,Emerging,Sustainable,Broad,-,76145704,Yes,iShares IV plc,Distributing,MSCI EM ESG Enhanced Focus CTB Net USD Index,5.016585,2022-08-11,1334.33089,Yes,Index,2022-06-30 00:00:00,-,-,-,43.104668,-26.087016,2022-07-31 00:00:00,-21.299558,-1.967007,-,-,0.677348,2022-07-31 00:00:00,-18.83322,-17.277356,-,-,1.889048,2.384092,0,0.21805,-,-,-,AA,8.0247,189.25,ESG Broad,307660.0,https://www.ishares.com/uk/individual/en/products/307660/ishares-msci-em-ctb-enhanced-esg-ucits-etf
HYUS,iShares Broad $ High Yield Corp Bond UCITS ETF USD (Dist),IE00BG0J4957,30598428.84,Ireland,2022-04-05,0.25,-,Fixed Income,High Yield,North America,USD,Developed,-,United States,-,6400000,Yes,iShares III plc,Distributing,ICE BofA US High Yield Constrained Index (4PM),4.781004,2022-08-11,482.701,Yes,Index,2022-06-30 00:00:00,-,-,-,-,-,2022-07-31 00:00:00,-,-,-,-,-,2022-07-31 00:00:00,-,-,-,-,-3.594332,1.468311,5.83,5.67989,4.23411,7.3,-,BBB,5.0118,324.09,-,326090.0,https://www.ishares.com/uk/individual/en/products/326090/ishares-broad-high-yield-corp-bond-ucits-etf
QDIV,iShares MSCI USA Quality Dividend ESG UCITS ETF USD (Dist),IE00BKM4H312,540434362.89,Ireland,2014-06-06,0.35,-,Equity,Large/Mid Cap,North America,USD,Developed,"Equity Income, Smart Beta",United States,-,12662500,Yes,iShares II plc,Distributing,MSCI USA High Dividend Yield ESG Reduced Carbon Target Select Index,42.67991,2022-08-11,4903.330299,Yes,Index,2022-06-30 00:00:00,8.841813,10.239842,-4.307879,27.606349,-2.988579,2022-07-31 00:00:00,2.016241,13.371345,8.071402,8.424173,8.93413,2022-07-31 00:00:00,-4.065411,-2.031174,26.221215,49.840976,100.856719,2.100286,0,0.23741,-,-,-,AAA,9.4502,90.12,ESG Broad,264660.0,https://www.ishares.com/uk/individual/en/products/264660/ishares-msci-usa-dividend-iq-ucits-etf
REET,iShares Global REIT ETF,US46434V6478,3151611075.46,United States,2014-07-08,0.14,-,Real Estate,Real Estate Securities,Global,USD,Developed,"Sectors, Income",Broad,-,119350000,No,-,Distributing, FTSE EPRA Nareit Global REITS Index,26.406461,2022-08-11,2918.73206568,No,Index,2022-06-30 00:00:00,5.27,9.4,-17.36,36.35,-10.25,2022-07-31 00:00:00,-6.67,13.28,2.86,4.4,4.82,2022-07-31 00:00:00,-13.33,-7.54,8.83,23.99,46.19,2.4642,0,0.10369,-,-,-,A,6.1006,102.06,-,268752.0,https://www.ishares.com/us/products/268752/ishares-global-reit-etf
CEMG,iShares MSCI EM Consumer Growth UCITS ETF USD (Acc),IE00BKM4H197,66946593.34,Ireland,2014-06-06,0.6,-,Equity,Large Cap,Global,USD,Emerging,"Sectors, Thematic ETFs",Broad,-,2200000,Yes,iShares V plc,Accumulating,MSCI ACWI Emerging Market Consumer Growth Index,30.430269,2022-08-11,2697.988116,Yes,Index,2022-06-30 00:00:00,5.966833,-1.757393,2.44741,33.189881,-27.704144,2022-07-31 00:00:00,-21.021333,-4.967932,-0.291117,-0.282008,2.168746,2022-07-31 00:00:00,-18.496648,-13.629834,-0.870812,-1.402109,19.108354,-,0,0.54173,-,-,-,A,6.2525,58.61,-,264658.0,https://www.ishares.com/uk/individual/en/products/264658/ishares-msci-emerging-markets-consumer-growth-ucits-etf
EIMI,iShares Core MSCI EM IMI UCITS ETF USD (Acc),IE00BKM4GZ66,15443981632.12,Ireland,2014-05-30,0.18,-,Equity,All Cap,Global,USD,Emerging,-,Broad,-,516365220,Yes,iShares plc,Accumulating,MSCI Emerging Markets Investable Market Index,29.909027,2022-08-11,1468.086217,Yes,Index,2022-06-30 00:00:00,7.94287,0.601558,-4.081844,43.259764,-24.704241,2022-07-31 00:00:00,-19.736445,-0.433967,1.610533,1.255098,2.062111,2022-07-31 00:00:00,-17.804318,-15.984711,4.909833,6.435005,18.139142,-,0,0.36585,-,-,-,BBB,5.1021,344.47,-,264659.0,https://www.ishares.com/uk/individual/en/products/264659/ishares-msci-emerging-markets-imi-ucits-etf
JPSG,iShares MSCI Japan SRI UCITS ETF GBP Hedged (Acc),IE0007VCNJW3,15021390.35,Ireland,2022-06-28,0.25,-,Equity,Large/Mid Cap,Asia Pacific,GBP,Developed,"Currency Hedged, Sustainable",Japan,Hedged,2918956,Yes,iShares IV plc,Accumulating,MSCI JAPAN SRI SELECT REDUCED FOSSIL FUEL NET Index,5.146151,2022-08-11,2055.25085,Yes,Index,2022-06-30 00:00:00,-,-,-,-,-,2022-07-31 00:00:00,-,-,-,-,-,2022-07-31 00:00:00,-,-,-,-,3.129179,-,0,0.3345,-,-,-,AAA,10,57.36,ESG Broad,328158.0,https://www.ishares.com/uk/individual/en/products/328158/ishares-msci-japan-sri-ucits-etf
ICBU,iShares $ Intermediate Credit Bond UCITS ETF,IE00BDQZ5152,221032034.3,Ireland,2017-04-25,0.15,-,Fixed Income,Credit,North America,USD,Developed,-,United States,-,46323586,Yes,iShares III plc,Distributing,Bloomberg U.S. Intermediate Credit Bond Index,4.771479,2022-08-11,2870.406162,Yes,Index,2022-06-30 00:00:00,-0.602982,8.070228,6.525789,1.917606,-9.025792,2022-07-31 00:00:00,-7.751721,-3.348684,0.234635,1.490912,1.695633,2022-07-31 00:00:00,-6.520639,-4.824041,0.705558,7.680181,9.254293,1.896687,4.89,2.99088,4.22187,4.14,-,AAA,8.7581,189.27,-,287204.0,https://www.ishares.com/uk/individual/en/products/287204/ishares-intermediate-credit-bond-ucits-etf
CBUH,iShares MSCI World Momentum Factor ESG UCITS ETF USD (Acc),IE000L5NW549,75852674.83,Ireland,2021-10-27,0.3,-,Equity,Large/Mid Cap,Global,USD,Developed,"Smart Beta, Sustainable",Broad,-,19000000,Yes,iShares IV plc,Accumulating,MSCI World Momentum ESG Reduced Carbon Target Select Net USD Index,3.992246,2022-08-11,4533.927128,Yes,Index,2022-06-30 00:00:00,-,-,-,-,-,2022-07-31 00:00:00,-,-,-,-,-,2022-07-31 00:00:00,-19.643239,-11.497866,-,-,-20.50694,-,0,0.6038,-,-,-,AAA,9.5077,67,ESG Broad,319968.0,https://www.ishares.com/uk/individual/en/products/319968/ishares-msci-world-momentum-factor-advanced-ucits-etf
TIP5,iShares $ TIPS 0-5 UCITS ETF,IE00BDQYWQ65,969845441.53,Ireland,2017-04-20,0.1,-,Fixed Income,Inflation,North America,USD,Developed,-,United States,-,186367448,Yes,iShares II plc,Distributing,ICE U.S. Treasury Inflation Linked Bond Index 0-5,5.203942,2022-08-11,116.53,Yes,Index,2022-06-30 00:00:00,1.32765,3.15889,3.430218,5.851827,0.982569,2022-07-31 00:00:00,1.390184,3.889825,3.970804,3.222685,3.003698,2022-07-31 00:00:00,0.287314,0.877675,12.391691,17.186008,16.905328,0.042276,2.7,0.42619,2.64404,3.06,-,A,5.8153,3.19,-,287202.0,https://www.ishares.com/uk/individual/en/products/287202/ishares-tips-0-5-ucits-etf
CBUI,iShares MSCI World Value Factor ESG UCITS ETF USD (Acc),IE000H1H16W5,136889827.28,Ireland,2021-10-27,0.3,-,Equity,Large Cap,Global,USD,Developed,"Smart Beta, Sustainable",Broad,-,29000000,Yes,iShares IV plc,Accumulating,MSCI World Value ESG Reduced Carbon Target Select Net USD Index,4.720338,2022-08-11,2810.272021,Yes,Index,2022-06-30 00:00:00,-,-,-,-,-,2022-07-31 00:00:00,-,-,-,-,-,2022-07-31 00:00:00,-10.793973,-9.504952,-,-,-7.165294,-,0,0.11876,-,-,-,AAA,9.6953,87.82,ESG Broad,319970.0,https://www.ishares.com/uk/individual/en/products/319970/ishares-msci-world-value-factor-advanced-ucits-etf
USHY,iShares Broad USD High Yield Corporate Bond ETF,US46435U8532,9022740186.98,United States,2017-10-25,0.22,-,Fixed Income,High Yield,North America,USD,Developed,Income,United States,-,245450000,No,-,Distributing,ICE BofA US High Yield Constrained Index (4PM),36.759993,2022-08-11,482.701,No,Index,2022-06-30 00:00:00,-,7.62,-0.9,15.18,-12.74,2022-07-31 00:00:00,-7.83,0.85,1.64,-,2.68,2022-07-31 00:00:00,-8.92,-6.31,5.01,-,13.42,4.7559,5.74,5.71079,4.1692,7.36,-,BBB,5.3364,319.14,-,291299.0,https://www.ishares.com/us/products/291299/ishares-broad-usd-high-yield-corporate-bond-etf
EMVL,iShares Edge MSCI EM Value Factor UCITS ETF USD (Acc),IE00BG0SKF03,135566246.1,Ireland,2018-12-06,0.4,-,Equity,All Cap,Global,USD,Emerging,Smart Beta,Broad,-,3600000,Yes,iShares IV plc,Accumulating,MSCI EM Select Value Factor Focus Index,37.65729,2022-08-11,7028.198401,Yes,Index,2022-06-30 00:00:00,-,-,-9.979954,44.323877,-22.627908,2022-07-31 00:00:00,-17.471766,2.21797,1.095334,-,2.489884,2022-07-31 00:00:00,-16.323462,-15.869611,3.322127,-,9.392024,-,0,0.13818,-,-,-,BBB,4.5216,663.01,-,297452.0,https://www.ishares.com/uk/individual/en/products/297452/ishares-edge-msci-em-value-factor-ucits-etf
EH1Y,iShares Broad € High Yield Corp Bond UCITS ETF EUR (Dist),IE00BG0J4B71,28492854.2,Ireland,2022-04-05,0.25,-,Fixed Income,High Yield,Europe,EUR,Developed,-,Broad,-,6070000,Yes,iShares III plc,Distributing,ICE BofA Euro High Yield Constrained Index (HEC0),4.694045,2022-08-11,307.253,Yes,Index,2022-06-30 00:00:00,-,-,-,-,-,2022-07-31 00:00:00,-,-,-,-,-,2022-07-31 00:00:00,-,-,-,-,-6.183728,1.024703,4.18,3.45658,3.54872,5.96,-,-,-,-,-,326124.0,https://www.ishares.com/uk/individual/en/products/326124/ishares-broad-high-yield-corp-bond-ucits-etf
IWLD,iShares Core MSCI World ex Australia ESG Leaders ETF,AU00000IWLD6,607226439.7,Australia,2016-04-22,-,0.09,Equity,All Cap,Global,AUD,Developed,Core ETFs,Broad,-,15274665,No,-,-,MSCI World Ex Australia Custom ESG Leaders Index,39.75383,2022-08-11,2735.646234,No,Index,2022-06-30 00:00:00,15.782092,9.901927,3.087252,30.989995,-5.850568,2022-07-31 00:00:00,-3.809845,14.789089,10.097235,12.027426,12.068028,2022-07-31 00:00:00,-12.72122,-9.606873,33.453275,76.45005,104.343305,0.938159,0,0.26954,-,-,-,AAA,9.5784,70.52,ESG Broad,283117.0,https://www.blackrock.com/au/products/283117/ishares-core-msci-world-ex-australia-esg-etf
IHWL,iShares Core MSCI World ex Australia ESG Leaders (AUD Hedged) ETF,AU00000IHWL7,315569324.57,Australia,2016-04-22,-,0.12,Equity,All Cap,Global,AUD,Developed,"Currency Hedged, Core ETFs",Broad,-,7906384,No,-,-,MSCI World ex Australia Custom ESG Leaders 100% AUD Hedged Index (Monthly),39.91323,2022-08-11,5399.36705258724,No,Index,2022-06-30 00:00:00,11.710939,4.743752,-1.458321,39.074912,-12.047847,2022-07-31 00:00:00,-6.91099,13.673048,9.085662,8.640513,10.21506,2022-07-31 00:00:00,-15.029051,-9.255545,29.808464,51.34185,84.053707,0.695093,0,0.28007,-,-,-,AAA,9.5838,70.44,ESG Broad,283119.0,https://www.blackrock.com/au/products/283119/ishares-core-msci-world-ex-australia-esg-aud-hedged-etf
SHLD,iShares Digital Security UCITS ETF USD (Dist),IE00BG0J4841,149008342.9,Ireland,2018-10-29,0.4,-,Equity,All Cap,North America,USD,Developed,"Sustainable, Thematic ETFs",United States,-,20105740,Yes,iShares IV plc,Distributing,STOXX Global Digital Security Open Net Index in USD,7.411233,2022-08-11,2894.5088300255,Yes,Index,2022-06-30 00:00:00,-,-,9.230524,37.787109,-23.088852,2022-07-31 00:00:00,-19.1768,2.645647,6.464242,-,10.161818,2022-07-31 00:00:00,-22.855553,-12.872264,20.67333,-,43.752896,0.855458,0,0.14275,-,-,-,AA,7.3241,59.37,Screened,305642.0,https://www.ishares.com/uk/individual/en/products/305642/ishares-digital-security-ucits-etf
IGAE,iShares J.P. Morgan $ EM Investment Grade Bond UCITS ETF USD (Acc),IE00BKPT2T41,326728993.93,Ireland,2021-03-25,0.3,-,Fixed Income,Government,Global,USD,Emerging,-,Broad,-,75234936,Yes,iShares VI plc,Accumulating,JP Morgan EMBI Global Diversifed IG Only Index - JAM version,4.342782,2022-08-11,598.022398,Yes,Index,2022-06-30 00:00:00,-,-,-,-,-18.493594,2022-07-31 00:00:00,-16.165165,-,-,-,-10.409437,2022-07-31 00:00:00,-16.021896,-12.724561,-,-,-13.764385,-,13.4,4.05466,8.36326,4.4,-,BB,4.1789,962.02,-,313834.0,https://www.ishares.com/uk/individual/en/products/313834/ishares-j-p-morgan-advanced-em-investment-grade-bond-ucits-etf
AGRH,iShares Interest Rate Hedged U.S. Aggregate Bond ETF,US46431W5316,5073778.57,United States,2022-06-22,0.16,-,Fixed Income,Multi Sectors,North America,USD,Developed,-,United States,-,200000,No,-,Distributing,BlackRock Interest Rate Hedged U.S. Aggregate Bond Index,25.368893,2022-08-11,1003.291340692,No,Index,2022-06-30 00:00:00,-,-,-,-,-,2022-07-31 00:00:00,-,-,-,-,-,2022-07-31 00:00:00,-,-,-,-,0.7,0,8.1,2.95926,0.08918,3.02,-,A,6.5609,282.25,-,328180.0,https://www.ishares.com/us/products/328180/ishares-interest-rate-hedged-u-s-aggregate-bond-etf
SMUA,iShares MSCI EMU SRI UCITS ETF EUR (Acc),IE00BJLKK341,29944834.25,Ireland,2020-03-03,0.2,-,Equity,Large/Mid Cap,Europe,EUR,Developed,Sustainable,Broad,-,4926243,Yes,iShares IV plc,Accumulating,MSCI EMU SRI SELECT REDUCED FOSSIL FUEL NET Index,6.078635,2022-08-11,2849.221638,Yes,Index,2022-06-30 00:00:00,-,-,-,28.812976,-13.44287,2022-07-31 00:00:00,-8.855815,10.294097,-,-,7.288928,2022-07-31 00:00:00,-12.811795,-7.675982,-,-,18.464001,-,0,0,-,-,-,AAA,10,81.36,ESG Broad,311792.0,https://www.ishares.com/uk/individual/en/products/311792/ishares-msci-emu-sri-ucits-etf
AESG,iShares Global Aggregate Bond ESG (AUD Hedged) ETF,AU0000227589,3989532.52,Australia,2022-08-09,-,0.19,Fixed Income,Credit,Global,AUD,Developed,-,Broad,-,40000,No,-,-,Bloomberg MSCI Global Aggregate Sustainable Green Bond SRI AUD Hedged Index,99.7383,2022-08-11,-,No,Index,-,-,-,-,-,-,-,-,-,-,-,-,-,-,-,-,-,-,-,506.62,1.8457,407.93848,48.82,-,-,-,-,ESG Broad,328186.0,https://www.blackrock.com/au/products/328186/ishares-global-aggregate-bond-esg-aud-hedged-etf
AGAUX,iShares Global Aggregate Bond ESG UCITS ETF AUD Hedged (Dist),IE000OH3HT45,4175519.25,Ireland,2022-06-28,0.12,-,Fixed Income,Credit,Global,AUD,Developed,"Currency Hedged, Sustainable",Broad,Hedged,814000,Yes,iShares III plc,Distributing,Bloomberg MSCI Global Aggregate Sustainable and Green Bond SRI Index,5.12963,2022-08-11,105.463968,Yes,Index,2022-06-30 00:00:00,-,-,-,-,-,2022-07-31 00:00:00,-,-,-,-,-,2022-07-31 00:00:00,-,-,-,-,3.472724,0,8.69,1.85883,6.99904,2.7,-,A,6.9023,124.49,ESG Broad,328196.0,https://www.ishares.com/uk/individual/en/products/328196/ishares-global-aggregate-bond-esg-sri-ucits-etf
SUOH,iShares $ Corp Bond ESG UCITS ETF CHF Hedged (Acc),IE000T05HNG4,164167.18,Ireland,2022-06-28,0.17,-,Fixed Income,Credit,Global,CHF,Developed,"Currency Hedged, Sustainable",Broad,Hedged,32000,Yes,iShares II plc,Accumulating,BBG US Corporate Sustainable SRI Index,5.130224,2022-08-11,127.859497,Yes,Index,2022-06-30 00:00:00,-,-,-,-,-,2022-07-31 00:00:00,-,-,-,-,-,2022-07-31 00:00:00,-,-,-,-,3.698291,-,10.72,3.49274,7.22929,4.37,-,AAA,9.8984,87.63,ESG Broad,328199.0,https://www.ishares.com/ch/professionals/en/products/328199/ishares-corp-bond-esg-sri-ucits-etf
GOVZ,iShares 25+ Year Treasury STRIPS Bond ETF,US46436E5776,329507991.23,United States,2020-09-22,0.15,-,Fixed Income,Government,North America,USD,Developed,-,United States,-,21350000,No,-,Distributing,ICE BofA Long US Treasury Principal STRIPS Index,15.43363,2022-08-11,590.141,No,Index,2022-06-30 00:00:00,-,-,-,-,-23.94,2022-07-31 00:00:00,-25.86,-,-,-,-20.06,2022-07-31 00:00:00,-26.86,-23.03,-,-,-34.03,2.8434,27.32,1e-05,26.89277,3.28,-,A,5.8124,-,-,315911.0,https://www.ishares.com/us/products/315911/ishares-25+-year-treasury-strips-bond-etf
TI5A,iShares $ TIPS 0-5 UCITS ETF USD (Acc),IE000JXFRNI0,1075089.26,Ireland,2022-06-28,0.1,-,Fixed Income,Inflation,North America,USD,Developed,-,United States,-,10700,Yes,iShares II plc,Accumulating,ICE U.S. Treasury Inflation Linked Bond Index 0-5 Years Index (4PM),100.475631,2022-08-11,116.518,Yes,Index,2022-06-30 00:00:00,-,-,-,-,-,2022-07-31 00:00:00,-,-,-,-,-,2022-07-31 00:00:00,-,-,-,-,1.546737,-,2.7,0.42619,2.64404,3.06,-,A,5.8153,3.19,-,328198.0,https://www.ishares.com/uk/individual/en/products/328198/ishares-tips-0-5-ucits-etf
CYBA,iShares China CNY Bond UCITS ETF USD (Acc),IE00BKPSFD61,1808532098.18,Ireland,2020-05-14,0.35,-,Fixed Income,Flexible,Asia Pacific,USD,Emerging,-,China,-,321752329,Yes,iShares IV plc,Accumulating,BBG China Treasury + Policy Bank Total Return Index in USD,5.620882,2022-08-11,255.164165,Yes,Index,2022-06-30 00:00:00,-,-,-,12.013972,1.292962,2022-07-31 00:00:00,-0.241607,6.152734,-,-,5.334205,2022-07-31 00:00:00,-3.289178,-4.179012,-,-,12.176916,-,7.73,3.09439,5.84103,2.66,-,B,1.8884,6.2,-,313868.0,https://www.ishares.com/uk/individual/en/products/313868/ishares-china-cny-bond-ucits-etf
XVV,iShares ESG Screened S&P 500 ETF,US46436E5693,243060877.09,United States,2020-09-22,0.08,-,Equity,Large Cap,North America,USD,Developed,-,United States,-,7650000,No,BlackRock Fund Advisors,Distributing,S&P 500 Sustainability Screened Index,31.772664,2022-08-11,5198.57197837656,No,Index,2022-06-30 00:00:00,-,-,-,-,-12.69,2022-07-31 00:00:00,-6.74,-,-,-,12.89,2022-07-31 00:00:00,-14.81,-9.25,-,-,25.27,1.1789,0,0.03802,-,-,-,AA,8.4885,88.34,Screened,315917.0,https://www.ishares.com/us/products/315917/ishares-esg-select-screened-s-p-500-etf
IEGC,iShares Core € Govt Bond UCITS ETF CHF Hedged (Acc),IE00BMFJGP26,59124746.08,Ireland,2020-05-14,0.12,-,Fixed Income,Government,Europe,CHF,Developed,"-, Currency Hedged",Broad,Hedged,13053728,Yes,iShares III plc,Accumulating,BBG Euro Agg TSY Index,4.529337,2022-08-11,250.211888,Yes,Index,2022-06-30 00:00:00,-,-,-,-0.572947,-13.074797,2022-07-31 00:00:00,-11.139839,-5.653209,-,-,-,2022-07-31 00:00:00,-8.976275,-7.92632,-,-,-,-,9.35,1.83515,7.85382,1.44,2.86,A,5.7546,3.39,-,313866.0,https://www.ishares.com/de/privatanleger/de/produkte/313866/ishares-core-govt-bond-ucits-etf
XJH,iShares ESG Screened S&P Mid-Cap ETF,US46436E5511,88714414.6,United States,2020-09-22,0.12,-,Equity,Mid Cap,North America,USD,Developed,-,United States,-,2550000,No,BlackRock Fund Advisors,Distributing,S&P MidCap 400 Sustainability Screened Index,34.789967,2022-08-11,4246.03219022446,No,Index,2022-06-30 00:00:00,-,-,-,-,-16.3,2022-07-31 00:00:00,-7.64,-,-,-,18.68,2022-07-31 00:00:00,-12.1,-5.13,-,-,37.46,1.2264,0,-0.20094,-,-,-,A,6.5844,128.75,Screened,315914.0,https://www.ishares.com/us/products/315914/ishares-esg-select-screened-s-p-mid-cap-etf
WQDA,iShares MSCI World Quality Dividend ESG UCITS ETF USD (Acc),IE00BKPSFC54,181573024.21,Ireland,2020-05-14,0.38,-,Equity,Large/Mid Cap,Europe,USD,Developed,Smart Beta,Broad,-,26948957,Yes,iShares II plc,Accumulating,MSCI World High Dividend Yield ESG Reduced Carbon Target Select Index USD,6.737664,2022-08-11,3134.818667,Yes,Index,2022-06-30 00:00:00,-,-,-,27.319927,-6.009083,2022-07-31 00:00:00,-2.990065,10.367684,-,-,14.006863,2022-07-31 00:00:00,-6.398838,-5.729895,-,-,33.622859,-,0,0.62376,-,-,-,AAA,10,98.33,ESG Broad,313867.0,https://www.ishares.com/uk/individual/en/products/313867/ishares-msci-world-quality-dividend-advanced-ucits-etf
IUSZ,iShares Edge MSCI USA Size Factor UCITS ETF USD (Acc),IE00BD1F4K20,128345964.14,Ireland,2016-10-13,0.2,-,Equity,Mid Cap,North America,USD,Developed,Smart Beta,United States,-,13500000,Yes,iShares IV plc,Accumulating,MSCI USA Mid-Cap Equal Weighted Index,9.507108,2022-08-11,14633.489705,Yes,Index,2022-06-30 00:00:00,12.911201,5.026866,-4.183031,54.154611,-15.881474,2022-07-31 00:00:00,-8.651373,15.949828,10.479381,9.766889,11.038245,2022-07-31 00:00:00,-13.756907,-7.623973,34.847747,59.351725,83.490975,-,0,0.25128,-,-,-,AA,7.6271,226.89,-,285206.0,https://www.ishares.com/uk/individual/en/products/285206/ishares-msci-usa-mid-cap-equal-weight-ucits-etf
ICOM,iShares Diversified Commodity Swap UCITS ETF,IE00BDFL4P12,1794177696.95,Ireland,2017-07-18,0.19,-,Commodity,Multi Commodity,North America,USD,Developed,-,United States,-,231439761,Yes,iShares VI plc,No Income,Bloomberg Commodity℠ (Total Return Index),7.752244,2022-08-11,265.672899,Yes,Index,2022-06-30 00:00:00,-,-7.001637,-17.291502,45.251691,23.62326,2022-07-31 00:00:00,26.486387,33.035503,15.928433,8.515669,8.778164,2022-07-31 00:00:00,22.935467,13.086444,55.800876,50.474278,52.73082,-,0.28,-0.1129,-,-,-,-,-,-,-,287254.0,https://www.ishares.com/uk/individual/en/products/287254/ishares-diversified-commodity-swap-ucits-etf
IUVL,iShares Edge MSCI USA Value Factor UCITS ETF USD (Acc),IE00BD1F4M44,3116005860.74,Ireland,2016-10-13,0.2,-,Equity,Large/Mid Cap,North America,USD,Developed,Smart Beta,United States,-,365868179,Yes,iShares IV plc,Accumulating,MSCI USA Enhanced Value Index,8.516744,2022-08-11,1820.237015,Yes,Index,2022-06-30 00:00:00,14.340585,0.593791,-8.612986,47.900621,-11.851124,2022-07-31 00:00:00,-5.897166,16.966797,7.464662,7.322959,9.369566,2022-07-31 00:00:00,-11.478602,-9.693761,24.107214,42.384655,68.070541,-,0,-0.24231,-,-,-,AA,8.178,128.78,-,285207.0,https://www.ishares.com/uk/individual/en/products/285207/ishares-edge-msci-usa-value-factor-ucits-etf
XJR,iShares ESG Screened S&P Small-Cap ETF,US46436E5446,38293981.02,United States,2020-09-22,0.12,-,Equity,Small Cap,North America,USD,Developed,-,United States,-,1050000,No,BlackRock Fund Advisors,Distributing,S&P SmallCap 600 Sustainability Screened Index,36.470458,2022-08-11,4327.16343532911,No,Index,2022-06-30 00:00:00,-,-,-,-,-17.48,2022-07-31 00:00:00,-7.37,-,-,-,22.64,2022-07-31 00:00:00,-12.01,-4.58,-,-,46.09,1.1054,0,26.26272,-,-,-,BBB,5.3667,86.16,Screened,315920.0,https://www.ishares.com/us/products/315920/ishares-esg-select-screened-s-p-small-cap-etf
IUMO,iShares Edge MSCI USA Momentum Factor UCITS ETF USD (Acc),IE00BD1F4N50,380459691.08,Ireland,2016-10-13,0.2,-,Equity,Large/Mid Cap,North America,USD,Developed,Smart Beta,United States,-,38266559,Yes,iShares IV plc,Accumulating,MSCI USA Momentum Index,9.942354,2022-08-11,3427.001181,Yes,Index,2022-06-30 00:00:00,24.411942,9.591242,11.856123,31.682133,-20.311256,2022-07-31 00:00:00,-16.964181,1.634305,6.632851,10.234175,12.556372,2022-07-31 00:00:00,-20.279942,-12.334913,21.247575,62.772595,98.519788,-,0,0.39617,-,-,-,AAA,8.9276,268.29,-,285208.0,https://www.ishares.com/uk/individual/en/products/285208/ishares-edge-msci-usa-momentum-factor-ucits-etf
INMU,BlackRock Intermediate Muni Income Bond ETF,US0925282073,33610242.78,United States,2021-03-16,0.4,-,Fixed Income,Municipals,North America,USD,Developed,-,United States,-,1400000,No,-,Distributing,BBG Municipal Bond 1-15Yr Index (Risk Basis: MUNI),24.007316,2022-08-11,181.514932,No,Active,2022-06-30 00:00:00,-,-,-,-,-6.45,2022-07-31 00:00:00,-5.21,-,-,-,-1.57,2022-07-31 00:00:00,-4.95,-2.81,-,-,-2.16,1.812,5.27,3.58548,4.81895,3.12,-,-,-,-,-,317976.0,https://www.ishares.com/us/products/317976/ishares-intermediate-muni-income-active-etf
IUQA,iShares Edge MSCI USA Quality Factor UCITS ETF USD (Acc),IE00BD1F4L37,1469254149.64,Ireland,2016-10-13,0.2,-,Equity,Large/Mid Cap,North America,USD,Developed,Smart Beta,United States,-,146575659,Yes,iShares IV plc,Accumulating,MSCI USA Sector Neutral Quality Index,10.023861,2022-08-11,5482.779461,Yes,Index,2022-06-30 00:00:00,13.709631,11.30997,6.34198,40.148533,-15.025058,2022-07-31 00:00:00,-10.299635,11.355646,10.901363,11.627886,12.518957,2022-07-31 00:00:00,-15.758768,-9.524652,36.398833,73.325914,98.137529,-,0,0.44571,-,-,-,AAA,8.8163,115.77,-,285209.0,https://www.ishares.com/uk/individual/en/products/285209/ishares-edge-msci-usa-quality-factor-ucits-etf
TFLO,iShares Treasury Floating Rate Bond ETF,US46434V8607,2100272823.28,United States,2014-02-03,0.15,-,Fixed Income,Government,North America,USD,Developed,Income,United States,-,41700000,No,-,Distributing,Bloomberg Barclays US Treasury Floating Rate Bond Index,50.366255,2022-08-11,107.573003,No,Index,2022-06-30 00:00:00,1.43,2.09,1.44,0.01,0.3,2022-07-31 00:00:00,0.45,0.22,0.56,1.05,0.74,2022-07-31 00:00:00,0.47,0.41,1.7,5.37,6.5,1.7377,0.6,2.63155,0.01114,2.43,-,A,5.8124,-,-,260652.0,https://www.ishares.com/us/products/260652/ishares-treasury-floating-rate-bond-etf
CSPXX,iShares Core S&P 500 UCITS ETF MXN Hedged (Acc),IE00BL3J3G74,3956395451.21,Ireland,2019-12-11,0.12,-,Equity,Large Cap,North America,MXN,Developed,"-, Currency Hedged",United States,Hedged,4808634,Yes,iShares VII plc,Accumulating,S&P 500 Index,822.769096,2022-08-11,7784.31770872246,Yes,Index,2022-06-30 00:00:00,-,-,-,45.129518,-6.798501,2022-07-31 00:00:00,-0.596976,18.335537,-,-,15.465355,2022-07-31 00:00:00,-10.653842,-6.157652,-,-,46.093066,-,0,0.46377,-,-,-,AA,8.46,151.36,-,311863.0,https://www.ishares.com/uk/individual/en/products/311863/ishares-core-s-p-500-ucits-etf
IMEAX,iShares Core MSCI Europe UCITS ETF MXN Hedged (Acc),IE00BL4KKW48,888446664.6,Ireland,2019-12-11,0.17,-,Equity,Large/Mid Cap,Europe,MXN,Developed,"-, Currency Hedged",Broad,Hedged,1237128,Yes,iShares II plc,Accumulating,MSCI Europe Net TR in EUR,718.152579,2022-08-11,275.093389,Yes,Index,2022-06-30 00:00:00,-,-,-,32.50762,-1.281124,2022-07-31 00:00:00,3.438126,18.794361,-,-,10.123376,2022-07-31 00:00:00,-4.349505,-1.790455,-,-,28.943383,-,0,0.09261,-,-,-,AAA,9.3248,114.79,-,311870.0,https://www.ishares.com/uk/individual/en/products/311870/ishares-core-msci-europe-ucits-etf
IJPAX,iShares Core MSCI Japan IMI UCITS ETF MXN Hedged (Acc),IE00BL4KKV31,48496421.39,Ireland,2019-12-11,0.2,-,Equity,All Cap,Asia Pacific,MXN,Developed,"-, Currency Hedged",Japan,Hedged,66400,Yes,iShares III plc,Accumulating,MSCI Japan Investable Market Net Index in USD,730.367791,2022-08-11,1352.463774,Yes,Index,2022-06-30 00:00:00,-,-,-,32.949584,2.789868,2022-07-31 00:00:00,9.600654,21.531963,-,-,11.50011,2022-07-31 00:00:00,1.696622,6.737476,-,-,33.236413,-,0,0.55042,-,-,-,AA,7.9436,93.26,-,311864.0,https://www.ishares.com/uk/individual/en/products/311864/ishares-core-msci-japan-imi-ucits-etf
SPDM,iShares Physical Palladium ETC,IE00B4556L06,29171512.28,Ireland,2011-04-08,0.2,-,Commodity,Other Metals,Global,USD,Developed,Alternatives,Broad,-,444907,Yes,iShares Physical Metals plc,No Income,London Palladium PM Fix,65.567663,2022-08-11,2278,Yes,Index,2022-06-30 00:00:00,12.865457,59.278126,24.496594,41.790288,-30.394391,2022-07-31 00:00:00,-21.413639,0.474446,10.64085,18.16639,8.501485,2022-07-31 00:00:00,8.433117,-14.480733,35.439865,130.393297,151.661581,-,-,-,-,-,-,-,-,-,-,256574.0,https://www.ishares.com/uk/individual/en/products/256574/ishares-physical-palladium-etc-fund
CEUX,iShares Core MSCI EMU UCITS ETF MXN Hedged (Acc),IE00BL3J3H81,67129482.3,Ireland,2019-12-11,0.17,-,Equity,Large/Mid Cap,Europe,MXN,Developed,"-, Currency Hedged",Broad,Hedged,96400,Yes,iShares VII plc,Accumulating,MSCI EMU Net Index in EUR,696.363924,2022-08-11,230.432497,Yes,Index,2022-06-30 00:00:00,-,-,-,36.700377,-7.707374,2022-07-31 00:00:00,-2.124769,17.234432,-,-,8.513195,2022-07-31 00:00:00,-8.76001,-5.976485,-,-,24.032628,-,0,-0.03906,-,-,-,AAA,8.9475,136.02,-,311865.0,https://www.ishares.com/uk/individual/en/products/311865/ishares-core-msci-emu-ucits-etf
DIVB,iShares U.S. Dividend and Buyback ETF,US46435U8615,261638772.61,United States,2017-11-07,0.25,-,Equity,All Cap,North America,USD,Developed,"Factors, Equity Income, Income",United States,-,6600000,No,-,Distributing,Morningstar US Dividend and Buyback Index,39.642238,2022-08-11,5166.26820456796,No,Index,2022-06-30 00:00:00,-,11,0.64,46.96,-6.01,2022-07-31 00:00:00,-1.35,19.38,13.39,-,12.06,2022-07-31 00:00:00,-8.65,-7.04,45.8,-,71.4,1.9174,0,0.31904,-,-,-,AA,8.2671,131.13,-,291387.0,https://www.ishares.com/us/products/291387/ishares-core-dividend-etf
EMBE,iShares J.P. Morgan $ EM Bond EUR Hedged UCITS ETF (Dist),IE00B9M6RS56,2230376182.74,Ireland,2013-07-08,0.5,-,Fixed Income,Government,Global,EUR,Emerging,Currency Hedged,Broad,-,31792921,Yes,iShares VI plc,Distributing,J.P. Morgan EMBI Global Core Index,70.153232,2022-08-11,409.570724,Yes,Index,2022-06-30 00:00:00,-5.085205,8.926027,-2.021913,5.74737,-22.764297,2022-07-31 00:00:00,-20.667799,-9.889572,-6.515847,-3.270599,0.598141,2022-07-31 00:00:00,-18.909559,-16.304614,-18.301517,-15.317729,5.552337,5.533459,12.74,4.66603,7.58394,6.84,5.83,BB,3.3454,1512.97,-,254531.0,https://www.ishares.com/uk/individual/en/products/254531/ishares-j-p-morgan-em-bond-eur-hedged-ucits-etf
SUWS,iShares MSCI World SRI UCITS ETF USD (Dist),IE00BDZZTM54,1399564998.47,Ireland,2017-10-12,0.2,-,Equity,All Cap,Global,USD,Developed,Sustainable,Broad,-,187017341,Yes,iShares IV plc,Distributing,MSCI WORLD SRI Select Reduced Fossil Fuel Index,7.48361,2022-08-11,3246.389564,Yes,Index,2022-06-30 00:00:00,-,8.896718,7.742619,37.975209,-13.910459,2022-07-31 00:00:00,-8.331097,10.834495,11.484519,-,10.159246,2022-07-31 00:00:00,-16.675694,-9.941713,38.561856,-,59.111136,1.57277,0,0.26315,-,-,-,AAA,9.9136,67.36,ESG Broad,291392.0,https://www.ishares.com/uk/individual/en/products/291392/ishares-msci-world-sri-ucits-etf
SECA,iShares € Govt Bond Climate UCITS ETF EUR (Acc),IE00BLDGH553,659495126.4,Ireland,2020-10-01,0.09,-,Fixed Income,Government,Europe,EUR,Developed,Sustainable,Broad,-,149170433,Yes,iShares III plc,Accumulating,FTSE Advanced Climate Risk-Adjusted EMU Government Bond Index (EGBI),4.421084,2022-08-11,216.8671,Yes,Index,2022-06-30 00:00:00,-,-,-,-,-12.560318,2022-07-31 00:00:00,-10.944376,-,-,-,-6.155831,2022-07-31 00:00:00,-8.755598,-7.782916,-,-,-10.979502,-,9.16,1.81148,7.66205,1.51,-,A,6.0632,-,ESG Thematic,313922.0,https://www.ishares.com/uk/individual/en/products/313922/ishares-govt-bond-climate-ucits-etf
SECD,iShares € Govt Bond Climate UCITS ETF EUR (Dist),IE00BLDGH447,104225681.85,Ireland,2020-10-01,0.09,-,Fixed Income,Government,Europe,EUR,Developed,Sustainable,Broad,-,23577267,Yes,iShares III plc,Distributing,FTSE Advanced Climate Risk-Adjusted EMU Government Bond Index (EGBI),4.4206,2022-08-11,216.8671,Yes,Index,2022-06-30 00:00:00,-,-,-,-,-12.560467,2022-07-31 00:00:00,-10.944444,-,-,-,-6.157103,2022-07-31 00:00:00,-8.755518,-7.782822,-,-,-10.981712,0,9.16,1.81148,7.66205,1.51,-,A,6.0632,-,ESG Thematic,313923.0,https://www.ishares.com/uk/individual/en/products/313923/ishares-govt-bond-climate-ucits-etf
HYLA,iShares Global High Yield Corp Bond UCITS ETF USD (Acc),IE00BYWZ0440,289688053.47,Ireland,2017-10-19,0.5,-,Fixed Income,High Yield,Global,USD,Developed,-,Broad,-,56438619,Yes,iShares plc,Accumulating,Markit iBoxx Global Developed Markets Liquid High Yield Capped Index,5.132798,2022-08-11,149.929823785471,Yes,Index,2022-06-30 00:00:00,-,5.632203,-2.318059,14.929688,-17.542932,2022-07-31 00:00:00,-14.267307,-3.288073,-1.085917,-,0.143238,2022-07-31 00:00:00,-12.931127,-10.407984,-3.222503,-,0.686614,-,4.48,4.25125,3.70225,6.04,6.02,BBB,5.6986,224.46,-,291404.0,https://www.ishares.com/uk/individual/en/products/291404/ishares-global-high-yield-corp-bond-ucits-etf
ISFD,iShares Core FTSE 100 UCITS ETF USD Hedged (Acc),IE00BYZ28W67,145158898.33,Ireland,2017-10-19,0.2,-,Equity,Large Cap,Europe,USD,Developed,"-, Currency Hedged",United Kingdom,Hedged,23514177,Yes,iShares plc,Accumulating,FTSE 100 Index™,6.17325,2022-08-11,7564.74309809,Yes,Index,2022-06-30 00:00:00,-,3.051083,-12.645035,17.501389,5.85891,2022-07-31 00:00:00,9.647942,16.221019,3.287114,-,4.32084,2022-07-31 00:00:00,2.683844,1.610554,10.189046,-,22.411984,-,0,0.10092,-,-,-,AAA,10,122.24,-,291401.0,https://www.ishares.com/uk/individual/en/products/291401/ishares-core-ftse-100-ucits-etf
IGLA,iShares Global Govt Bond UCITS ETF USD (Acc),IE00BYZ28V50,140375230.21,Ireland,2017-10-19,0.2,-,Fixed Income,Government,Global,USD,Developed,-,Broad,-,29835809,Yes,iShares III plc,Accumulating,FTSE G7 Government Bond Index,4.704924,2022-08-11,862.0351,Yes,Index,2022-06-30 00:00:00,-,5.395723,5.235127,-0.308419,-16.136822,2022-07-31 00:00:00,-16.146155,-9.25801,-3.526234,-,-1.288824,2022-07-31 00:00:00,-12.982433,-11.151133,-10.210056,-,-6.012973,-,9.54,1.62843,7.95959,2.21,1.97,A,5.9525,-,-,291402.0,https://www.ishares.com/uk/individual/en/products/291402/ishares-global-govt-bond-ucits-etf
RBOD,iShares Automation & Robotics UCITS ETF USD (Dist),IE00BYWZ0333,133745405.82,Ireland,2017-10-19,0.4,-,Equity,All Cap,Global,USD,Developed,"Sustainable, Thematic ETFs",Broad,-,18689006,Yes,iShares IV plc,Distributing,STOXX Global Automation & Robotics Index,7.156368,2022-08-11,2913.8800022017,Yes,Index,2022-06-30 00:00:00,-,1.357664,13.918971,50.272174,-30.169475,2022-07-31 00:00:00,-23.545149,5.539425,10.051736,-,7.485663,2022-07-31 00:00:00,-29.156248,-17.687167,33.28789,-,41.212453,0.326794,0,0.2678,-,-,-,AA,7.8563,25.32,Screened,291403.0,https://www.ishares.com/uk/individual/en/products/291403/ishares-automation-robotics-ucits-etf
IMBA,iShares US Mortgage Backed Securities UCITS ETF USD (Acc),IE00BYXYYN70,517144226.23,Ireland,2017-04-13,0.28,-,Fixed Income,Mortgages,North America,USD,Developed,-,Broad,-,101038255,No,iShares IV plc,Accumulating,Bloomberg US Mortgage Backed Securities Index,5.118301,2022-08-11,2136.370816,No,Index,2022-06-30 00:00:00,-0.358764,6.012441,5.299352,-0.707242,-9.337709,2022-07-31 00:00:00,-7.109206,-3.769104,-0.874897,0.551659,0.632185,2022-07-31 00:00:00,-6.060028,-4.580867,-2.601795,2.788899,3.394632,1.420713,7.99,2.67193,6.12902,3.5,-,-,-,-,-,287333.0,https://www.ishares.com/uk/individual/en/products/287333/ishares-us-mortgage-backed-securities-ucits-etf
JPEA,iShares J.P. Morgan $ EM Bond UCITS ETF USD (Acc),IE00BYXYYK40,1845558579.49,Ireland,2017-04-13,0.45,-,Fixed Income,Government,Global,USD,Emerging,-,Broad,-,368912162,Yes,iShares II plc,Accumulating,J.P. Morgan EMBI Global Core Index,5.002704,2022-08-11,527.782939,Yes,Index,2022-06-30 00:00:00,-2.61883,12.545319,0.483623,7.231502,-21.256777,2022-07-31 00:00:00,-19.066072,-8.439136,-4.721575,-0.988832,-0.500859,2022-07-31 00:00:00,-17.714769,-15.166456,-13.506454,-4.847343,-2.626125,-,12.9,4.69497,7.67277,6.92,5.9,BB,3.3193,1530.02,-,287334.0,https://www.ishares.com/uk/individual/en/products/287334/ishares-j-p-morgan-em-bond-ucits-etf
SDIA,iShares $ Short Duration Corp Bond UCITS ETF USD (Acc),IE00BYXYYP94,3557942773.09,Ireland,2017-04-13,0.2,-,Fixed Income,Credit,North America,USD,Developed,-,United States,-,659151715,Yes,iShares IV plc,Accumulating,Markit iBoxx USD Liquid Investment Grade 0-5 Index,5.39776,2022-08-11,129.952139445881,Yes,Index,2022-06-30 00:00:00,0.156254,5.508584,4.752927,1.459752,-5.17336,2022-07-31 00:00:00,-4.268624,-1.616929,0.652433,1.433552,1.5283,2022-07-31 00:00:00,-3.442859,-2.416348,1.970098,7.376236,8.370655,-,2.62,2.96758,2.32842,3.92,3.04,AAA,9.2744,147.37,-,287335.0,https://www.ishares.com/uk/individual/en/products/287335/ishares-short-duration-corp-bond-ucits-etf
BMED,BlackRock Future Health ETF,US09290C4006,7552755.36,United States,2020-09-29,0.85,-,Equity,Mid/Small Cap,Global,USD,Developed,-,Broad,-,320000,No,-,Distributing,MSCI All Country World Index (Net Total Return),23.602361,2022-08-11,339.201226,No,Active,2022-06-30 00:00:00,-,-,-,-,-26.43,2022-07-31 00:00:00,-22.72,-,-,-,-4.24,2022-07-31 00:00:00,-19.53,-7.39,-,-,-7.65,0,0,0.04319,-,-,-,AA,8.2533,21.83,-,316007.0,https://www.ishares.com/us/products/316007/ishares-health-innovation-active-etf
IBTA,iShares $ Treasury Bond 1-3yr UCITS ETF USD (Acc),IE00BYXPSP02,2714761036.22,Ireland,2017-04-13,0.07,-,Fixed Income,Government,North America,USD,Developed,-,United States,-,520648845,Yes,iShares plc,Accumulating,ICE US Treasury 1-3 Year Index,5.214188,2022-08-11,105.891,Yes,Index,2022-06-30 00:00:00,-0.0763,3.897567,4.101058,0.037555,-3.515509,2022-07-31 00:00:00,-3.287121,-1.603887,0.341549,0.892353,0.894205,2022-07-31 00:00:00,-2.609242,-1.914304,1.028152,4.542108,4.831302,14.594108,1.91,1.45373,1.85314,3.24,0.61,A,5.8124,-,-,287340.0,https://www.ishares.com/uk/individual/en/products/287340/ishares-treasury-bond-1-3yr-ucits-etf
SXR0,iShares Edge MSCI World Minimum Volatility UCITS ETF EUR Hedged (Acc),IE00BYXPXL17,114978792.32,Ireland,2017-04-21,0.35,-,Equity,Large/Mid Cap,Global,EUR,Developed,"Currency Hedged, Smart Beta",Broad,Hedged,17086683,Yes,iShares VI plc,Accumulating,MSCI World Minimum Volatility Index,6.729146,2022-08-11,4343.472342,Yes,Index,2022-06-30 00:00:00,5.143804,10.85016,-2.689123,16.285912,-4.12584,2022-07-31 00:00:00,-3.184756,5.995155,3.623764,5.257496,5.622965,2022-07-31 00:00:00,-7.351969,-2.217519,11.270001,29.200792,33.472354,-,0,0.456,-,-,-,AAA,9.0902,276.35,-,287341.0,https://www.ishares.com/uk/individual/en/products/287341/ishares-edge-msci-world-minimum-volatility-ucits-etf
IS07,iShares Edge MSCI World Multifactor UCITS ETF EUR Hedged (Acc),IE00BYXPXK00,11616060.87,Ireland,2017-04-21,0.55,-,Equity,Large/Mid Cap,Global,EUR,Developed,"Currency Hedged, Smart Beta",Broad,Hedged,1674248,Yes,iShares IV plc,Accumulating,MSCI World Diversified Multiple-Factor Index,6.938076,2022-08-11,1748.915921,Yes,Index,2022-06-30 00:00:00,11.342598,-1.777883,-4.486021,35.85664,-13.629018,2022-07-31 00:00:00,-7.794701,10.454118,6.39007,5.418291,6.045562,2022-07-31 00:00:00,-11.656809,-6.227806,20.421291,30.190666,36.315028,-,0,0.36629,-,-,-,AAA,8.6892,133.47,-,287342.0,https://www.ishares.com/uk/individual/en/products/287342/ishares-stoxx-world-equity-multifactor-ucits-etf
CEUD,iShares Core MSCI EMU UCITS ETF EUR (Dist),IE00BYXZ2585,189511847.54,Ireland,2017-04-28,0.12,-,Equity,Large/Mid Cap,Europe,EUR,Developed,-,Broad,-,35513883,Yes,iShares VII plc,Distributing,MSCI EMU Index,5.336275,2022-08-11,230.432497,Yes,Index,2022-06-30 00:00:00,1.944498,2.641943,-5.313988,30.649488,-13.306373,2022-07-31 00:00:00,-8.154823,11.024602,4.750002,3.72401,3.381949,2022-07-31 00:00:00,-12.336229,-9.200319,14.937599,20.059491,19.122898,4.619327,0,-0.03906,-,-,-,AAA,8.9475,136.02,-,287343.0,https://www.ishares.com/uk/individual/en/products/287343/ishares-core-msci-emu-ucits-etf
LQDA,iShares $ Corp Bond UCITS ETF USD (Acc),IE00BYXYYJ35,1426747382.92,Ireland,2017-04-13,0.2,-,Fixed Income,Credit,North America,USD,Developed,-,United States,-,256524937,Yes,iShares plc,Accumulating,Markit iBoxx USD Liquid Investment Grade Index,5.561827,2022-08-11,301.716007827015,Yes,Index,2022-06-30 00:00:00,-1.673112,12.45263,10.923192,3.00638,-16.187866,2022-07-31 00:00:00,-13.986524,-6.833712,-0.250577,1.822957,2.24976,2022-07-31 00:00:00,-12.804209,-9.307363,-0.74985,9.453214,12.514936,18.059451,13.5,3.69319,8.82962,4.55,3.99,AAA,8.9532,154.16,-,287338.0,https://www.ishares.com/uk/individual/en/products/287338/ishares-corp-bond-ucits-etf
CRPH,iShares Global Corp Bond EUR Hedged UCITS ETF (Dist),IE00B9M6SJ31,1118297172.02,Ireland,2013-06-25,0.25,-,Fixed Income,Credit,Global,EUR,Developed,Currency Hedged,Broad,-,12297401,Yes,iShares VI plc,Distributing,Bloomberg Global Aggregate Corporate Bond Index,90.937684,2022-08-11,222.630108,Yes,Index,2022-06-30 00:00:00,-2.00918,6.064229,4.476977,2.357183,-14.291991,2022-07-31 00:00:00,-12.631612,-5.991675,-2.063226,-0.455448,1.504522,2022-07-31 00:00:00,-11.086708,-8.61796,-6.06285,-2.25659,14.551038,2.339844,9.2,3.05788,6.46238,3.96,3.48,AAA,8.603,223.31,-,254572.0,https://www.ishares.com/uk/individual/en/products/254572/ishares-global-corporate-bond-eur-hedged-ucits-etf
IUAA,iShares US Aggregate Bond UCITS ETF USD (Acc),IE00BYXYYM63,1967943872.1,Ireland,2017-04-13,0.25,-,Fixed Income,Multi Sectors,North America,USD,Developed,-,United States,-,374445586,Yes,iShares II plc,Accumulating,Bloomberg US Aggregate Bond Index,5.25562,2022-08-11,2137.948787,Yes,Index,2022-06-30 00:00:00,-0.714999,7.575797,8.363393,-0.590644,-10.467359,2022-07-31 00:00:00,-9.316935,-5.236273,-0.479432,0.993094,1.161488,2022-07-31 00:00:00,-8.195158,-6.207406,-1.431411,5.065078,6.311591,-,8.72,2.52567,6.48864,3.66,2.9,A,6.6688,233.91,-,287339.0,https://www.ishares.com/uk/individual/en/products/287339/ishares-us-aggregate-bond-ucits-etf
EMXF,iShares ESG Advanced MSCI EM ETF,US46436E7426,36783233.38,United States,2020-10-06,0.16,-,Equity,Large/Mid Cap,Global,USD,Emerging,-,Broad,-,1000000,No,BlackRock Fund Advisors,Distributing,MSCI Emerging Markets Choice ESG Screened 5% Issuer Capped Index,36.783233,2022-08-11,1761.221497,No,Index,2022-06-30 00:00:00,-,-,-,-,-20.08,2022-07-31 00:00:00,-16.19,-,-,-,2.3,2022-07-31 00:00:00,-15.82,-15.46,-,-,4.22,1.2142,0,0.18501,-,-,-,AAA,9.0474,102.43,ESG Broad,316020.0,https://www.ishares.com/us/products/316020/ishares-esg-advanced-msci-em-etf
CEUG,iShares Core MSCI EMU UCITS ETF GBP Hedged (Dist),IE00BG0J9Y53,193158873.52,Ireland,2018-05-30,0.12,-,Equity,Large/Mid Cap,Europe,GBP,Developed,"-, Currency Hedged",Broad,Hedged,35426066,Yes,iShares VII plc,Distributing,MSCI EMU Index,5.45245,2022-08-11,230.432497,Yes,Index,2022-06-30 00:00:00,-,3.582706,-5.192143,31.171166,-12.593497,2022-07-31 00:00:00,-7.470177,11.63058,5.169214,-,4.446199,2022-07-31 00:00:00,-11.795073,-8.705738,16.323079,-,19.872434,4.52824,0,-0.03906,-,-,-,AAA,8.9475,136.02,-,297587.0,https://www.ishares.com/uk/individual/en/products/297587/ishares-core-msci-emu-ucits-etf
IHYA,iShares $ High Yield Corp Bond UCITS ETF USD (Acc),IE00BYXYYL56,1515678052.93,Ireland,2017-04-13,0.5,-,Fixed Income,High Yield,North America,USD,Developed,-,United States,-,257941675,Yes,iShares II plc,Accumulating,Markit iBoxx USD Liquid High Yield Capped Index,5.876049,2022-08-11,234.304729621378,Yes,Index,2022-06-30 00:00:00,1.861012,7.229771,-1.585978,13.501715,-11.401615,2022-07-31 00:00:00,-5.835289,1.121464,1.655045,2.678147,2.991903,2022-07-31 00:00:00,-6.60765,-3.864627,5.047762,14.127448,16.911257,-,5,5.20059,3.87964,6.16,6.28,BBB,5.712,285.12,-,287352.0,https://www.ishares.com/uk/individual/en/products/287352/ishares-high-yield-corp-bond-ucits-etf
BTEC,iShares Nasdaq US Biotechnology UCITS ETF,IE00BYXG2H39,422186099.82,Ireland,2017-10-19,0.35,-,Equity,Small Cap,North America,USD,Developed,-,United States,-,70634707,Yes,iShares IV plc,Accumulating,Nasdaq Biotechnology Index(R),5.977034,2022-08-11,1283.89958843023,Yes,Index,2022-06-30 00:00:00,-,-0.584504,25.628445,20.00994,-26.884735,2022-07-31 00:00:00,-23.722296,-3.600464,5.793845,-,2.459198,2022-07-31 00:00:00,-17.235413,-6.088199,18.408044,-,12.315428,-,0,0.09415,-,-,-,A,6.8792,19.47,-,291450.0,https://www.ishares.com/uk/individual/en/products/291450/ishares-nasdaq-us-biotechnology-ucits-etf
ASIG,iShares $ Asia Investment Grade Corp Bond UCITS ETF USD (Acc),IE0007G78AC4,83528240.48,Ireland,2021-11-08,0.2,-,Fixed Income,Credit,Asia Pacific,USD,Emerging,-,Broad,-,18390000,Yes,iShares III plc,Accumulating,Markit iBoxx USD Asia ex-Japan Corporates Investment Grade ESG SC Index In,4.542046,2022-08-11,115.998030718017,Yes,Index,2022-06-30 00:00:00,-,-,-,-,-,2022-07-31 00:00:00,-,-,-,-,-,2022-07-31 00:00:00,-9.21359,-7.435756,-,-,-8.851479,-,5.88,2.98908,4.47485,5.08,-,BBB,4.8796,154.63,Screened,320123.0,https://www.ishares.com/uk/individual/en/products/320123/ishares-asia-investment-grade-corp-bond-ucits-etf
SGWS,iShares MSCI World SRI UCITS ETF GBP Hedged (Dist),IE00BMZ17T93,55605415.64,Ireland,2020-10-12,0.23,-,Equity,All Cap,Global,GBP,Developed,"Currency Hedged, Sustainable",Broad,Hedged,9516891,Yes,iShares IV plc,Distributing,MSCI WORLD SRI SELECT REDUCED FOSSIL FUEL NET Index,5.842813,2022-08-11,3246.389564,Yes,Index,2022-06-30 00:00:00,-,-,-,-,-10.54633,2022-07-31 00:00:00,-4.579246,-,-,-,9.294289,2022-07-31 00:00:00,-14.101641,-7.640473,-,-,17.347933,1.552334,0,0.26315,-,-,-,AAA,9.9136,67.36,ESG Broad,316039.0,https://www.ishares.com/uk/individual/en/products/316039/ishares-msci-world-sri-ucits-etf
CYGB,iShares China CNY Bond UCITS ETF GBP Hedged (Dist),IE00BMZ17Y47,121951581.9,Ireland,2021-02-24,0.4,-,Fixed Income,Flexible,Asia Pacific,GBP,Emerging,Currency Hedged,China,Hedged,24254352,Yes,iShares IV plc,Distributing,BBG China Treasury + Policy Bank Total Return Index in USD,5.028028,2022-08-11,255.164165,Yes,Index,2022-06-30 00:00:00,-,-,-,-,2.182264,2022-07-31 00:00:00,1.533115,-,-,-,2.673255,2022-07-31 00:00:00,0.975013,0.465999,-,-,3.853747,2.909689,7.73,3.09439,5.84103,2.66,-,B,1.8884,6.2,-,316045.0,https://www.ishares.com/uk/individual/en/products/316045/ishares-china-cny-bond-ucits-etf
WENE,iShares MSCI World Energy Sector ESG UCITS ETF USD (Dist),IE000MELAE65,4947084.57,Ireland,2022-04-07,0.25,-,Equity,Large/Mid Cap,Global,USD,Developed,Sectors,Broad,-,1000000,Yes,iShares V plc,Distributing,MSCI World Energy ESG Reduced Carbon Select 20 35 Capped Index,4.947084,2022-08-11,1169.271461,Yes,Index,2022-06-30 00:00:00,-,-,-,-,-,2022-07-31 00:00:00,-,-,-,-,-,2022-07-31 00:00:00,-,-,-,-,-1.638914,0.529605,0,0.28516,-,-,-,AAA,9.4901,629.89,ESG Broad,326286.0,https://www.ishares.com/uk/individual/en/products/326286/ishares-msci-world-energy-sector-advanced-ucits-etf
SCWS,iShares MSCI World SRI UCITS ETF CHF Hedged (Dist),IE00BMZ17V16,68387344.88,Ireland,2020-10-12,0.23,-,Equity,All Cap,Global,CHF,Developed,"Currency Hedged, Sustainable",Broad,Hedged,11964397,Yes,iShares IV plc,Distributing,MSCI WORLD SRI SELECT REDUCED FOSSIL FUEL NET Index,5.715904,2022-08-11,3246.389564,Yes,Index,2022-06-30 00:00:00,-,-,-,-,-11.684066,2022-07-31 00:00:00,-5.834262,-,-,-,8.020003,2022-07-31 00:00:00,-15.007852,-8.476823,-,-,14.896694,1.565807,0,0.26315,-,-,-,AAA,9.9136,67.36,ESG Broad,316040.0,https://www.ishares.com/ch/professionals/en/products/316040/ishares-msci-world-sri-ucits-etf
SESW,iShares MSCI World SRI UCITS ETF EUR Hedged (Dist),IE00BMZ17W23,251390793.19,Ireland,2020-10-12,0.23,-,Equity,All Cap,Global,EUR,Developed,"Currency Hedged, Sustainable",Broad,Hedged,43642687,Yes,iShares IV plc,Distributing,MSCI WORLD SRI SELECT REDUCED FOSSIL FUEL NET Index,5.760204,2022-08-11,3246.389564,Yes,Index,2022-06-30 00:00:00,-,-,-,-,-11.335668,2022-07-31 00:00:00,-5.31494,-,-,-,8.483445,2022-07-31 00:00:00,-14.631363,-8.113791,-,-,15.785518,1.558973,0,0.26315,-,-,-,AAA,9.9136,67.36,ESG Broad,316041.0,https://www.ishares.com/uk/individual/en/products/316041/ishares-msci-world-sri-ucits-etf
SUWU,iShares MSCI World SRI UCITS ETF USD Hedged (Dist),IE00BMZ17X30,2788495.48,Ireland,2020-10-12,0.23,-,Equity,All Cap,Global,USD,Developed,"Currency Hedged, Sustainable",Broad,Hedged,470572,Yes,iShares IV plc,Distributing,MSCI WORLD SRI SELECT REDUCED FOSSIL FUEL NET Index,5.925757,2022-08-11,3246.389564,Yes,Index,2022-06-30 00:00:00,-,-,-,-,-9.597705,2022-07-31 00:00:00,-3.573296,-,-,-,10.09645,2022-07-31 00:00:00,-13.533474,-6.992545,-,-,18.902768,1.48673,0,0.26315,-,-,-,AAA,9.9136,67.36,ESG Broad,316042.0,https://www.ishares.com/uk/individual/en/products/316042/ishares-msci-world-sri-ucits-etf
NDIA,iShares MSCI India UCITS ETF USD (Acc),IE00BZCQB185,1239758175.07,Ireland,2018-05-24,0.65,-,Equity,All Cap,Asia Pacific,USD,Emerging,-,India,-,167100000,Yes,iShares IV plc,Accumulating,MSCI India Net TR - in USD,7.419258,2022-08-11,960.324933,Yes,Index,2022-06-30 00:00:00,-,7.105372,-17.517727,55.008598,-5.507946,2022-07-31 00:00:00,2.383345,20.431591,11.690818,-,8.523956,2022-07-31 00:00:00,-7.734664,-6.396077,39.332496,-,40.644281,-,0,2.90983,-,-,-,BBB,5.6537,599.61,-,297617.0,https://www.ishares.com/uk/individual/en/products/297617/ishares-msci-india-ucits-etf
DTLC,iShares $ Treasury Bond 20+yr UCITS ETF CHF Hedged (Dist),IE00BD8PH067,146576108.25,Ireland,2017-10-24,0.1,-,Fixed Income,Government,North America,CHF,Developed,Currency Hedged,United States,Hedged,36193794,Yes,iShares IV plc,Distributing,ICE US Treasury 20+ Year Bond Index,4.049758,2022-08-11,109.601,Yes,Index,2022-06-30 00:00:00,-,7.927614,22.27127,-11.854895,-20.88666,2022-07-31 00:00:00,-21.771709,-17.209761,-4.371139,-,-1.732761,2022-07-31 00:00:00,-21.169486,-17.903981,-12.548563,-,-7.9987,2.486568,25.9,2.48559,18.01342,3.33,3.05,A,5.8316,3.19,-,291482.0,https://www.ishares.com/de/privatanleger/de/produkte/291482/ishares-treasury-bond-20+yr-ucits-etf
WCMS,iShares MSCI World Communication Services Sector ESG UCITS ETF USD (Dist),IE00BJ5JP436,12761128.8,Ireland,2022-04-07,0.25,-,Equity,Large/Mid Cap,Global,USD,Developed,Sectors,Broad,-,3000000,Yes,iShares V plc,Distributing,MSCI World Communication Services ESG Reduced Carbon Select 20 35 Capped In,4.253709,2022-08-11,1310.844043,Yes,Index,2022-06-30 00:00:00,-,-,-,-,-,2022-07-31 00:00:00,-,-,-,-,-,2022-07-31 00:00:00,-,-,-,-,-14.977229,0.204527,0,0.06787,-,-,-,-,-,-,ESG Broad,326317.0,https://www.ishares.com/uk/individual/en/products/326317/ishares-msci-world-communication-services-sector-advanced-ucits-etf
AGENZX,iShares Global Aggregate Bond ESG UCITS ETF NZD Hedged (Acc),IE000ZIGXVF2,168311817.07,Ireland,2021-08-25,0.15,-,Fixed Income,Credit,Global,NZD,Developed,"Currency Hedged, Sustainable",Broad,Hedged,36751499,Yes,iShares III plc,Accumulating,Bloomberg MSCI Global Aggregate Sustainable and Green Bond SRI Index,4.579726,2022-08-11,105.463968,Yes,Index,2022-06-30 00:00:00,-,-,-,-,-,2022-07-31 00:00:00,-,-,-,-,-,2022-07-31 00:00:00,-6.996006,-5.429932,-,-,-7.784154,-,8.69,1.85883,6.99904,2.7,-,A,6.9023,124.49,ESG Broad,320168.0,https://www.ishares.com/uk/individual/en/products/320168/ishares-global-aggregate-bond-esg-sri-ucits-etf
AEGE,iShares Global Aggregate Bond ESG UCITS ETF EUR Hedged (Acc),IE000APK27S2,571144987.25,Ireland,2021-08-25,0.1,-,Fixed Income,Credit,Global,EUR,Developed,"Currency Hedged, Sustainable",Broad,Hedged,126735998,Yes,iShares III plc,Accumulating,Bloomberg MSCI Global Aggregate Sustainable and Green Bond SRI Index,4.506572,2022-08-11,105.463968,Yes,Index,2022-06-30 00:00:00,-,-,-,-,-,2022-07-31 00:00:00,-,-,-,-,-,2022-07-31 00:00:00,-7.922792,-6.325959,-,-,-9.151332,-,8.69,1.85883,6.99904,2.7,-,A,6.9023,124.49,ESG Broad,320169.0,https://www.ishares.com/uk/individual/en/products/320169/ishares-global-aggregate-bond-esg-sri-ucits-etf
INRA,iShares Global Clean Energy UCITS ETF USD (Acc),IE000U58J0M1,17437725.24,Ireland,2022-02-23,0.65,-,Equity,All Cap,Global,USD,Developed,"Alternatives, Sustainable, Thematic ETFs",Broad,-,527183,Yes,iShares II plc,Accumulating,S&P Global Clean Energy Index in USD,33.077176,2022-08-11,2341.07820469827,Yes,Index,2022-06-30 00:00:00,-,-,-,-,-,2022-07-31 00:00:00,-,-,-,-,-,2022-07-31 00:00:00,-,-,-,-,26.860116,-,0,0.04642,-,-,-,AA,7.6675,280.92,ESG Thematic,326325.0,https://www.ishares.com/uk/individual/en/products/326325/ishares-global-clean-energy-transition-ucits-etf
CNYE,iShares MSCI China A UCITS ETF EUR Hedged (Acc),IE00099GAJC6,7202423.89,Ireland,2022-02-23,0.45,-,Equity,Large/Mid Cap,Asia Pacific,EUR,Emerging,Currency Hedged,China,Hedged,1557100,Yes,iShares IV plc,Accumulating,MSCI China A Inclusion NET Index,4.625537,2022-08-11,1264.339103,Yes,Index,2022-06-30 00:00:00,-,-,-,-,-,2022-07-31 00:00:00,-,-,-,-,-,2022-07-31 00:00:00,-,-,-,-,-9.312717,-,0,0.14149,-,-,-,B,1.5304,294.03,-,326326.0,https://www.ishares.com/uk/individual/en/products/326326/ishares-msci-china-a-ucits-etf
IHOO,iShares Global 100 (AUD Hedged) ETF,AU00000IHOO8,156999164.81,Australia,2014-12-15,-,0.43,Equity,Large Cap,Global,AUD,Developed,Currency Hedged,Broad,-,1191002,No,-,-,S&P Global 100 Index,131.821076,2022-08-11,5029.15866226191,No,Index,2022-06-30 00:00:00,11.815489,9.397239,6.767367,32.778984,-6.443535,2022-07-31 00:00:00,-1.325758,13.943882,12.110143,11.459621,11.307783,2022-07-31 00:00:00,-9.111343,-6.659502,40.907699,72.023509,126.270512,1.531075,0,0.25551,-,-,-,AAA,9.256,69.23,-,271031.0,https://www.blackrock.com/au/products/271031/ishares-global-100-aud-hedged-etf
IHVV,iShares S&P 500 (AUD Hedged) ETF,AU00000IHVV8,619036387.65,Australia,2014-12-15,-,0.1,Equity,Large Cap,North America,AUD,Developed,Currency Hedged,United States,-,1538413,No,-,-,S&P 500,402.386347,2022-08-11,4880.73209177747,No,Index,2022-06-30 00:00:00,13.703918,8.657999,2.708671,38.536016,-12.646696,2022-07-31 00:00:00,-6.866069,11.846391,10.160996,10.422014,10.947297,2022-07-31 00:00:00,-14.111541,-9.13286,33.685272,64.164152,120.744411,1.374611,0,2.48639,-,-,-,AA,8.3426,151.47,-,271027.0,https://www.blackrock.com/au/products/271027/ishares-s-p-500-aud-hedged-etf
DHYD,iShares $ High Yield Corp Bond ESG UCITS ETF USD (Dist),IE00BKF09C98,119270127.78,Ireland,2019-11-20,0.25,-,Fixed Income,High Yield,North America,USD,Developed,Sustainable,United States,-,25672880,Yes,iShares II plc,Distributing,BBG MSCI US Corporate High Yield Sustainable BB+ SRI Bond Index,4.645763,2022-08-11,109.573583,Yes,Index,2022-06-30 00:00:00,-,-,-,13.489612,-13.040192,2022-07-31 00:00:00,-8.304718,-0.22358,-,-,1.038972,2022-07-31 00:00:00,-9.135637,-6.337559,-,-,2.824155,4.567603,6.02,5.42111,4.28579,6.9,-,AA,7.3898,163.89,ESG Broad,309951.0,https://www.ishares.com/uk/individual/en/products/309951/ishares-high-yield-corp-bond-esg-sri-ucits-etf
SAUA,iShares MSCI USA ESG Screened UCITS ETF EUR Hedged (Acc),IE000G2LIHG9,203086.91,Ireland,2022-02-23,0.1,-,Equity,Large/Mid Cap,North America,EUR,Developed,"Currency Hedged, Sustainable",United States,Hedged,42000,Yes,iShares IV plc,Accumulating,MSCI USA ESG SCREENED,4.835402,2022-08-11,3814.027365,Yes,Index,2022-06-30 00:00:00,-,-,-,-,-,2022-07-31 00:00:00,-,-,-,-,-,2022-07-31 00:00:00,-,-,-,-,-3.529283,-,0,0.43691,-,-,-,-,-,-,Screened,326328.0,https://www.ishares.com/uk/individual/en/products/326328/ishares-msci-usa-screened-ucits-etf
GOVT,iShares $ Treasury Bond UCITS ETF USD (Dist),IE00BK95B138,125351966.23,Ireland,2019-08-28,0.07,-,Fixed Income,Government,North America,USD,Developed,-,United States,-,27349547,Yes,iShares plc,Distributing,IDC US Treasury Core Index,4.583328,2022-08-11,107.183,Yes,Index,2022-06-30 00:00:00,-,-,-,-3.253131,-8.938795,2022-07-31 00:00:00,-8.709146,-5.931652,-,-,-1.578197,2022-07-31 00:00:00,-7.603043,-5.931263,-,-,-4.542227,0.999274,7.79,1.72164,6.30848,3.15,-,A,5.8206,3.19,-,309947.0,https://www.ishares.com/uk/individual/en/products/309947/ishares-treasury-bond-ucits-etf
ITPD,iShares $ TIPS UCITS ETF USD (Dist),IE000F6XDNZ5,310701829.46,Ireland,2022-02-23,0.1,-,Fixed Income,Inflation,North America,USD,Developed,-,United States,-,65005091,Yes,iShares II plc,Distributing,BBG US Government Inflation-Linked Bond Index,4.779653,2022-08-11,352.1796,Yes,Index,2022-06-30 00:00:00,-,-,-,-,-,2022-07-31 00:00:00,-,-,-,-,-,2022-07-31 00:00:00,-,-,-,-,-2.15281,0.485391,8.13,0.75365,7.51048,3.07,1.03,-,-,-,-,326331.0,https://www.ishares.com/uk/individual/en/products/326331/ishares-tips-ucits-etf
WMTS,iShares MSCI World Materials Sector ESG UCITS ETF USD (Dist),IE00BJ5JP766,2127383.01,Ireland,2022-04-07,0.25,-,Equity,Large/Mid Cap,Global,USD,Developed,Sectors,Broad,-,500000,Yes,iShares V plc,Distributing,MSCI World Materials ESG Reduced Carbon Select 20 35 Capped Index,4.254766,2022-08-11,1470.777838,Yes,Index,2022-06-30 00:00:00,-,-,-,-,-,2022-07-31 00:00:00,-,-,-,-,-,2022-07-31 00:00:00,-,-,-,-,-15.040382,0.557022,0,0.27854,-,-,-,-,-,-,ESG Broad,326341.0,https://www.ishares.com/uk/individual/en/products/326341/ishares-msci-world-materials-sector-advanced-ucits-etf
EHYA,iShares € High Yield Corp Bond ESG UCITS ETF EUR (Acc),IE00BJK55C48,1385300425.9,Ireland,2019-11-12,0.25,-,Fixed Income,High Yield,Europe,EUR,Developed,Sustainable,Broad,-,293202431,Yes,iShares II plc,Accumulating,BBG MSCI Euro Corporate High Yield Sustainable BB+ SRI Bond Index,4.724723,2022-08-11,100.408789,Yes,Index,2022-06-30 00:00:00,-,-,-,9.866106,-14.392286,2022-07-31 00:00:00,-10.899988,-1.545354,-,-,-2.52237,2022-07-31 00:00:00,-10.351446,-9.052296,-,-,-6.704975,-,3.94,3.21914,3.46268,5.42,-,AA,7.5482,126.57,ESG Broad,309958.0,https://www.ishares.com/uk/individual/en/products/309958/ishares-high-yield-corp-bond-esg-sri-ucits-etf
EHYD,iShares € High Yield Corp Bond ESG UCITS ETF EUR (Dist),IE00BKLC5874,94934380.23,Ireland,2019-11-20,0.25,-,Fixed Income,High Yield,Europe,EUR,Developed,Sustainable,Broad,-,21474185,Yes,iShares II plc,Distributing,BBG MSCI Euro Corporate High Yield Sustainable BB+ SRI Bond Index,4.42086,2022-08-11,100.408789,Yes,Index,2022-06-30 00:00:00,-,-,-,9.868038,-14.393225,2022-07-31 00:00:00,-10.90146,-1.546179,-,-,-2.423575,2022-07-31 00:00:00,-10.352649,-9.05345,-,-,-6.396858,2.741548,3.94,3.21914,3.46268,5.42,-,AA,7.5482,126.57,ESG Broad,309959.0,https://www.ishares.com/uk/individual/en/products/309959/ishares-high-yield-corp-bond-esg-sri-ucits-etf
DHYE,iShares $ High Yield Corp Bond ESG UCITS ETF USD (Acc),IE00BJK55B31,411232150.95,Ireland,2019-11-12,0.25,-,Fixed Income,High Yield,North America,USD,Developed,Sustainable,United States,-,79429855,Yes,iShares II plc,Accumulating,BBG MSCI US Corporate High Yield Sustainable BB+ SRI Bond Index,5.177299,2022-08-11,109.573583,Yes,Index,2022-06-30 00:00:00,-,-,-,13.485814,-13.039186,2022-07-31 00:00:00,-8.304254,-0.225235,-,-,0.849361,2022-07-31 00:00:00,-9.135747,-6.337909,-,-,2.324287,-,6.02,5.42111,4.28579,6.9,-,AA,7.3898,163.89,ESG Broad,309952.0,https://www.ishares.com/de/privatanleger/de/produkte/309952/ishares-high-yield-corp-bond-esg-sri-ucits-etf
EMGA,iShares J.P. Morgan EM Local Govt Bond UCITS ETF USD (Acc),IE00BFZPF546,265531983.29,Ireland,2018-05-31,0.5,-,Fixed Income,Government,Global,USD,Emerging,-,Broad,-,60757396,Yes,iShares III plc,Accumulating,J.P. Morgan GBI-EM Global Diversified 10% Cap 1% Floor,4.370364,2022-08-11,125.22732,Yes,Index,2022-06-30 00:00:00,-,8.103318,-4.570667,5.629278,-19.671707,2022-07-31 00:00:00,-19.258191,-9.259088,-7.033993,-,-3.902672,2022-07-31 00:00:00,-13.941534,-14.148695,-19.652468,-,-15.284318,-,6.95,5.26839,4.8383,7.53,6.45,BBB,4.4622,-,-,297676.0,https://www.ishares.com/uk/individual/en/products/297676/ishares-j-p-morgan-em-local-govt-bond-ucits-etf
CRBN,iShares MSCI ACWI Low Carbon Target ETF,US46434V4648,923993377.57,United States,2014-12-08,0.2,-,Equity,Large/Mid Cap,Global,USD,Developed,Sustainable,Broad,-,6200000,No,-,Distributing,MSCI ACWI Low Carbon Target Index,149.03119,2022-08-11,2690.74556,No,Index,2022-06-30 00:00:00,9.78,6.56,2.95,39.48,-16.04,2022-07-31 00:00:00,-10.78,9.13,8.71,8,7.81,2022-07-31 00:00:00,-14.87,-10.7,28.47,46.94,77.73,2.2745,0,0.18748,-,-,-,AA,8.3834,73.37,ESG Thematic,271054.0,https://www.ishares.com/us/products/271054/ishares-msci-acwi-low-carbon-target-etf
EMCA,iShares J.P. Morgan $ EM Corp Bond UCITS ETF USD (Acc),IE00BFM6TD65,598807115.55,Ireland,2018-05-30,0.5,-,Fixed Income,Credit,Global,USD,Emerging,-,Broad,-,111409161,Yes,iShares V plc,Accumulating,J.P. Morgan CEMBI Broad Diversified Core Index,5.374846,2022-08-11,344.425365,Yes,Index,2022-06-30 00:00:00,-,10.184766,3.82581,7.594053,-14.411718,2022-07-31 00:00:00,-13.325163,-4.516874,-1.325598,-,1.515953,2022-07-31 00:00:00,-12.465613,-10.817509,-3.924312,-,6.469748,-,7.11,4.45661,4.76879,6.48,5.47,BBB,5.1419,706.61,-,297673.0,https://www.ishares.com/uk/individual/en/products/297673/ishares-j-p-morgan-em-corp-bond-ucits-etf
IGAA,iShares Emerging Asia Local Govt Bond UCITS ETF USD (Acc),IE00BFM6T814,51567517.87,Ireland,2018-05-31,0.5,-,Fixed Income,Government,Asia Pacific,USD,Emerging,-,Broad,-,9760553,Yes,iShares III plc,Accumulating,Bloomberg Emerging Markets Asia Local Currency Govt Country Capped Index,5.283257,2022-08-11,163.54406,Yes,Index,2022-06-30 00:00:00,-,8.467709,4.346881,3.860696,-10.143403,2022-07-31 00:00:00,-9.239002,-3.381129,-0.771649,-,0.919443,2022-07-31 00:00:00,-8.641756,-7.663411,-2.297131,-,3.887156,-,9.12,3.60453,6.96948,3.99,4.35,BBB,4.9223,-,-,297675.0,https://www.ishares.com/uk/individual/en/products/297675/ishares-emerging-asia-local-govt-bond-ucits-etf
WINS,iShares MSCI World Industrials Sector ESG UCITS ETF USD (Dist),IE00BJ5JP659,14343600.07,Ireland,2022-04-07,0.25,-,Equity,Large/Mid Cap,Global,USD,Developed,Sectors,Broad,-,3000000,Yes,iShares V plc,Distributing,MSCI World Industrials ESG Reduced Carbon Select 20 35 Capped Index,4.7812,2022-08-11,1708.403919,Yes,Index,2022-06-30 00:00:00,-,-,-,-,-,2022-07-31 00:00:00,-,-,-,-,-,2022-07-31 00:00:00,-,-,-,-,-4.44928,0.481051,0,0.22656,-,-,-,-,-,-,ESG Broad,326347.0,https://www.ishares.com/uk/individual/en/products/326347/ishares-msci-world-industrials-sector-advanced-ucits-etf
TECB,iShares U.S. Tech Breakthrough Multisector ETF,US46436E5024,359824830.73,United States,2020-01-08,0.4,-,Equity,All Cap,North America,USD,Developed,-,United States,-,11200000,No,BlackRock Fund Advisors,Distributing,NYSE FactSet U.S. Tech Breakthrough Index,32.127217,2022-08-11,3121.19885973483,No,Index,2022-06-30 00:00:00,-,-,-,38.32,-29.46,2022-07-31 00:00:00,-24.71,0.71,-,-,8.92,2022-07-31 00:00:00,-26.09,-17.65,-,-,24.49,0.459,0,0.18897,-,-,-,AA,8.0611,29.73,-,312046.0,https://www.ishares.com/us/products/312046/ishares-u-s-tech-breakthrough-multisector-etf
ICSH,BlackRock Ultra Short-Term Bond ETF,US46434V8789,6708661308.84,United States,2013-12-11,0.08,-,Fixed Income,Multi Sectors,North America,USD,Developed,Income,United States,-,134050000,No,-,Distributing,ICE BofA US 6-Month Treasury Bill Index,50.045963,2022-08-11,813.035,No,Active,2022-06-30 00:00:00,1.71,3.15,2.6,0.53,-0.47,2022-07-31 00:00:00,-0.28,0.08,0.88,1.51,1.19,2022-07-31 00:00:00,-0.22,-0.12,2.68,7.79,10.77,1.4258,0.66,1.33402,0.40443,3.16,-,AAA,9.2129,257.98,-,258806.0,https://www.ishares.com/us/products/258806/ishares-liquidity-income-etf
SDG,iShares MSCI Global Sustainable Development Goals ETF,US46435G5320,441491556.04,United States,2016-04-20,0.49,-,Equity,Large/Mid Cap,Global,USD,Developed,Sustainable,Broad,-,5300000,No,-,Distributing,MSCI ACWI Sustainable Impact Index,83.300294,2022-08-11,2048.026676,No,Index,2022-06-30 00:00:00,6.08,3.92,19.06,47.68,-17.69,2022-07-31 00:00:00,-13.2,7.99,14.58,10.42,10.83,2022-07-31 00:00:00,-8,-3.66,50.41,64.15,90.77,1.8355,0,0.2207,-,-,-,AA,8.0824,150.7,ESG Thematic,283378.0,https://www.ishares.com/us/products/283378/ishares-msci-global-sustainable-development-goals-etf
IFSW,iShares Edge MSCI World Multifactor UCITS ETF USD (Acc),IE00BZ0PKT83,480791326.77,Ireland,2015-09-04,0.5,-,Equity,Large/Mid Cap,Global,USD,Developed,Smart Beta,Broad,-,55163429,Yes,iShares IV plc,Accumulating,MSCI World Diversified Multiple-Factor Index,8.715762,2022-08-11,1748.915921,Yes,Index,2022-06-30 00:00:00,13.712542,0.437739,-2.865174,39.487774,-15.256572,2022-07-31 00:00:00,-9.578392,10.163592,7.411956,6.648397,8.264375,2022-07-31 00:00:00,-12.978506,-7.427783,23.924699,37.965868,73.038222,-,0,0.36629,-,-,-,AAA,8.6892,133.47,-,277246.0,https://www.ishares.com/uk/individual/en/products/277246/ishares-factorselect-msci-world-ucits-etf
SGOV,iShares 0-3 Month Treasury Bond ETF,US46436E7186,3397504731.89,United States,2020-05-26,0.12,-,Fixed Income,Government,North America,USD,Developed,-,United States,-,33950000,No,-,Distributing,ICE 0-3 Month US Treasury Securities Index,100.073777,2022-08-11,104.891,No,Index,2022-06-30 00:00:00,-,-,-,0.06,0.19,2022-07-31 00:00:00,0.3,0.18,-,-,0.16,2022-07-31 00:00:00,0.28,0.27,-,-,0.36,1.3612,0.09,0.01472,0.08221,2.05,-,A,5.8124,-,-,314116.0,https://www.ishares.com/us/products/314116/ishares-0-3-month-treasury-bond-etf
AGSGX,iShares Core Global Aggregate Bond UCITS ETF SEK Hedged (Acc),IE00BJBLQB74,213358831.32,Ireland,2019-08-30,0.15,-,Fixed Income,Credit,Global,SEK,Developed,"-, Currency Hedged",Broad,Hedged,4650919,Yes,iShares III plc,Accumulating,BBG Global Aggregate Index,45.874553,2022-08-11,467.240677,Yes,Index,2022-06-30 00:00:00,-,-,-,-0.772115,-9.859272,2022-07-31 00:00:00,-8.793598,-4.759295,-,-,-2.648184,2022-07-31 00:00:00,-7.436172,-5.874423,-,-,-7.529436,-,8.8,2.05645,7.01359,2.7,-,A,6.133,180.62,-,310021.0,https://www.ishares.com/uk/individual/en/products/310021/ishares-core-global-aggregate-bond-ucits-etf
LCTU,BlackRock U.S. Carbon Transition Readiness ETF,US09290C5094,1414342505.75,United States,2021-04-06,0.29,-,Equity,Large/Mid Cap,North America,USD,Developed,-,United States,-,30200000,No,BlackRock Fund Advisors,Distributing,Russell 1000 Index (Gross Total Return),46.832533,2022-08-11,14009.28824,No,Active,2022-06-30 00:00:00,-,-,-,-,-13.1,2022-07-31 00:00:00,-6.9,-,-,-,0.94,2022-07-31 00:00:00,-14.4,-9.34,-,-,1.24,1.3556,0,0.23031,-,-,-,AA,8.4656,89.43,ESG Thematic,318215.0,https://www.ishares.com/us/products/318215/ishares-u-s-carbon-transition-readiness-aware-active-etf
IFSE,iShares Edge MSCI Europe Multifactor UCITS ETF EUR (Acc),IE00BZ0PKV06,171186551.9,Ireland,2015-09-04,0.45,-,Equity,Large/Mid Cap,Europe,EUR,Developed,Smart Beta,Broad,-,23284273,Yes,iShares IV plc,Accumulating,MSCI Europe Diversified Multiple-Factor Index,7.352024,2022-08-11,1686.676083,Yes,Index,2022-06-30 00:00:00,7.488385,-0.10005,-4.985511,34.258849,-10.263423,2022-07-31 00:00:00,-6.719296,13.102233,6.917865,5.49476,6.08605,2022-07-31 00:00:00,-11.037475,-6.985234,22.222409,30.663547,50.378129,-,0,0.08867,-,-,-,AAA,8.6932,103.67,-,277248.0,https://www.ishares.com/ch/professionals/en/products/277248/ishares-factorselect-msci-europe-ucits-etf
IEASX,iShares Core € Corp Bond UCITS ETF SEK Hedged (Acc),IE00BJBLQC81,250264453.21,Ireland,2019-08-30,0.25,-,Fixed Income,Credit,Europe,SEK,Developed,"-, Currency Hedged",Broad,Hedged,5427458,Yes,iShares III plc,Accumulating,BBG Euro Aggregate Corporate Index,46.110804,2022-08-11,242.045934,Yes,Index,2022-06-30 00:00:00,-,-,-,3.670711,-12.335286,2022-07-31 00:00:00,-9.291318,-3.182042,-,-,-2.593971,2022-07-31 00:00:00,-7.7514710000000004,-6.501031,-,-,-7.379163,-,5.28,1.44051,4.84124,2.47,3.01,AAA,9.2178,131.26,-,310017.0,https://www.ishares.com/uk/individual/en/products/310017/ishares-core-corp-bond-ucits-etf
DPYE,iShares Developed Markets Property Yield UCITS ETF EUR Hedged (Acc),IE00BDZVHD04,40856326.06,Ireland,2018-03-05,0.64,-,Real Estate,Real Estate Securities,Global,EUR,Developed,Currency Hedged,Broad,Hedged,6777687,Yes,iShares II plc,Accumulating,FTSE EPRA/NAREIT Developed Dividend+ Index,6.028063,2022-08-11,3932.27603068,Yes,Index,2022-06-30 00:00:00,-,6.080549,-17.302763,29.864802,-10.188951,2022-07-31 00:00:00,-7.205348,11.161084,0.838765,-,4.114248,2022-07-31 00:00:00,-11.365164,-6.828654,2.537459,-,19.424485,-,0,-0.11003,-,-,-,A,6.9052,95.85,-,295692.0,https://www.ishares.com/uk/individual/en/products/295692/ishares-developed-markets-property-yield-ucits-etf
DPYG,iShares Developed Markets Property Yield UCITS ETF GBP Hedged (Dist),IE00BDZVHC96,35098090.32,Ireland,2018-03-05,0.64,-,Real Estate,Real Estate Securities,Global,GBP,Developed,Currency Hedged,Broad,Hedged,6580526,Yes,iShares II plc,Distributing,FTSE EPRA/NAREIT Developed Dividend+ Index,5.333629,2022-08-11,3932.27603068,Yes,Index,2022-06-30 00:00:00,-,7.132144,-18.042053,30.267027,-9.503656,2022-07-31 00:00:00,-6.551535,11.732333,0.849752,-,4.458572,2022-07-31 00:00:00,-10.862233,-6.395345,2.570981,-,21.173205,3.693545,0,-0.11003,-,-,-,A,6.9052,95.85,-,295693.0,https://www.ishares.com/uk/individual/en/products/295693/ishares-developed-markets-property-yield-ucits-etf
LCTD,BlackRock World ex U.S. Carbon Transition Readiness ETF,US09290C6084,441384048.41,United States,2021-04-06,0.35,-,Equity,Large/Mid Cap,Global,USD,Developed,-,Broad,-,10950000,No,BlackRock Fund Advisors,Distributing,MSCI World ex USA Index,40.309046,2022-08-11,6760.227319,No,Active,2022-06-30 00:00:00,-,-,-,-,-18.04,2022-07-31 00:00:00,-14.15,-,-,-,-7.71,2022-07-31 00:00:00,-14.78,-11.55,-,-,-10.06,3.9492,0,0.13869,-,-,-,AAA,9.9445,105.32,ESG Thematic,318216.0,https://www.ishares.com/us/products/318216/ishares-world-ex-u-s-carbon-transition-readiness-aware-active-etf
EIMU,iShares Core MSCI EM IMI UCITS ETF USD (Dist),IE00BD45KH83,758218230.02,Ireland,2018-03-05,0.18,-,Equity,All Cap,Global,USD,Emerging,-,Broad,-,170686703,Yes,iShares plc,Distributing,MSCI Emerging Markets Investable Market Index,4.442163,2022-08-11,1468.086217,Yes,Index,2022-06-30 00:00:00,-,0.59577,-4.088362,43.253787,-24.70804,2022-07-31 00:00:00,-19.740519,-0.438565,1.605093,-,-1.317758,2022-07-31 00:00:00,-17.806019,-15.98646,4.892983,-,-5.66961,2.564066,0,0.36585,-,-,-,BBB,5.1021,344.47,-,295689.0,https://www.ishares.com/uk/individual/en/products/295689/ishares-core-msci-em-imi-ucits-etf
TI5G,iShares $ TIPS 0-5 UCITS ETF GBP Hedged (Dist),IE00BDZVHB89,269878727.25,Ireland,2018-03-05,0.12,-,Fixed Income,Inflation,North America,GBP,Developed,Currency Hedged,United States,Hedged,53259451,Yes,iShares II plc,Distributing,ICE U.S. Treasury Inflation Linked Bond Index 0-5,5.067245,2022-08-11,116.53,Yes,Index,2022-06-30 00:00:00,-,1.356356,2.079125,5.46705,0.747764,2022-07-31 00:00:00,1.09526,3.575395,3.337898,-,2.599071,2022-07-31 00:00:00,0.105154,0.713843,10.35166,-,11.959781,0.015788,2.7,0.42619,2.64404,3.06,-,A,5.8153,3.19,-,295700.0,https://www.ishares.com/uk/individual/en/products/295700/ishares-tips-0-5-ucits-etf
BTEE,iShares Nasdaq US Biotechnology UCITS ETF USD (Dist),IE00BDZVHG35,41211138.66,Ireland,2018-03-05,0.35,-,Equity,Small Cap,North America,USD,Developed,-,United States,-,6832044,Yes,iShares IV plc,Distributing,Nasdaq Biotechnology Index(R),6.032036,2022-08-11,1283.89958843023,Yes,Index,2022-06-30 00:00:00,-,-0.586542,25.625972,20.010897,-26.884721,2022-07-31 00:00:00,-23.722182,-3.600084,5.793315,-,2.818287,2022-07-31 00:00:00,-17.235243,-6.087989,18.406264,-,13.016832,0.387929,0,0.09415,-,-,-,A,6.8792,19.47,-,295702.0,https://www.ishares.com/uk/individual/en/products/295702/ishares-nasdaq-us-biotechnology-ucits-etf
ITPE,iShares $ TIPS UCITS ETF EUR Hedged (Acc),IE00BDZVH966,345924576.17,Ireland,2018-03-05,0.12,-,Fixed Income,Inflation,North America,EUR,Developed,Currency Hedged,United States,Hedged,63380245,Yes,iShares II plc,Accumulating,Bloomberg US Government Inflation-Linked Bond Index,5.457924,2022-08-11,352.1796,Yes,Index,2022-06-30 00:00:00,-,1.644118,6.24304,5.317373,-6.98036,2022-07-31 00:00:00,-5.443842,-0.030162,2.778395,-,2.487342,2022-07-31 00:00:00,-6.405931,-4.208953,8.568914,-,11.423975,-,8.13,0.75365,7.51048,3.07,1.03,A,5.8124,-,-,295696.0,https://www.ishares.com/uk/individual/en/products/295696/ishares-tips-ucits-etf
ITPG,iShares $ TIPS UCITS ETF GBP Hedged (Dist),IE00BDZVH859,902237368.81,Ireland,2018-03-05,0.12,-,Fixed Income,Inflation,North America,GBP,Developed,Currency Hedged,United States,Hedged,173429610,Yes,iShares II plc,Distributing,Bloomberg US Government Inflation-Linked Bond Index,5.202325,2022-08-11,352.1796,Yes,Index,2022-06-30 00:00:00,-,2.92727,7.148211,5.927461,-6.214499,2022-07-31 00:00:00,-4.668815,0.681401,3.525754,-,3.392269,2022-07-31 00:00:00,-5.891692,-3.75153,10.954572,-,15.821114,1.318641,8.13,0.75365,7.51048,3.07,1.03,A,5.8124,-,-,295697.0,https://www.ishares.com/uk/individual/en/products/295697/ishares-tips-ucits-etf
IBDU,iShares® iBonds® Dec 2029 Term Corporate ETF,US46436E2054,314383385.19,United States,2019-09-17,0.1,-,Fixed Income,Credit,North America,USD,Developed,iBonds,United States,-,13500000,No,BlackRock Fund Advisors,Distributing,Bloomberg December 2029 Maturity Corporate Index,23.287658,2022-08-11,110.296662,No,Index,2022-06-30 00:00:00,-,-,-,3.1,-12.77,2022-07-31 00:00:00,-11.1,-4.96,-,-,0.28,2022-07-31 00:00:00,-9.34,-7.04,-,-,0.8,3.0519,6.78,3.68802,5.83616,4.42,-,AA,8.3343,279.44,-,310035.0,https://www.ishares.com/us/products/310035/ishares-ibonds-dec-2029-term-corporate-etf
IGLD,iShares Physical Gold EUR Hedged ETC,IE0009JOT9U1,3041684.04,Ireland,2022-07-05,0.25,-,Commodity,Precious Metals,Global,EUR,Developed,Currency Hedged,Broad,-,87469,Yes,iShares Physical Metals plc,No Income,ICE LBMA Gold EUR Hedged Index,34.774423,2022-08-11,1193.00893747429,Yes,Index,-,-,-,-,-,-,2022-07-31 00:00:00,-,-,-,-,-,2022-07-31 00:00:00,-,-,-,-,-1.30796,-,-,-,-,-,-,-,-,-,-,326439.0,https://www.ishares.com/uk/individual/en/products/326439/ishares-physical-gold-eur-hedged-etc
IHCB,iShares Core Global Corporate Bond (AUD Hedged) ETF,AU00000IHCB0,325806253.83,Australia,2015-12-04,-,0.26,Fixed Income,Credit,Global,AUD,Developed,"Currency Hedged, Income, Core ETFs",Broad,-,3384637,No,-,-,Bloomberg Global Aggregate Corporate Bond Index,96.260324,2022-08-11,373.960013,No,Index,2022-06-30 00:00:00,0.084948,8.950919,5.783724,2.183336,-13.427222,2022-07-31 00:00:00,-11.323024,-5.089496,-1.3064,1.002577,2.311561,2022-07-31 00:00:00,-9.99463,-7.379672,-3.868222,5.114416,16.427202,2.248892,9.11,-11.18297,6.4146,3.95,-,AAA,8.6251,233.77,-,275246.0,https://www.blackrock.com/au/products/275246/ishares-core-global-corporate-bond-aud-hedged-etf
CNYA,iShares MSCI China A UCITS ETF USD (Acc),IE00BQT3WG13,2509930344.09,Ireland,2015-04-08,0.4,-,Equity,Large/Mid Cap,Asia Pacific,USD,Emerging,-,China,-,471864280,Yes,iShares IV plc,Accumulating,MSCI China A Inclusion Index,5.319178,2022-08-11,1264.339103,Yes,Index,2022-06-30 00:00:00,-1.110262,7.451765,12.307643,41.936203,-14.477301,2022-07-31 00:00:00,-14.228651,-0.516458,8.253039,5.533136,0.253956,2022-07-31 00:00:00,-18.658804,-10.786785,26.85871,30.90138,1.871647,-,0,0.14149,-,-,-,B,1.5304,294.03,-,273192.0,https://www.ishares.com/uk/individual/en/products/273192/ishares-msci-china-a-ucits-etf
IGLG,iShares Physical Gold GBP Hedged ETC,IE000Q2P3ZQ3,2296923.23,Ireland,2022-07-05,0.25,-,Commodity,Precious Metals,Global,GBP,Developed,Currency Hedged,Broad,-,76838,Yes,iShares Physical Metals plc,No Income,ICE LBMA Gold GBP Hedged Index,29.893064,2022-08-11,1259.96637022242,Yes,Index,-,-,-,-,-,-,2022-07-31 00:00:00,-,-,-,-,-,2022-07-31 00:00:00,-,-,-,-,-1.186912,-,-,-,-,-,-,-,-,-,-,326442.0,https://www.ishares.com/uk/individual/en/products/326442/ishares-physical-gold-gbp-hedged-etc
IHEB,iShares J.P. Morgan USD Emerging Markets Bond (AUD Hedged) ETF,AU00000IHEB6,41132022.03,Australia,2015-12-04,-,0.51,Fixed Income,Government,Global,AUD,Emerging,"Currency Hedged, Income",Broad,-,521540,No,-,-,J.P. Morgan EMBI Global Core Index,78.866476,2022-08-11,644.147865,No,Index,2022-06-30 00:00:00,-2.518882,11.700637,-0.650417,6.224409,-22.515063,2022-07-31 00:00:00,-19.435997,-8.937559,-5.367768,-1.690927,1.161322,2022-07-31 00:00:00,-18.256668,-14.964579,-15.254383,-8.173506,7.987691,5.679157,12.6,2.35377,7.49076,6.76,-,BB,3.2433,1507.9,-,275254.0,https://www.blackrock.com/au/products/275254/ishares-j-p-morgan-usd-emerging-markets-bond-aud-hedged-etf
IHHY,iShares Global High Yield Bond (AUD Hedged) ETF,AU00000IHHY1,160294979.55,Australia,2015-12-04,-,0.56,Fixed Income,High Yield,Global,AUD,Developed,"Currency Hedged, Income",Broad,-,1714878,No,-,-,Markit iBoxx Global Developed Markets Liquid High Yield Capped Index,93.47311,2022-08-11,276.916587259296,No,Index,2022-06-30 00:00:00,1.733747,7.26606,-3.178589,11.283226,-12.716214,2022-07-31 00:00:00,-7.905422,0.080997,-0.188437,1.517879,3.731513,2022-07-31 00:00:00,-7.879152,-5.56104,-0.564247,7.823317,27.612913,3.855324,4.41,-173.7864,3.64445,6.06,-,BBB,5.678,224.46,-,275248.0,https://www.blackrock.com/au/products/275248/ishares-global-high-yield-bond-aud-hedged-etf
IBHI,iShares® iBonds® 2029 Term High Yield and Income ETF,US46436E3797,11793903.22,United States,2022-03-08,0.35,-,Fixed Income,High Yield,North America,USD,Developed,iBonds,United States,-,500000,No,BlackRock Fund Advisors,Distributing,Bloomberg 2029 Term High Yield and Income Index,23.587806,2022-08-11,91.184792,No,Index,2022-06-30 00:00:00,-,-,-,-,-,2022-07-31 00:00:00,-,-,-,-,-,2022-07-31 00:00:00,-,-,-,-,-5.17,5.999,6.6,5.10911,4.90771,6.91,-,BBB,5.3032,320.2,-,326462.0,https://www.ishares.com/us/products/326462/ishares-ibonds-2029-term-high-yield-and-income-etf
IBHH,iShares® iBonds® 2028 Term High Yield and Income ETF,US46436E3870,11865744.92,United States,2022-03-08,0.35,-,Fixed Income,High Yield,North America,USD,Developed,iBonds,United States,-,500000,No,BlackRock Fund Advisors,Distributing,Bloomberg 2028 Term High Yield and Income Index,23.73149,2022-08-11,92.628151,No,Index,2022-06-30 00:00:00,-,-,-,-,-,2022-07-31 00:00:00,-,-,-,-,-,2022-07-31 00:00:00,-,-,-,-,-4.38,6.2454,5.66,5.46659,4.26488,7.13,-,BBB,4.871,302.76,-,326459.0,https://www.ishares.com/us/products/326459/ishares-ibonds-2028-term-high-yield-and-income-etf
IBMO,iShares® iBonds® Dec 2026 Term Muni Bond ETF,US46435U2592,196433980.13,United States,2019-04-02,0.18,-,Fixed Income,Municipals,North America,USD,Developed,"iBonds, Income",United States,-,7650000,No,-,Distributing,S&P AMT-Free Municipal Series Callable-Adjusted Dec 2026 Index,25.677644,2022-08-11,118.072453803415,No,Index,2022-06-30 00:00:00,-,-,5.22,1.98,-5.55,2022-07-31 00:00:00,-4.47,-1.64,0.73,-,1.77,2022-07-31 00:00:00,-3.87,-1.37,2.22,-,6.03,0.8065,3.74,4.8843,3.42264,2.29,-,-,-,-,-,308047.0,https://www.ishares.com/us/products/308047/ishares-ibonds-dec-2026-term-muni-bond-etf
IBMP,iShares® iBonds® Dec 2027 Term Muni Bond ETF,US46435U2832,135846999.3,United States,2019-04-09,0.18,-,Fixed Income,Municipals,North America,USD,Developed,"iBonds, Income",United States,-,5300000,No,-,Distributing,S&P AMT-Free Municipal Series Callable-Adjusted Dec 2027 Index,25.631509,2022-08-11,119.291593189138,No,Index,2022-06-30 00:00:00,-,-,5.78,2.14,-6.47,2022-07-31 00:00:00,-5.08,-1.94,0.79,-,1.9,2022-07-31 00:00:00,-4.41,-1.6,2.39,-,6.42,1.2681,4.63,4.88568,4.192,2.39,-,-,-,-,-,308049.0,https://www.ishares.com/us/products/308049/ishares-ibonds-dec-2027-term-muni-bond-etf
IBMQ,iShares® iBonds® Dec 2028 Term Muni Bond ETF,US46435U3251,83153418.44,United States,2019-04-16,0.18,-,Fixed Income,Municipals,North America,USD,Developed,"iBonds, Income",United States,-,3250000,No,-,Distributing,S&P AMT-Free Municipal Series Callable-Adjusted Dec 2028 Index,25.585667,2022-08-11,119.810140717832,No,Index,2022-06-30 00:00:00,-,-,6.54,2.26,-7.74,2022-07-31 00:00:00,-6.17,-2.44,0.69,-,1.93,2022-07-31 00:00:00,-5.37,-2.36,2.08,-,6.5,1.1547,5.44,4.76937,4.87126,2.57,-,-,-,-,-,308051.0,https://www.ishares.com/us/products/308051/ishares-ibonds-dec-2028-term-muni-bond-etf
IMTB,iShares Core 5-10 Year USD Bond ETF,US46435G4174,90975594.31,United States,2016-11-01,0.07,-,Fixed Income,Multi Sectors,North America,USD,Developed,"-, Income",United States,-,2000000,No,-,Distributing,Bloomberg Barclays US Universal 5-10 Years Index,45.487797,2022-08-11,119.082963,No,Index,2022-06-30 00:00:00,-0.37,8.2,6.66,0.97,-10.75,2022-07-31 00:00:00,-8.59,-4.06,-0.34,1.25,1.27,2022-07-31 00:00:00,-7.49,-5.67,-1.02,6.43,7.53,3.0232,7.81,2.87441,6.22784,3.93,-,-,-,-,-,285539.0,https://www.ishares.com/us/products/285539/ishares-core-5-10-year-usd-bond-etf
IVV,iShares S&P 500 ETF,AU000000IVV8,5071002015.17,Australia,2000-05-15,-,0.04,Equity,Large/Mid Cap,North America,AUD,Developed,-,United States,-,8569149,No,BlackRock Investment Management (Australia) Limite,Distributing,S&P 500,591.774284,2022-08-11,4044.7510841753,Yes,Index,2022-06-30 00:00:00,18.665044,15.747717,9.067176,28.906796,-2.589323,2022-07-31 00:00:00,0.24337,15.34012,12.575429,15.613182,5.789419,2022-07-31 00:00:00,-9.000744,-6.894407,42.669401,106.555501,248.996604,1.256252,0,21.70214,-,-,-,AA,8.4572,151.47,-,275304.0,https://www.blackrock.com/au/products/275304/ishares-s-p-500-etf
GOVP,iShares $ Treasury Bond UCITS ETF GBP Hedged (Dist),IE00BKTN1T54,79232002.21,Ireland,2019-09-12,0.1,-,Fixed Income,Government,North America,GBP,Developed,Currency Hedged,United States,Hedged,17264269,Yes,iShares plc,Distributing,ICE US Treasury Core Bond Index,4.589363,2022-08-11,107.183,Yes,Index,2022-06-30 00:00:00,-,-,-,-3.522022,-9.248065,2022-07-31 00:00:00,-9.066779,-6.210459,-,-,-1.463339,2022-07-31 00:00:00,-7.858456,-6.187942,-,-,-4.161403,0.991423,7.79,1.72164,6.30848,3.15,-,A,5.8206,3.19,-,310134.0,https://www.ishares.com/uk/individual/en/products/310134/ishares-treasury-bond-ucits-etf
LOCK,iShares Digital Security UCITS ETF,IE00BG0J4C88,1494892443.29,Ireland,2018-09-07,0.4,-,Equity,All Cap,North America,USD,Developed,"Sustainable, Thematic ETFs",United States,-,225293960,Yes,iShares IV plc,Accumulating,STOXX Global Digital Security Index,6.635297,2022-08-11,2894.5088300255,Yes,Index,2022-06-30 00:00:00,-,-,9.232865,37.786268,-23.088351,2022-07-31 00:00:00,-19.176245,2.645581,6.465284,-,6.514315,2022-07-31 00:00:00,-22.855098,-12.871811,20.676875,-,27.883637,-,0,0.14275,-,-,-,AA,7.3241,59.37,Screened,297843.0,https://www.ishares.com/uk/individual/en/products/297843/ishares-digital-security-ucits-etf
EXIC,iShares Core DAX® UCITS ETF (DE) EUR (Dist),DE000A2QP331,13314761.7,Germany,2021-04-27,2,-,Equity,Large Cap,Europe,EUR,Developed,-,Germany,-,3041679,Yes,BlackRock Asset Management Deutschland AG,Distributing,DAX (Performance index) NET,4.3774,2022-08-11,1216.54,Yes,Index,2022-06-30 00:00:00,-,-,-,-,-18.149091,2022-07-31 00:00:00,-13.729953,-,-,-,-9.906512,2022-07-31 00:00:00,-15.517551,-13.246617,-,-,-12.302099,1.517773,0,0,-,-,0,AA,7.1923,263.93,-,318332.0,https://www.ishares.com/de/privatanleger/de/produkte/318332/ishares-core-dax-ucits-etf-de
EXID,iShares MDAX® UCITS ETF (DE) EUR (Dist),DE000A2QP349,5555917.61,Germany,2021-04-27,2,-,Equity,Mid Cap,Europe,EUR,Developed,-,Germany,-,1335461,Yes,BlackRock Asset Management Deutschland AG,Distributing,MDAX (Performance Index) NET,4.1603,2022-08-11,1303.75,Yes,Index,2022-06-30 00:00:00,-,-,-,-,-24.784496,2022-07-31 00:00:00,-22.757875,-,-,-,-14.652358,2022-07-31 00:00:00,-22.509302,-18.283552,-,-,-18.075083,0.530731,0,0,-,-,0,AAA,9.2113,145.37,-,318333.0,https://www.ishares.com/de/privatanleger/de/produkte/318333/ishares-mdax-ucits-etf-de
EXIB,iShares TecDAX® UCITS ETF (DE) EUR (Dist),DE000A2QP323,2582419.56,Germany,2021-04-27,2,-,Equity,Large Cap,Europe,EUR,Developed,-,Germany,-,577000,Yes,BlackRock Asset Management Deutschland AG,Distributing,TecDAX (Performance Index) NET,4.4756,2022-08-11,1723.26,Yes,Index,2022-06-30 00:00:00,-,-,-,-,-19.548713,2022-07-31 00:00:00,-15.642707,-,-,-,-9.982962,2022-07-31 00:00:00,-20.615325,-9.966678,-,-,-12.395731,0.072124,0,0,-,-,0,AA,8.4782,29.21,-,318330.0,https://www.ishares.com/de/privatanleger/de/produkte/318330/ishares-tecdax-ucits-etf-de
SUSEMX,iShares € Corp Bond 0-3yr ESG UCITS ETF MXN Hedged (Acc),IE00BMV3LT73,5612457.69,Ireland,2021-04-09,0.14,-,Fixed Income,Credit,Europe,MXN,Developed,"Currency Hedged, Sustainable",Broad,Hedged,1050,Yes,iShares II plc,Accumulating,Bloomberg MSCI Euro Corporate 0-3 Sustainable SRI Index,5345.1978,2022-08-11,134.732579,Yes,Index,2022-06-30 00:00:00,-,-,-,-,3.636168,2022-07-31 00:00:00,5.007576,-,-,-,5.110418,2022-07-31 00:00:00,2.578788,2.257121,-,-,6.7382,-,1.66,1.40639,1.5624,1.73,-,AAA,10,77.61,ESG Broad,318336.0,https://www.ishares.com/uk/individual/en/products/318336/ishares-corp-bond-0-3yr-esg-sri-ucits-etf
IE0C,iShares € Corp Bond 0-3yr ESG UCITS ETF CHF Hedged (Acc),IE00BMV3LS66,30600608.29,Ireland,2021-04-09,0.14,-,Fixed Income,Credit,Europe,CHF,Developed,"Currency Hedged, Sustainable",Broad,Hedged,6068541,Yes,iShares II plc,Accumulating,Bloomberg MSCI Euro Corporate 0-3 Sustainable SRI Index,5.042498,2022-08-11,134.732579,Yes,Index,2022-06-30 00:00:00,-,-,-,-,-3.594045,2022-07-31 00:00:00,-2.535609,-,-,-,0.777974,2022-07-31 00:00:00,-2.04105,-1.809394,-,-,1.019067,-,1.66,1.40639,1.5624,1.73,-,AAA,10,77.61,ESG Broad,318337.0,https://www.ishares.com/ch/professionals/en/products/318337/ishares-corp-bond-0-3yr-esg-sri-ucits-etf
AGGS,iShares Core Global Aggregate Bond UCITS ETF CHF Hedged (Acc),IE00BD1JRY91,203463057.4,Ireland,2018-03-14,0.1,-,Fixed Income,Credit,Global,CHF,Developed,Currency Hedged,Broad,Hedged,42500228,Yes,iShares III plc,Accumulating,The Bloomberg Global Aggregate Bond Index,4.78734,2022-08-11,467.240677,Yes,Index,2022-06-30 00:00:00,-,3.976922,2.930919,-1.315892,-10.580407,2022-07-31 00:00:00,-9.512063,-5.426496,-2.560248,-,-0.843372,2022-07-31 00:00:00,-7.96979,-6.374105,-7.485776,-,-3.639857,-,8.8,2.05645,7.01359,2.7,-,A,6.133,180.62,-,295830.0,https://www.ishares.com/ch/professionals/en/products/295830/ishares-core-global-aggregate-bond-ucits-etf
MVSH,iShares Edge MSCI World Minimum Volatility UCITS ETF CHF Hedged (Acc),IE00BD1JRZ09,29654362.3,Ireland,2018-03-14,0.35,-,Equity,Large/Mid Cap,Global,CHF,Developed,Currency Hedged,Broad,Hedged,4759696,Yes,iShares VI plc,Accumulating,MSCI World Minimum Volatility Index,6.230305,2022-08-11,4343.472342,Yes,Index,2022-06-30 00:00:00,-,-,-2.98739,16.096081,-4.519419,2022-07-31 00:00:00,-3.609673,5.641045,3.316476,-,4.979656,2022-07-31 00:00:00,-7.67134,-2.515645,10.283047,-,23.690118,-,0,0.456,-,-,-,AAA,9.0902,276.35,-,295827.0,https://www.ishares.com/ch/professionals/en/products/295827/ishares-edge-msci-world-minimum-volatility-ucits-etf
WNGE,iShares Fallen Angels High Yield Corp Bond UCITS ETF EUR Hedged (Dist),IE00BF3N7219,187067473.65,Ireland,2018-04-10,0.55,-,Fixed Income,High Yield,Global,EUR,Developed,Currency Hedged,Broad,Hedged,39190010,Yes,iShares IV plc,Distributing,Bloomberg Global Corporate ex EM Fallen Angels 3% Issuer Capped Index,4.773345,2022-08-11,327.474406,Yes,Index,2022-06-30 00:00:00,-,4.89253,5.918097,15.268398,-14.588393,2022-07-31 00:00:00,-11.363509,-0.632678,2.587239,-,2.903806,2022-07-31 00:00:00,-11.372677,-8.421677,7.964262,-,13.116055,4.294682,6.93,4.67975,4.87255,5.88,-,A,6.4414,341.9,-,291742.0,https://www.ishares.com/uk/individual/en/products/291742/ishares-fallen-angels-high-yield-corp-bond-ucits-etf
LDEM,iShares ESG MSCI EM Leaders ETF,US46436E6014,62491685.77,United States,2020-02-05,0.16,-,Equity,Large/Mid Cap,Global,USD,Emerging,-,Broad,-,1300000,No,BlackRock Fund Advisors,Distributing,MSCI EM Extended ESG Leaders 5% Issuer Capped Net Index,48.070528,2022-08-11,1409.842117,No,Index,2022-06-30 00:00:00,-,-,-,43.42,-26.05,2022-07-31 00:00:00,-22.55,-2.32,-,-,-1.92,2022-07-31 00:00:00,-19.3,-19.27,-,-,-4.71,1.7864,0,0.77954,-,-,-,AAA,8.8634,196.56,ESG Broad,312222.0,https://www.ishares.com/us/products/312222/ishares-esg-msci-em-leaders-etf
GAAA,iShares Global AAA-AA Govt Bond UCITS ETF USD (Acc),IE00BZ171348,3644753.01,Ireland,2018-07-03,0.2,-,Fixed Income,Government,Global,USD,Developed,-,Broad,-,794508,Yes,iShares VI plc,Accumulating,Bloomberg Global Government AAA-AA Capped Bond Index,4.587433,2022-08-11,116.824469,Yes,Index,2022-06-30 00:00:00,-,3.962076,3.453376,2.452787,-19.294554,2022-07-31 00:00:00,-18.516357,-9.965618,-3.961745,-,-2.201762,2022-07-31 00:00:00,-14.717418,-12.177567,-11.42059,-,-8.695639,-,9.61,1.54466,7.96794,1.61,2.38,A,6.3535,3.19,-,297892.0,https://www.ishares.com/uk/individual/en/products/297892/ishares-global-aaa-aa-govt-bond-ucits-etf
CNYA,iShares MSCI China A ETF,US46434V5140,555202477.33,United States,2016-06-13,0.6,-,Equity,Large/Mid Cap,Asia Pacific,USD,Emerging,-,China,-,15550000,No,-,Distributing,MSCI China A Inclusion Index,35.704339,2022-08-11,1264.339103,No,Index,2022-06-30 00:00:00,-1.37,7.61,12.52,41.68,-13.81,2022-07-31 00:00:00,-14.18,-0.32,8.46,5.62,8.16,2022-07-31 00:00:00,-18.45,-11.62,27.58,31.42,61.8,0.3796,0,0.07129,-,-,-,B,1.5196,292.74,-,273318.0,https://www.ishares.com/us/products/273318/ishares-msci-china-a-etf
HLQD,iShares $ Corp Bond Interest Rate Hedged UCITS ETF USD (Acc),IE00BZ173W74,115920664.62,Ireland,2018-07-03,0.25,-,Fixed Income,Credit,North America,USD,Developed,-,United States,-,21233695,Yes,iShares plc,Accumulating,iBoxx USD Liquid Investment Grade IR Hedged Index,5.459278,2022-08-11,130.772446293338,Yes,Index,2022-06-30 00:00:00,-,5.416292,-1.546295,8.478366,-5.795461,2022-07-31 00:00:00,-3.723151,0.933567,0.528648,-,1.870416,2022-07-31 00:00:00,-3.460397,-2.071386,1.594344,-,7.866192,-,13.37,3.65283,0.03866,3.78,3.75,AAA,8.9888,152.94,-,297894.0,https://www.ishares.com/uk/individual/en/products/297894/ishares-corp-bond-interest-rate-hedged-ucits-etf
HYGU,iShares € High Yield Corp Bond UCITS ETF USD Hedged (Acc),IE00BF3NC260,24612722.99,Ireland,2017-11-16,0.55,-,Fixed Income,High Yield,Europe,USD,Developed,Currency Hedged,Broad,Hedged,4454296,Yes,iShares plc,Accumulating,Markit iBoxx Euro Liquid High Yield Index,5.525614,2022-08-11,192.601854639188,Yes,Index,2022-06-30 00:00:00,-,7.42598,-1.477163,11.2869,-12.076415,2022-07-31 00:00:00,-8.397185,0.299204,-0.02769,-,1.71131,2022-07-31 00:00:00,-8.759836,-7.488319,-0.083047,-,8.311958,-,3.79,3.48605,3.16033,6.14,5.2,BBB,5.3554,208.45,-,291744.0,https://www.ishares.com/uk/individual/en/products/291744/ishares-high-yield-corp-bond-ucits-etf
IHYE,iShares $ High Yield Corp Bond UCITS ETF EUR Hedged (Dist),IE00BF3N7102,231359775.84,Ireland,2018-03-05,0.55,-,Fixed Income,High Yield,North America,EUR,Developed,-,United States,Hedged,54858779,Yes,iShares II plc,Distributing,Markit iBoxx USD Liquid High Yield Capped Index,4.21737,2022-08-11,234.304729621378,Yes,Index,2022-06-30 00:00:00,-,3.851545,-4.130267,12.096627,-12.875764,2022-07-31 00:00:00,-7.556492,-0.335936,-0.199925,-,0.747703,2022-07-31 00:00:00,-7.898442,-5.079818,-0.598577,-,3.331961,4.664044,5,5.20059,3.87964,6.16,6.28,BBB,5.712,285.12,-,291745.0,https://www.ishares.com/uk/individual/en/products/291745/ishares-high-yield-corp-bond-ucits-etf
SDHA,iShares $ Short Duration High Yield Corp Bond UCITS ETF USD (Acc),IE00BZ17CN18,533349221.28,Ireland,2018-06-29,0.45,-,Fixed Income,High Yield,North America,USD,Developed,-,United States,-,93675447,Yes,iShares IV plc,Accumulating,Markit iBoxx USD Liquid High Yield 0-5 Capped Index,5.693586,2022-08-11,176.599778558041,Yes,Index,2022-06-30 00:00:00,-,-,-1.576774,11.504054,-6.620055,2022-07-31 00:00:00,-2.224008,2.571209,2.220698,-,3.118182,2022-07-31 00:00:00,-3.144745,-1.46426,6.811135,-,13.338688,-,2.66,5.58131,2.26531,6.01,6.56,BBB,4.8705,254.44,-,297889.0,https://www.ishares.com/uk/individual/en/products/297889/ishares-short-duration-high-yield-corp-bond-ucits-etf
ERNA,iShares $ Ultrashort Bond UCITS ETF USD (Acc),IE00BGCSB447,718093686.77,Ireland,2018-07-03,0.09,-,Fixed Income,Credit,North America,USD,Developed,-,United States,-,135618647,Yes,iShares IV plc,Accumulating, Markit iBoxx USD Liquid Investment Grade Ultrashort Index,5.294948,2022-08-11,111.660298672773,Yes,Index,2022-06-30 00:00:00,-,2.989147,2.172662,0.589608,-0.2509,2022-07-31 00:00:00,-0.082761,0.182041,0.828324,-,1.386696,2022-07-31 00:00:00,-0.033804,0.032957,2.505613,-,5.788609,-,0.7,2.84402,0.35771,3.55,1.96,AAA,9.135,151.64,-,297891.0,https://www.ishares.com/uk/individual/en/products/297891/ishares-ultrashort-bond-ucits-etf
OM3M,iShares $ Treasury Bond 3-7yr UCITS ETF USD (Dist),IE00BFXYHY63,137506705.39,Ireland,2018-07-10,0.07,-,Fixed Income,Government,North America,USD,Developed,-,United States,-,27803740,Yes,iShares VII plc,Distributing,ICE U.S. Treasury 3-7 Year Bond Index,4.945619,2022-08-11,107.821,Yes,Index,2022-06-30 00:00:00,-,-,8.223244,-1.451902,-7.810926,2022-07-31 00:00:00,-7.124829,-4.043548,0.096555,-,1.742291,2022-07-31 00:00:00,-5.326154,-3.908267,0.289944,-,7.256299,1.892584,4.83,1.62318,4.54902,3.06,2.07,A,5.8188,3.19,-,297900.0,https://www.ishares.com/uk/individual/en/products/297900/ishares-treasury-bond-3-7yr-ucits-etf
SUAS,iShares MSCI USA SRI UCITS ETF USD (Acc),IE00BYVJRR92,8629491278.58,Ireland,2016-07-11,0.2,-,Equity,Large/Mid Cap,North America,USD,Developed,Sustainable,United States,-,700190213,Yes,iShares IV plc,Accumulating,MSCI USA SRI Select Reduced Fossil Fuel Index,12.324495,2022-08-11,4075.006836,Yes,Index,2022-06-30 00:00:00,17.470492,12.448358,11.313134,42.661771,-9.661693,2022-07-31 00:00:00,-3.054785,15.191167,15.658304,15.176128,15.631209,2022-07-31 00:00:00,-14.050142,-7.705218,54.714302,102.680689,140.86814,-,0,0.33823,-,-,-,AAA,9.2421,70.65,ESG Broad,283565.0,https://www.ishares.com/uk/individual/en/products/283565/ishares-sustainable-msci-usa-sri-ucits-etf
CTEC,iShares MSCI China Tech UCITS ETF USD (Acc),IE000NFR7C63,15274268.15,Ireland,2021-12-08,0.45,-,Equity,Large/Mid Cap,Asia Pacific,USD,Emerging,Sectors,China,-,4000000,Yes,iShares IV plc,Accumulating,MSCI China Technology Sub-Industries ESG Screened Select Capped Index,3.818567,2022-08-11,1417.036231,Yes,Index,2022-06-30 00:00:00,-,-,-,-,-,2022-07-31 00:00:00,-,-,-,-,-,2022-07-31 00:00:00,-23.514384,-18.75,-,-,-26.871571,-,0,0.21952,-,-,-,BBB,4.838,80.57,Screened,320429.0,https://www.ishares.com/ch/professionals/en/products/320429/ishares-msci-china-tech-ucits-etf
WPAD,iShares MSCI World Paris-Aligned Climate UCITS ETF USD (Dist),IE00BN92ZL31,22146815.92,Ireland,2021-04-22,0.2,-,Equity,Large/Mid Cap,Global,USD,Developed,Sustainable,Broad,-,4664649,Yes,iShares III plc,Distributing,MSCI WORLD CLIMATE PARIS ALIGNED BENCHMARK SELECT Index (Net),4.747799,2022-08-11,2191.089002,Yes,Index,2022-06-30 00:00:00,-,-,-,-,-16.415042,2022-07-31 00:00:00,-11.173323,-,-,-,-4.67062,2022-07-31 00:00:00,-16.448266,-10.050472,-,-,-5.903854,1.358524,0,0.45779,-,-,-,AAA,8.8164,40.39,ESG Thematic,318382.0,https://www.ishares.com/uk/individual/en/products/318382/ishares-msci-world-paris-aligned-climate-ucits-etf
AYEP,iShares Asia Property Yield UCITS ETF USD (Acc),IE00BGDPWV87,253583603.35,Ireland,2018-12-12,0.59,-,Real Estate,Real Estate Securities,Asia Pacific,USD,Developed,-,Broad,-,48995361,Yes,iShares II plc,Accumulating,FTSE EPRA/NAREIT Developed Asia Dividend+ Index,5.175665,2022-08-11,3926.01446945,Yes,Index,2022-06-30 00:00:00,-,-,-19.555819,24.851417,-15.223186,2022-07-31 00:00:00,-11.164591,5.43177,-3.631919,-,0.333822,2022-07-31 00:00:00,-7.144145,-2.909399,-10.504823,-,1.218226,-,0,0.08206,-,-,-,AA,7.5056,88.16,-,306095.0,https://www.ishares.com/uk/individual/en/products/306095/ishares-asia-property-yield-ucits-etf
GILG,iShares Global Inflation Linked Govt Bond UCITS ETF GBP Hedged (Dist),IE00BMDBML89,65809788.03,Ireland,2020-11-10,0.2,-,Fixed Income,Inflation,Global,GBP,Developed,Currency Hedged,Broad,Hedged,13657630,Yes,iShares III plc,Distributing,BBG World Government Inflation-Linked Bond Index,4.818536,2022-08-11,342.3769,Yes,Index,2022-06-30 00:00:00,-,-,-,-,-8.228138,2022-07-31 00:00:00,-7.215843,-,-,-,-0.411634,2022-07-31 00:00:00,-8.418495,-6.484151,-,-,-0.707871,0.699383,11.19,0.8032,10.46392,2.46,0.96,A,5.9105,-,-,316335.0,https://www.ishares.com/uk/individual/en/products/316335/ishares-global-inflation-linked-govt-bond-ucits-etf
WPAB,iShares MSCI World Paris-Aligned Climate UCITS ETF USD (Acc),IE00BMXC7W70,49899933.68,Ireland,2021-04-22,0.2,-,Equity,Large/Mid Cap,Global,USD,Developed,Sustainable,Broad,-,10336645,Yes,iShares III plc,Accumulating,MSCI WORLD CLIMATE PARIS ALIGNED BENCHMARK SELECT Index (Net),4.827478,2022-08-11,2191.089002,Yes,Index,2022-06-30 00:00:00,-,-,-,-,-16.414941,2022-07-31 00:00:00,-11.173359,-,-,-,-4.67064,2022-07-31 00:00:00,-16.448395,-10.050988,-,-,-5.90388,-,0,0.45779,-,-,-,AAA,8.8164,40.39,ESG Thematic,318383.0,https://www.ishares.com/uk/individual/en/products/318383/ishares-msci-world-paris-aligned-climate-ucits-etf
3SUR,iShares MSCI USA SRI UCITS ETF EUR Hedged (Dist),IE00BZ173V67,463138534.33,Ireland,2018-07-10,0.23,-,Equity,Large/Mid Cap,North America,EUR,Developed,"Currency Hedged, Sustainable",United States,Hedged,303492,Yes,iShares IV plc,Distributing,MSCI USA SRI Select Reduced Fossil Fuel Index,1526.0321,2022-08-11,4075.006836,Yes,Index,2022-06-30 00:00:00,-,-,8.867994,40.862421,-11.583274,2022-07-31 00:00:00,-5.505144,13.084577,13.404088,-,11.638874,2022-07-31 00:00:00,-15.819941,-9.527241,45.843181,-,56.285328,1.283531,0,0.33823,-,-,-,AAA,9.2421,70.65,ESG Broad,297899.0,https://www.ishares.com/uk/individual/en/products/297899/ishares-msci-usa-sri-ucits-etf
IGLC,iShares Global Govt Bond UCITS ETF CHF Hedged (Acc),IE00BMDBMM96,9791734.11,Ireland,2020-11-10,0.25,-,Fixed Income,Government,Global,CHF,Developed,Currency Hedged,Broad,Hedged,2212278,Yes,iShares III plc,Accumulating,FTSE G7 Government Bond Index,4.426086,2022-08-11,862.0351,Yes,Index,2022-06-30 00:00:00,-,-,-,-,-10.260316,2022-07-31 00:00:00,-9.831864,-,-,-,-6.329907,2022-07-31 00:00:00,-8.191341,-6.599952,-,-,-10.650829,-,9.54,1.62843,7.95959,2.21,1.97,A,5.9525,-,-,316340.0,https://www.ishares.com/ch/professionals/en/products/316340/ishares-global-govt-bond-ucits-etf
CRHG,iShares Global Corp Bond UCITS ETF GBP Hedged (Dist),IE00BDFK3G24,579821319.43,Ireland,2018-03-20,0.25,-,Fixed Income,Credit,Global,GBP,Developed,Currency Hedged,Broad,Hedged,124573482,Yes,iShares plc,Distributing,Bloomberg Global Aggregate Corporate Bond Index,4.654452,2022-08-11,248.330211,Yes,Index,2022-06-30 00:00:00,-,7.352089,4.598374,3.075944,-13.342266,2022-07-31 00:00:00,-11.627697,-5.124741,-1.44542,-,0.735073,2022-07-31 00:00:00,-10.331719,-7.946063,-4.273884,-,3.243467,2.339695,9.27,3.08597,6.52368,4.02,3.64,AAA,8.645,233.77,-,295861.0,https://www.ishares.com/uk/individual/en/products/295861/ishares-global-corp-bond-ucits-etf
IVLU,iShares MSCI Intl Value Factor ETF,US46435G4091,1438751356.96,United States,2015-06-16,0.3,-,Equity,Large/Mid Cap,Global,USD,Developed,"Factors, Single Factor, Edge",Broad,-,62800000,No,-,Distributing,MSCI World ex USA Enhanced Value Index,22.910053,2022-08-11,1152.696031,No,Index,2022-06-30 00:00:00,7.31,-4.53,-13.48,35.64,-10.27,2022-07-31 00:00:00,-8.02,12.64,3.12,1.27,1.72,2022-07-31 00:00:00,-9.12,-11.51,9.67,6.52,12.9,5.3424,0,0.05812,-,-,-,AAA,8.7568,173.76,-,275382.0,https://www.ishares.com/us/products/275382/ishares-msci-international-developed-value-factor-etf
IEAH,iShares Core € Corp Bond UCITS ETF GBP Hedged (Dist),IE00BDFJYN35,37801092.82,Ireland,2018-03-20,0.25,-,Fixed Income,Credit,Europe,GBP,Developed,"-, Currency Hedged",Broad,Hedged,7727116,Yes,iShares III plc,Distributing,Bloomberg Euro Corporate Bond Index,4.892005,2022-08-11,242.045934,Yes,Index,2022-06-30 00:00:00,-,6.038026,-0.028621,3.964255,-11.884573,2022-07-31 00:00:00,-8.779876,-2.789431,-1.867271,-,0.450629,2022-07-31 00:00:00,-7.362697,-6.159627,-5.497862,-,1.978907,0.73385,5.28,1.44051,4.84124,2.47,3.01,AAA,9.2178,131.26,-,295863.0,https://www.ishares.com/uk/individual/en/products/295863/ishares-core-corp-bond-ucits-etf
SUOC,iShares € Corp Bond ESG UCITS ETF CHF Hedged (Acc),IE00BMDBMP28,77218640.1,Ireland,2020-11-10,0.17,-,Fixed Income,Credit,Europe,CHF,Developed,"Currency Hedged, Sustainable",Broad,Hedged,16991971,Yes,iShares II plc,Accumulating,BBG MSCI Euro Corporate Sustainable SRI Index,4.544419,2022-08-11,155.295771,Yes,Index,2022-06-30 00:00:00,-,-,-,-,-12.636546,2022-07-31 00:00:00,-9.581144,-,-,-,-5.107885,2022-07-31 00:00:00,-7.882143,-6.629233,-,-,-8.633872,-,5.19,1.36794,4.76802,2.37,-,AAA,10,87.53,ESG Broad,316343.0,https://www.ishares.com/ch/professionals/en/products/316343/ishares-corp-bond-esg-sri-ucits-etf
EMBC,iShares J.P. Morgan $ EM Bond CHF Hedged UCITS ETF (Dist),IE00B9M04V95,136861370.1,Ireland,2015-04-14,0.5,-,Fixed Income,Government,Global,CHF,Emerging,Currency Hedged,Broad,-,41399538,Yes,iShares VI plc,Distributing,J.P. Morgan EMBI Global Core Index,3.305867,2022-08-11,325.840618,Yes,Index,2022-06-30 00:00:00,-5.533985,8.561828,-2.564562,5.523835,-22.722372,2022-07-31 00:00:00,-20.624567,-9.977619,-6.746901,-3.564566,-1.438934,2022-07-31 00:00:00,-18.845683,-16.199053,-18.905796,-16.596706,-10.032771,5.574937,12.66,4.59077,7.56535,6.85,5.75,BB,3.3611,1488.53,-,273328.0,https://www.ishares.com/uk/individual/en/products/273328/ishares-j-p-morgan-usd-em-bond-chf-hedged-ucits-etf
EMUC,iShares MSCI EMU CHF Hedged UCITS ETF (Acc),IE00BWK1SP74,65438325.25,Ireland,2015-05-29,0.38,-,Equity,Large/Mid Cap,Europe,CHF,Developed,Currency Hedged,Broad,-,10500000,Yes,iShares VII plc,Accumulating,MSCI EMU Index,6.232221,2022-08-11,1692.820955,Yes,Index,2022-06-30 00:00:00,3.060691,2.046615,-5.689585,30.335858,-13.565416,2022-07-31 00:00:00,-8.533064,10.658211,4.407264,3.605437,3.179787,2022-07-31 00:00:00,-12.435779,-9.220071,13.813073,19.374823,25.160105,-,0,0.00474,-,-,-,AAA,8.9226,134.97,-,275376.0,https://www.ishares.com/uk/individual/en/products/275376/ishares-msci-emu-chf-hedged-ucits-etf
IDSE,iShares MSCI Europe SRI UCITS ETF USD (Acc),IE00BMDBMG37,84591868.52,Ireland,2020-11-10,0.2,-,Equity,Large Cap,Europe,USD,Developed,Sustainable,Broad,-,813661,Yes,iShares II plc,Accumulating,MSCI EUROPE SRI SELECT REDUCED FOSSIL FUEL NET Index,103.964511,2022-08-11,2488.129228,Yes,Index,2022-06-30 00:00:00,-,-,-,-,-19.858455,2022-07-31 00:00:00,-17.662108,-,-,-,1.038526,2022-07-31 00:00:00,-19.675021,-13.500982,-,-,1.795273,-,0,0.04484,-,-,-,AAA,10,64.26,ESG Broad,316336.0,https://www.ishares.com/uk/individual/en/products/316336/ishares-msci-europe-sri-ucits-etf
IPRE,iShares European Property Yield UCITS ETF EUR (Acc),IE00BGDQ0L74,300533726.58,Ireland,2018-12-12,0.4,-,Real Estate,Real Estate Securities,Europe,EUR,Developed,-,Broad,-,64127027,Yes,iShares plc,Accumulating,FTSE EPRA/NAREIT Developed Europe ex UK Dividend+ Index,4.686537,2022-08-11,4290.74902999,Yes,Index,2022-06-30 00:00:00,-,-,-6.305538,19.023974,-28.404019,2022-07-31 00:00:00,-24.480817,-2.889518,-4.688059,-,-2.249371,2022-07-31 00:00:00,-22.264595,-20.421734,-13.415143,-,-7.933619,-,0,0.03164,-,-,-,AAA,9.6615,85.1,-,306098.0,https://www.ishares.com/uk/individual/en/products/306098/ishares-european-property-yield-ucits-etf
FLOA,iShares $ Floating Rate Bond UCITS ETFs USD (Acc),IE00BDFGJ627,1842594030.63,Ireland,2018-03-20,0.1,-,Fixed Income,Credit,Global,USD,Developed,-,Broad,-,346892396,Yes,iShares II plc,Accumulating,Bloomberg US Floating Rate Note < 5 Years Index,5.311716,2022-08-11,142.909347,Yes,Index,2022-06-30 00:00:00,-,2.837069,1.531469,1.231506,-0.535549,2022-07-31 00:00:00,-0.422763,0.233569,0.680541,-,1.353832,2022-07-31 00:00:00,-0.429365,-0.485079,2.055549,-,6.03602,-,1.77,2.86531,0.06373,3.53,-,AAA,10,114.3,-,295859.0,https://www.ishares.com/uk/individual/en/products/295859/ishares-floating-rate-bond-ucits-etf
UPAB,iShares S&P 500 Paris-Aligned Climate UCITS ETF USD (Acc),IE00BMXC7V63,41950757.6,Ireland,2021-04-22,0.07,-,Equity,Large Cap,North America,USD,Developed,Sustainable,United States,-,8299090,Yes,iShares VII plc,Accumulating,S&P 500 Paris-Aligned Climate Sustainability Screened Index NET,5.054862,2022-08-11,2200.13526099293,Yes,Index,2022-06-30 00:00:00,-,-,-,-,-13.540326,2022-07-31 00:00:00,-7.959018,-,-,-,-0.168388,2022-07-31 00:00:00,-15.974426,-9.910853,-,-,-0.214178,-,0,0.6345,-,-,-,AAA,8.5997,36.14,ESG Thematic,318387.0,https://www.ishares.com/uk/individual/en/products/318387/ishares-s-p-500-paris-aligned-climate-ucits-etf
AGGU,iShares Core Global Aggregate Bond UCITS ETF USD Hedged (Acc),IE00BZ043R46,2075111754.53,Ireland,2017-11-21,0.1,-,Fixed Income,Credit,Global,USD,Developed,"-, Currency Hedged",Broad,Hedged,394966028,Yes,iShares III plc,Accumulating,The Bloomberg Global Aggregate Bond Index,5.253899,2022-08-11,467.240677,Yes,Index,2022-06-30 00:00:00,-,7.640578,5.712128,-0.169736,-9.1538,2022-07-31 00:00:00,-8.018677,-4.108819,-0.836778,-,1.224374,2022-07-31 00:00:00,-6.888727,-5.38222,-2.489388,-,5.875612,-,8.8,2.05645,7.01359,2.7,-,A,6.133,180.62,-,291772.0,https://www.ishares.com/uk/individual/en/products/291772/ishares-core-global-aggregate-bond-ucits-etf
AGGG,iShares Core Global Aggregate Bond UCITS ETF USD (Dist),IE00B3F81409,687183210.64,Ireland,2017-11-21,0.1,-,Fixed Income,Credit,Global,USD,Developed,-,Broad,-,152220259,Yes,iShares III plc,Distributing,The Bloomberg Global Aggregate Bond Index,4.5144,2022-08-11,467.240677,Yes,Index,2022-06-30 00:00:00,-,5.757709,4.031576,2.475655,-15.236684,2022-07-31 00:00:00,-14.587599,-7.290069,-2.549346,-,-0.661129,2022-07-31 00:00:00,-12.025376,-10.182347,-7.45472,-,-3.06417,1.486355,8.8,2.05645,7.01359,2.7,-,A,6.133,180.62,-,291773.0,https://www.ishares.com/uk/individual/en/products/291773/ishares-core-global-aggregate-bond-ucits-etf
AGGH,iShares Core Global Aggregate Bond UCITS ETF EUR Hedged (Acc),IE00BDBRDM35,1578139515.98,Ireland,2017-11-21,0.1,-,Fixed Income,Credit,Global,EUR,Developed,"-, Currency Hedged",Broad,Hedged,328768293,Yes,iShares III plc,Accumulating,The Bloomberg Global Aggregate Bond Index,4.800157,2022-08-11,467.240677,Yes,Index,2022-06-30 00:00:00,-,4.483692,3.400595,-1.050256,-10.291952,2022-07-31 00:00:00,-9.213884,-5.127093,-2.226424,-,-0.68812,2022-07-31 00:00:00,-7.741376,-6.172057,-6.531668,-,-3.187678,-,8.8,2.05645,7.01359,2.7,-,A,6.133,180.62,-,291770.0,https://www.ishares.com/uk/individual/en/products/291770/ishares-core-global-aggregate-bond-ucits-etf
AGBP,iShares Core Global Aggregate Bond UCITS ETF GBP Hedged (Dist),IE00BF540Y54,723096037.93,Ireland,2017-11-21,0.1,-,Fixed Income,Credit,Global,GBP,Developed,"-, Currency Hedged",Broad,Hedged,154624962,Yes,iShares III plc,Distributing,The Bloomberg Global Aggregate Bond Index,4.67645,2022-08-11,467.240677,Yes,Index,2022-06-30 00:00:00,-,5.794525,4.179936,-0.433795,-9.442915,2022-07-31 00:00:00,-8.313885,-4.355145,-1.4717,-,0.21717,2022-07-31 00:00:00,-7.087724,-5.566043,-4.350442,-,1.02298,1.484032,8.8,2.05645,7.01359,2.7,-,A,6.133,180.62,-,291771.0,https://www.ishares.com/uk/individual/en/products/291771/ishares-core-global-aggregate-bond-ucits-etf
IGBH,iShares Interest Rate Hedged Long-Term Corporate Bond ETF,US46431W8120,89969277.51,United States,2015-07-22,0.4,-,Fixed Income,Credit,North America,USD,Developed,"Income, Interest Rate Hedged",United States,-,3850000,No,-,Distributing,BlackRock Interest Rate Hedged Long-Term Corporate Bond Index,23.368644,2022-08-11,940.879620224,No,Index,2022-06-30 00:00:00,3.64,2.2,-5.5,14.21,-6.22,2022-07-31 00:00:00,-4.67,2.75,0.84,1.62,2.27,2022-07-31 00:00:00,-4.82,-3.5,2.54,8.39,17.09,3.988,23.25,1.51051,0.26178,4.56,-,AA,7.4649,492.35,-,275397.0,https://www.ishares.com/us/products/275397/ishares-interest-rate-hedged-10-year-credit-bond-etf
SUOE,iShares € Corp Bond ESG UCITS ETF EUR (Dist),IE00BYZTVT56,2686980960.79,Ireland,2018-06-28,0.15,-,Fixed Income,Credit,Europe,EUR,Developed,Sustainable,Broad,-,561594604,Yes,iShares II plc,Distributing,Bloomberg MSCI Euro Corporate Sustainable SRI Index,4.784556,2022-08-11,155.295771,Yes,Index,2022-06-30 00:00:00,-,4.60049,-0.541916,3.163506,-12.284105,2022-07-31 00:00:00,-9.19529,-3.385154,-2.403501,-,-0.373398,2022-07-31 00:00:00,-7.563848,-6.336189,-7.038587,-,-1.519026,0.470263,5.19,1.36794,4.76802,2.37,-,AAA,10,87.53,ESG Broad,297933.0,https://www.ishares.com/uk/individual/en/products/297933/ishares-corp-bond-esg-sri-ucits-etf
IGLH,iShares Global Govt Bond UCITS ETF GBP Hedged (Dist),IE00BDFK3H31,288527734.17,Ireland,2018-03-20,0.25,-,Fixed Income,Government,Global,GBP,Developed,Currency Hedged,Broad,Hedged,59584867,Yes,iShares III plc,Distributing,FTSE G7 Government Bond Index,4.842298,2022-08-11,862.0351,Yes,Index,2022-06-30 00:00:00,-,5.381332,5.582905,-1.983533,-9.104693,2022-07-31 00:00:00,-8.630064,-5.132307,-1.567907,-,0.323763,2022-07-31 00:00:00,-7.318471,-5.801438,-4.630356,-,1.418756,0.681495,9.54,1.62843,7.95959,2.21,1.97,A,5.9525,-,-,295886.0,https://www.ishares.com/uk/individual/en/products/295886/ishares-global-govt-bond-ucits-etf
IBLC,iShares Blockchain and Tech ETF,US46436E3615,7549921.96,United States,2022-04-25,0.47,-,Equity,All Cap,Global,USD,Developed,-,Broad,-,350000,No,-,Distributing,NYSE FactSet Global Blockchain Technologies Index (NTR),21.571206,2022-08-11,115.119883084529,No,Index,2022-06-30 00:00:00,-,-,-,-,-,2022-07-31 00:00:00,-,-,-,-,-,2022-07-31 00:00:00,-,-,-,-,-30.98,-,0,0.00859,-,-,-,BBB,4.7969,151.63,-,326614.0,https://www.ishares.com/us/products/326614/ishares-blockchain-and-tech-etf
IHHG,iShares $ High Yield Corp Bond UCITS ETF GBP Hedged (Dist),IE00BDFJYL11,232591578.68,Ireland,2018-03-20,0.55,-,Fixed Income,High Yield,North America,GBP,Developed,Currency Hedged,United States,Hedged,53107290,Yes,iShares II plc,Distributing,Markit iBoxx USD Liquid High Yield Capped Index,4.379654,2022-08-11,234.304729621378,Yes,Index,2022-06-30 00:00:00,-,5.123869,-4.043382,12.707195,-12.101049,2022-07-31 00:00:00,-6.577562,0.469988,0.343328,-,1.606843,2022-07-31 00:00:00,-7.153631,-4.38119,1.033525,-,7.194514,4.591687,5,5.20059,3.87964,6.16,6.28,BBB,5.712,285.12,-,295888.0,https://www.ishares.com/uk/individual/en/products/295888/ishares-high-yield-corp-bond-ucits-etf
ISPE,iShares S&P 500 Equal Weight UCITS ETF GBP Hedged (Acc),IE0003WV2ME7,10249.23,Ireland,2022-08-02,0.22,-,Equity,Large/Mid Cap,North America,GBP,Developed,Currency Hedged,United States,Hedged,2000,No,iShares III plc,Accumulating,S&P 500 Equal Weight Index,5.124614,2022-08-11,7848.24643345807,Yes,Index,-,-,-,-,-,-,-,-,-,-,-,-,-,-,-,-,-,-,-,-,-,-,-,-,-,-,-,-,328657.0,https://www.ishares.com/uk/individual/en/products/328657/ishares-s-p-500-equal-weight-ucits-etf
EWSP,iShares S&P 500 Equal Weight UCITS ETF USD (Acc),IE000MLMNYS0,2050393.9,Ireland,2022-08-02,0.2,-,Equity,Large/Mid Cap,North America,USD,Developed,-,United States,-,400000,Yes,iShares III plc,Accumulating,S&P 500 Equal Weight Index,5.125984,2022-08-11,7848.24643345807,Yes,Index,-,-,-,-,-,-,-,-,-,-,-,-,-,-,-,-,-,-,-,-,-,-,-,-,-,-,-,-,328658.0,https://www.ishares.com/uk/individual/en/products/328658/ishares-s-p-500-equal-weight-ucits-etf
TI5MX,iShares $ TIPS 0-5 UCITS ETF MXN Hedged (Acc),IE000AKFKBQ9,17356586.2,Ireland,2021-09-09,0.12,-,Fixed Income,Inflation,North America,MXN,Developed,Currency Hedged,United States,Hedged,3275,Yes,iShares II plc,Accumulating,ICE U.S. Treasury Inflation Linked Bond Index 0-5 Years Index (4PM),5299.720976,2022-08-11,116.518,Yes,Index,2022-06-30 00:00:00,-,-,-,-,-,2022-07-31 00:00:00,-,-,-,-,-,2022-07-31 00:00:00,3.896794,4.043121,-,-,6.590127,-,2.7,0.42619,2.64404,3.06,-,A,5.8153,3.19,-,320486.0,https://www.ishares.com/uk/individual/en/products/320486/ishares-tips-0-5-ucits-etf
DHYG,iShares $ High Yield Corp Bond ESG UCITS ETF GBP Hedged (Dist),IE0003NVF3Y3,24397931.82,Ireland,2021-09-09,0.27,-,Fixed Income,High Yield,North America,GBP,Developed,"Currency Hedged, Sustainable",United States,Hedged,5524916,Yes,iShares II plc,Distributing,BBG MSCI US Corporate High Yield Sustainable BB+ SRI Bond Index,4.415982,2022-08-11,109.573583,Yes,Index,2022-06-30 00:00:00,-,-,-,-,-,2022-07-31 00:00:00,-,-,-,-,-,2022-07-31 00:00:00,-9.757907,-6.936611,-,-,-9.844159,3.242767,6.02,5.42111,4.28579,6.9,-,AA,7.3898,163.89,ESG Broad,320487.0,https://www.ishares.com/uk/individual/en/products/320487/ishares-high-yield-corp-bond-esg-sri-ucits-etf
EFRN,iShares € Floating Rate Bond ESG UCITS ETF EUR (Dist),IE00BF5GB717,210987063.04,Ireland,2018-06-27,0.1,-,Fixed Income,Credit,Global,EUR,Developed,-,Broad,-,42452119,Yes,iShares II plc,Distributing,Bloomberg MSCI EUR FRN Corporate 3% Issuer Cap Bond Sustainable SRI Index,4.97,2022-08-11,125.115154,Yes,Index,2022-06-30 00:00:00,-,0.124646,-0.665029,0.787019,-0.822792,2022-07-31 00:00:00,-0.809261,-0.165744,-0.285979,-,-0.146856,2022-07-31 00:00:00,-0.645541,-0.60576,-0.855486,-,-0.599522,0,1.3,0.56588,0.13213,0.73,-,AAA,10,14.66,ESG Broad,297953.0,https://www.ishares.com/uk/individual/en/products/297953/ishares-floating-rate-bond-advanced-ucits-etf
IBDX,iShares® iBonds® Dec 2032 Term Corporate ETF,US46436E3128,15534419.48,United States,2022-06-28,0.1,-,Fixed Income,Credit,North America,USD,Developed,-,United States,-,600000,No,-,Distributing,BBG December 2032 Maturity Corporate Index,25.890699,2022-08-11,88.913371,No,Index,2022-06-30 00:00:00,-,-,-,-,-,2022-07-31 00:00:00,-,-,-,-,-,2022-07-31 00:00:00,-,-,-,-,5.21,0,9.6,3.68808,7.88016,4.58,-,AA,8.1936,321.38,-,328675.0,https://www.ishares.com/us/products/328675/ishares-ibonds-dec-2032-term-corporate-etf
H2OA,iShares Global Water UCITS ETF USD (Acc),IE000CFH1JX2,16325086.15,Ireland,2021-09-09,0.65,-,Equity,All Cap,Global,USD,Developed,"Alternatives, Sectors, Thematic ETFs",Broad,-,769871,Yes,iShares II plc,Accumulating,S&P Global Water Index (NET),21.204963,2022-08-11,8636.93393430014,Yes,Index,2022-06-30 00:00:00,-,-,-,-,-,2022-07-31 00:00:00,-,-,-,-,-,2022-07-31 00:00:00,-19.411149,-9.217425,-,-,-17.007015,-,0,0.3315,-,-,-,AAA,10,174.09,-,320493.0,https://www.ishares.com/de/privatanleger/de/produkte/320493/ishares-global-water-ucits-etf
SAOT,iShares STOXX Europe 600 Automobiles & Parts UCITS ETF (DE) EUR (Acc),DE000A2QP4A8,1237583.99,Germany,2022-04-06,-,-,Equity,All Cap,Europe,EUR,Developed,Sectors,Broad,-,243200,Yes,iShares (DE) I Investmentaktiengesellschaft mit TGV,Accumulating,STOXX Europe 600 Automobiles & Parts (Capped) TR,5.0887,2022-08-11,1073.399251102,Yes,Index,2022-06-30 00:00:00,-,-,-,-,-,2022-07-31 00:00:00,-,-,-,-,-,2022-07-31 00:00:00,-,-,-,-,1.755108,-,0,-0.00408,-,-,0,-,-,-,-,326637.0,https://www.ishares.com/uk/individual/en/products/326637/ishares-stoxx-europe-600-automobiles-parts-ucits-etf-de
AGSGDX,iShares Core Global Aggregate Bond UCITS ETF SGD Hedged (Acc),IE000E5H5AN1,64329306.5,Ireland,2021-09-09,0.15,-,Fixed Income,Credit,Global,SGD,Developed,"-, Currency Hedged",Broad,Hedged,14034000,Yes,iShares III plc,Accumulating,BBG Global Aggregate Index,4.583818,2022-08-11,467.240677,Yes,Index,2022-06-30 00:00:00,-,-,-,-,-,2022-07-31 00:00:00,-,-,-,-,-,2022-07-31 00:00:00,-6.933729,-5.428567,-,-,-7.892728,-,8.8,2.05645,7.01359,2.7,-,A,6.133,180.62,-,320494.0,https://www.ishares.com/uk/individual/en/products/320494/ishares-core-global-aggregate-bond-ucits-etf
MAGU,BlackRock ESG Multi-Asset Growth Portfolio UCITS ETF USD Hedged (Acc),IE00BLB2GS19,270170.05,Ireland,2022-03-29,0.25,-,Multi Asset,Risk Rated,Global,USD,Developed,"Currency Hedged, Sustainable, Multi-Asset Solutions",Broad,Hedged,56000,Yes,iShares III plc,Accumulating,Placeholder for prolonged perf holidays (No Benchmark applicable),4.824465,2022-08-11,-,Yes,Active,2022-06-30 00:00:00,-,-,-,-,-,2022-07-31 00:00:00,-,-,-,-,-,2022-07-31 00:00:00,-,-,-,-,-5.479017,-,1.65,1.15215,-,-,-,AAA,8.9093,100.3,ESG Broad,326638.0,https://www.ishares.com/uk/individual/en/products/326638/ishares-growth-portfolio-ucits-etf
EDMNZX,iShares MSCI World ESG Enhanced UCITS ETF NZD Hedged (Acc),IE000X08RX14,109102424.34,Ireland,2021-09-09,0.3,-,Equity,Large/Mid Cap,Global,NZD,Developed,"Currency Hedged, Sustainable",Broad,Hedged,23890526,Yes,iShares IV plc,Accumulating,MSCI World ESG Enhanced Focus NET Index,4.566765,2022-08-11,2580.820296,Yes,Index,2022-06-30 00:00:00,-,-,-,-,-,2022-07-31 00:00:00,-,-,-,-,-,2022-07-31 00:00:00,-13.566055,-8.51763,-,-,-9.819373,-,0,0.34074,-,-,-,AAA,9.7452,92.09,ESG Broad,320488.0,https://www.ishares.com/uk/individual/en/products/320488/ishares-msci-world-ctb-enhanced-esg-ucits-etf
STEC,iShares STOXX Europe 600 Technology UCITS ETF (DE) EUR (Acc),DE000A2QP398,3287149.83,Germany,2022-04-06,-,-,Equity,All Cap,Europe,EUR,Developed,Sectors,Broad,-,702000,Yes,iShares (DE) I Investmentaktiengesellschaft mit TGV,Accumulating,STOXX Europe 600 Technology (Capped) TR,4.6825,2022-08-11,965.4819829717,Yes,Index,2022-06-30 00:00:00,-,-,-,-,-,2022-07-31 00:00:00,-,-,-,-,-,2022-07-31 00:00:00,-,-,-,-,-3.892433,-,0,0.1983,-,-,0,-,-,-,-,326632.0,https://www.ishares.com/de/privatanleger/de/produkte/326632/ishares-stoxx-europe-600-technology-ucits-etf-de
SVAL,iShares US Small Cap Value Factor ETF,US46436E5362,155622450.6,United States,2020-10-27,0.3,-,Equity,Small Cap,North America,USD,Developed,-,United States,-,5200000,No,-,Distributing,Russell 2000 Focused Value Select Index (Total Return),29.927394,2022-08-11,12403.7844941,No,Index,2022-06-30 00:00:00,-,-,-,-,-10.81,2022-07-31 00:00:00,0.739689,-,-,-,28.502128,2022-07-31 00:00:00,-7.343716,-3.697763,-,-,55.546839,3.0352,0,12.73511,-,-,-,BBB,4.6235,157.64,-,316394.0,https://www.ishares.com/us/products/316394/ishares-us-small-cap-value-factor-etf
FXAC,iShares China Large Cap UCITS ETF USD (Acc),IE000QOU09J7,766742.25,Ireland,2021-09-09,0.74,-,Equity,Large Cap,Asia Pacific,USD,Emerging,-,China,-,213018,Yes,iShares plc,Accumulating,FTSE China 50 Index - USD Net Div,3.599424,2022-08-11,24961.09970581,Yes,Index,2022-06-30 00:00:00,-,-,-,-,-,2022-07-31 00:00:00,-,-,-,-,-,2022-07-31 00:00:00,-16.521354,-16.608769,-,-,-24.746026,-,0,0.24085,-,-,-,-,-,-,-,320491.0,https://www.ishares.com/uk/individual/en/products/320491/ishares-china-large-cap-ucits-etf
MODU,BlackRock ESG Multi-Asset Moderate Portfolio UCITS ETF USD Hedged (Acc),IE00BLB2GT26,252739.71,Ireland,2022-03-29,0.25,-,Multi Asset,Risk Rated,Global,USD,Developed,"Currency Hedged, Sustainable, Multi-Asset Solutions",Broad,Hedged,52000,Yes,iShares III plc,Accumulating,Placeholder for prolonged perf holidays (No Benchmark applicable),4.860378,2022-08-11,-,Yes,Active,2022-06-30 00:00:00,-,-,-,-,-,2022-07-31 00:00:00,-,-,-,-,-,2022-07-31 00:00:00,-,-,-,-,-3.972169,-,3.09,2.33047,-,-,-,AA,7.993,104.95,ESG Broad,326645.0,https://www.ishares.com/uk/individual/en/products/326645/ishares-moderate-portfolio-ucits-etf
MACU,BlackRock ESG Multi-Asset Conservative Portfolio UCITS ETF USD Hedged (Acc),IE00BLB2GQ94,254080.36,Ireland,2022-03-29,0.25,-,Multi Asset,Risk Rated,Global,USD,Developed,"Currency Hedged, Sustainable, Multi-Asset Solutions",Broad,Hedged,52000,Yes,iShares III plc,Accumulating,Placeholder for prolonged perf holidays (No Benchmark applicable),4.88616,2022-08-11,-,Yes,Active,2022-06-30 00:00:00,-,-,-,-,-,2022-07-31 00:00:00,-,-,-,-,-,2022-07-31 00:00:00,-,-,-,-,-2.399195,-,5.09,2.07051,-,-,-,A,7.0523,105.51,ESG Broad,326642.0,https://www.ishares.com/uk/individual/en/products/326642/ishares-conservative-portfolio-ucits-etf
USXF,iShares ESG Advanced MSCI USA ETF,US46436E7673,629124979.17,United States,2020-06-16,0.1,-,Equity,Large Cap,North America,USD,Developed,-,United States,-,18900000,No,BlackRock Fund Advisors,Distributing,MSCI USA Choice ESG Screened Index in USD,33.287036,2022-08-11,4450.820287,No,Index,2022-06-30 00:00:00,-,-,-,43.38,-17.03,2022-07-31 00:00:00,-11.26965,-,-,-,13.518226,2022-07-31 00:00:00,-16.754558,-9.790724,-,-,30.939586,1.4866,0,-0.09999,-,-,-,AAA,9.3094,69.58,ESG Broad,314365.0,https://www.ishares.com/us/products/314365/ishares-esg-advanced-msci-usa-etf
IWDG,iShares Core MSCI World UCITS ETF,IE00BD45YS76,460659749.68,Ireland,2017-05-22,0.3,-,Equity,Large/Mid Cap,Global,GBP,Developed,"-, Currency Hedged",Broad,Hedged,63790829,Yes,iShares III plc,Distributing,MSCI World Index,7.22141,2022-08-11,8546.516273,Yes,Index,2022-06-30 00:00:00,9.769052,5.460607,1.385582,36.323925,-11.615802,2022-07-31 00:00:00,-6.186276,12.189959,9.255067,8.533849,8.784547,2022-07-31 00:00:00,-12.044484,-7.515491,30.414165,50.600368,54.934977,1.546789,0,0.28198,-,-,-,AAA,8.7464,147.29,-,287737.0,https://www.ishares.com/uk/individual/en/products/287737/ishares-core-msci-world-ucits-etf
DMXF,iShares ESG Advanced MSCI EAFE ETF,US46436E7590,383950810.99,United States,2020-06-16,0.12,-,Equity,Large Cap,Global,USD,Developed,-,Broad,-,6900000,No,BlackRock Fund Advisors,Distributing,MSCI EAFE Choice ESG Screened Net Index,55.645045,2022-08-11,2282.782983,No,Index,2022-06-30 00:00:00,-,-,-,33.65,-21.11,2022-07-31 00:00:00,-17.15,4.49,-,-,5.29,2022-07-31 00:00:00,-18.4,-13.11,-,-,11.59,4.0095,0,0.09267,-,-,-,AAA,9.8808,67.05,ESG Broad,314362.0,https://www.ishares.com/us/products/314362/ishares-esg-advanced-msci-eafe-etf
EMID,iShares MSCI Europe Mid Cap UCITS ETF EUR (Dist),IE00BYXYX745,6813206.88,Ireland,2017-06-06,0.15,-,Equity,Mid Cap,Europe,EUR,Developed,-,Broad,-,1184711,Yes,iShares VI plc,Distributing,MSCI Europe Mid Cap Index,5.750944,2022-08-11,1684.321769,Yes,Index,2022-06-30 00:00:00,6.556207,0.513408,-2.767236,36.210649,-16.246962,2022-07-31 00:00:00,-11.520218,11.252091,6.319789,5.146669,4.396787,2022-07-31 00:00:00,-14.23276,-8.216103,20.182801,28.522036,24.866622,2.10748,0,-0.04514,-,-,-,-,-,-,-,287745.0,https://www.ishares.com/uk/individual/en/products/287745/ishares-msci-europe-mid-cap-ucits-etf
EUMD,iShares MSCI Europe Mid Cap UCITS ETF EUR (Acc),IE00BF20LF40,59708119.95,Ireland,2017-05-22,0.15,-,Equity,Mid Cap,Europe,EUR,Developed,-,Broad,-,9331187,Yes,iShares VI plc,Accumulating,MSCI Europe Mid Cap Index,6.39877,2022-08-11,1684.321769,No,Index,2022-06-30 00:00:00,6.556106,0.513829,-2.767674,36.212584,-16.246478,2022-07-31 00:00:00,-11.519798,11.253139,6.320415,5.147061,4.703021,2022-07-31 00:00:00,-14.232685,-8.216029,20.184922,28.524433,26.995378,-,0,-0.04514,-,-,-,-,-,-,-,287746.0,https://www.ishares.com/uk/individual/en/products/287746/ishares-msci-europe-mid-cap-ucits-etf
IAA,iShares Asia 50 ETF,AU000000IAA6,658041779.66,Australia,2007-11-13,-,0.5,Equity,Large Cap,Asia Pacific,AUD,Developed,-,Broad,-,7774126,No,BlackRock Investment Management (Australia) Limite,Distributing,S&P Asia 50 Index,84.645114,2022-08-11,4818.5217956808,Yes,Index,2022-06-30 00:00:00,16.682523,4.611036,9.732425,30.97216,-24.123638,2022-07-31 00:00:00,-23.170604,-4.355037,1.373833,4.467366,5.252663,2022-07-31 00:00:00,-17.342842,-20.769008,4.17838,24.423734,112.390587,1.860583,0,-0.84584,-,-,-,AA,8.1528,109.83,-,273416.0,https://www.blackrock.com/au/products/273416/ishares-asia-50-etf
IEM,iShares MSCI Emerging Markets ETF,AU000000IEM3,816984448.4,Australia,2003-04-07,-,0.68,Equity,Large/Mid Cap,Global,AUD,Emerging,-,Broad,-,14380435,No,BlackRock Investment Management (Australia) Limite,Distributing,MSCI Emerging Markets Index,56.812221,2022-08-11,398.337232,Yes,Index,2022-06-30 00:00:00,11.574064,5.749517,-2.86342,28.058911,-18.966686,2022-07-31 00:00:00,-16.71972,-0.976864,-0.037427,2.80227,7.778677,2022-07-31 00:00:00,-14.109545,-16.731865,-0.112238,14.818936,324.948053,2.428083,0,0.70715,-,-,-,BBB,5.5978,326.59,-,273417.0,https://www.blackrock.com/au/products/273417/ishares-msci-emerging-markets-etf
IOO,iShares Global 100 ETF,AU000000IOO8,2542328046.26,Australia,2000-12-05,-,0.4,Equity,Large Cap,Global,AUD,Developed,-,Broad,-,25940718,No,BlackRock Investment Management (Australia) Limite,Distributing,S&P Global 100,98.005308,2022-08-11,2853.72689565644,Yes,Index,2022-06-30 00:00:00,15.90834,14.437735,11.797964,24.996207,0.199854,2022-07-31 00:00:00,1.84684,15.21594,13.377832,15.003368,4.052451,2022-07-31 00:00:00,-6.695558,-7.130868,45.741908,101.165176,136.352684,1.974291,0,0.37348,-,-,-,AAA,9.2772,65.22,-,273428.0,https://www.blackrock.com/au/products/273428/ishares-global-100-etf
IXI,iShares Global Consumer Staples ETF,AU000000IXI1,190478783.83,Australia,2006-09-12,-,0.46,Equity,Large/Mid Cap,Global,AUD,Developed,Sectors,Broad,-,2256524,No,BlackRock Investment Management (Australia) Limite,Distributing,S&P Global 1200 Consumer Staples (Sector) Capped Index (AUD),84.412479,2022-08-11,344.877789170616,Yes,Index,2022-06-30 00:00:00,2.116976,15.595225,2.060137,10.679221,5.277592,2022-07-31 00:00:00,4.359784,8.501721,5.627213,8.222687,8.408171,2022-07-31 00:00:00,-2.529038,-2.935784,17.849422,48.453886,260.497066,2.050176,0,0.54428,-,-,-,AAA,8.8103,47.3,-,273429.0,https://www.blackrock.com/au/products/273429/ishares-global-consumer-staples-etf
IXJ,iShares Global Healthcare ETF,AU000000IXJ9,1124559847.44,Australia,2001-11-13,-,0.46,Equity,Large/Mid Cap,Global,AUD,Developed,Sectors,Broad,-,9716490,No,BlackRock Investment Management (Australia) Limite,Distributing,S&P Global 1200 Healthcare Sector Index(TM),115.737252,2022-08-11,276.860034750363,Yes,Index,2022-06-30 00:00:00,8.992599,17.067793,15.013588,11.980274,7.724601,2022-07-31 00:00:00,3.533029,11.019827,12.041907,13.333885,6.160858,2022-07-31 00:00:00,-2.83987,1.150076,40.650565,86.981608,245.003999,1.216582,0,1.52385,-,-,-,AA,8.0615,18.43,-,273430.0,https://www.blackrock.com/au/products/273430/ishares-global-healthcare-etf
IZZ,iShares China Large-Cap ETF,AU000000IZZ0,254744077.19,Australia,2004-10-05,-,0.74,Equity,Large Cap,Asia Pacific,AUD,Emerging,-,China,-,6033888,No,BlackRock Investment Management (Australia) Limite,Distributing,FTSE China 50 Index,42.218894,2022-08-11,22027.5319601,Yes,Index,2022-06-30 00:00:00,16.547815,6.015378,-3.2602,8.675979,-18.975152,2022-07-31 00:00:00,-19.963055,-11.8487,-8.391499,-1.999672,5.324463,2022-07-31 00:00:00,-13.140385,-18.84127,-23.121069,-9.606409,152.033806,1.60503,0,-1.02215,-,-,-,A,6.6628,144.53,-,273424.0,https://www.blackrock.com/au/products/273424/ishares-china-large-cap-etf
IX5A,iShares € Corp Bond ex-Financials 1-5yr ESG UCITS ETF EUR (Acc),IE00BKT6BH25,48982608.86,Ireland,2019-09-26,0.2,-,Fixed Income,Credit,Europe,EUR,Developed,-,Broad,-,10176724,Yes,iShares III plc,Accumulating,BBG MSCI Euro Corporate ex Financials 1-5 Year Sustainable SRI Bond Index,4.8132,2022-08-11,102.013246,Yes,Index,2022-06-30 00:00:00,-,-,-,2.139044,-6.468886,2022-07-31 00:00:00,-4.527517,-1.489333,-,-,-1.208503,2022-07-31 00:00:00,-3.701242,-3.176895,-,-,-3.399339,-,2.97,1.26644,2.88958,1.79,3.51,AAA,8.9714,167.44,ESG Broad,310288.0,https://www.ishares.com/uk/individual/en/products/310288/ishares-corp-bond-ex-financials-1-5yr-esg-sri-ucits-etf
IJH,iShares S&P Mid-Cap ETF,AU000000IJH2,209314965.86,Australia,2000-05-22,-,0.07,Equity,Mid Cap,North America,AUD,Developed,-,United States,-,579530,No,BlackRock Investment Management (Australia) Limite,Distributing,S&P MidCap 400 Index,361.180553,2022-08-11,659.157382562847,Yes,Index,2022-06-30 00:00:00,17.814569,6.403389,-5.225662,40.041173,-7.026009,2022-07-31 00:00:00,-0.867293,19.059793,9.451446,11.771719,8.333597,2022-07-31 00:00:00,-7.137731,-2.970233,31.118662,74.445451,490.685059,1.152377,0,-48.70358,-,-,-,A,6.6741,200.38,-,273425.0,https://www.blackrock.com/au/products/273425/ishares-s-p-mid-cap-etf
CYBU,iShares China CNY Bond UCITS ETF USD Hedged (Dist),IE00BKT6RT64,574170459.22,Ireland,2019-11-04,0.4,-,Fixed Income,Flexible,Asia Pacific,USD,Emerging,Currency Hedged,China,Hedged,115297250,Yes,iShares IV plc,Distributing,BBG China Treasury + Policy Bank Total Return Index in USD,4.979914,2022-08-11,255.164165,Yes,Index,2022-06-30 00:00:00,-,-,-,-0.54723,2.229804,2022-07-31 00:00:00,1.617039,1.557065,-,-,2.214362,2022-07-31 00:00:00,1.032537,0.514942,-,-,6.182291,2.757076,7.73,3.09439,5.84103,2.66,-,B,1.8884,6.2,-,310289.0,https://www.ishares.com/uk/individual/en/products/310289/ishares-china-cny-bond-ucits-etf
IJR,iShares S&P Small-Cap ETF,AU000000IJR1,443281583.29,Australia,2000-05-22,-,0.07,Equity,Small Cap,North America,AUD,Developed,-,United States,-,3042847,No,BlackRock Investment Management (Australia) Limite,Distributing,S&P SmallCap 600 Index,145.679879,2022-08-11,694.860095956137,Yes,Index,2022-06-30 00:00:00,25.072816,-0.0792,-9.789572,53.17812,-9.495598,2022-07-31 00:00:00,-1.639614,22.476038,9.558033,11.78601,8.855679,2022-07-31 00:00:00,-7.19271,-3.073052,31.502096,74.556999,557.180642,1.364457,0,-1.8575,-,-,-,BBB,5.4397,132.1,-,273426.0,https://www.blackrock.com/au/products/273426/ishares-s-p-small-cap-etf
CYBE,iShares China CNY Bond UCITS ETF EUR Hedged (Acc),IE00BKT6VQ12,329617175.09,Ireland,2021-02-24,0.4,-,Fixed Income,Flexible,Asia Pacific,EUR,Emerging,Currency Hedged,China,Hedged,64251968,Yes,iShares IV plc,Accumulating,BBG China Treasury + Policy Bank Total Return Index in USD,5.130071,2022-08-11,255.164165,Yes,Index,2022-06-30 00:00:00,-,-,-,-,1.106404,2022-07-31 00:00:00,0.394948,-,-,-,1.68577,2022-07-31 00:00:00,0.214143,-0.242427,-,-,2.425067,-,7.73,3.09439,5.84103,2.66,-,B,1.8884,6.2,-,310290.0,https://www.ishares.com/uk/individual/en/products/310290/ishares-china-cny-bond-ucits-etf
IEU,iShares Europe ETF,AU000000IEU6,829913682.74,Australia,2000-07-25,-,0.59,Equity,Large/Mid Cap,Asia Pacific,AUD,Developed,-,Broad,-,13079088,No,BlackRock Investment Management (Australia) Limite,Distributing,S&P Europe 350,63.453483,2022-08-11,3204.65239763819,Yes,Index,2022-06-30 00:00:00,8.978178,6.268881,-5.099694,23.396485,-9.499122,2022-07-31 00:00:00,-9.998532,7.817975,3.329614,5.061358,2.36215,2022-07-31 00:00:00,-12.290072,-12.34559,10.325124,28.001497,67.188976,3.518073,0,-3.18642,-,-,-,AAA,9.4005,114.7,-,273427.0,https://www.blackrock.com/au/products/273427/ishares-europe-etf
IKO,iShares MSCI South Korea Capped ETF,AU000000IKO6,69071313.71,Australia,2000-05-09,-,0.59,Equity,Large/Mid Cap,Asia Pacific,AUD,Emerging,-,South Korea,-,792855,No,BlackRock Investment Management (Australia) Limite,Distributing,MSCI Korea 20/35 Index,87.117208,2022-08-11,9529.686156,Yes,Index,2022-06-30 00:00:00,6.860341,-6.014762,-0.935759,50.547072,-30.547419,2022-07-31 00:00:00,-26.797499,2.889682,4.075414,1.512329,5.297015,2022-07-31 00:00:00,-18.979002,-15.548196,12.731281,7.793844,214.917622,1.194726,0,2.21566,-,-,-,A,5.7222,191.28,-,273436.0,https://www.blackrock.com/au/products/273436/ishares-msci-south-korea-etf
IFSU,iShares Edge MSCI USA Multifactor UCITS ETF,IE00BZ0PKS76,48981792.72,Ireland,2015-09-04,0.35,-,Equity,Large/Mid Cap,North America,USD,Developed,Smart Beta,United States,-,5052272,Yes,iShares IV plc,Accumulating,MSCI USA Diversified Multiple-Factor Index,9.695003,2022-08-11,1916.894458,Yes,Index,2022-06-30 00:00:00,12.790023,2.080594,-0.479385,38.83377,-12.367189,2022-07-31 00:00:00,-5.767686,12.808497,9.459484,8.446409,10.038756,2022-07-31 00:00:00,-12.0681,-6.5641,31.147552,49.994687,93.595806,-,0,0.80646,-,-,-,AA,8.3897,128.9,-,277532.0,https://www.ishares.com/uk/individual/en/products/277532/ishares-factorselect-msci-usa-ucits-etf
UESD,iShares £ Ultrashort Bond ESG UCITS ETF GBP (Dist),IE00BJP26F04,126732542.02,Ireland,2020-03-16,0.09,-,Fixed Income,Credit,Europe,GBP,Developed,Sustainable,United Kingdom,-,25350000,Yes,iShares IV plc,Distributing,iBoxx MSCI ESG GBP Liquid Investment Grade Ultrashort,4.999311,2022-08-11,106.648105820842,Yes,Index,2022-06-30 00:00:00,-,-,-,0.474245,0.067285,2022-07-31 00:00:00,0.174092,0.277946,-,-,0.431432,2022-07-31 00:00:00,0.146765,0.23999,-,-,1.026484,0.376052,0.95,2.06458,0.21217,2.39,-,AAA,10,13.57,ESG Broad,312348.0,https://www.ishares.com/uk/individual/en/products/312348/ishares-ultrashort-bond-esg-sri-ucits-etf
UEDD,iShares $ Ultrashort Bond ESG UCITS ETF USD (Dist),IE00BJP26C72,8303651.07,Ireland,2020-03-16,0.09,-,Fixed Income,Credit,North America,USD,Developed,Sustainable,United States,-,1665012,Yes,iShares IV plc,Distributing,iBoxx MSCI ESG USD Liquid Investment Grade Ultrashort,4.987141,2022-08-11,111.438832278061,Yes,Index,2022-06-30 00:00:00,-,-,-,0.563804,-0.190943,2022-07-31 00:00:00,-0.051828,0.185916,-,-,0.717543,2022-07-31 00:00:00,-0.010696,0.009481,-,-,1.710558,0.625609,0.71,2.78917,0.26827,3.45,-,AAA,10,64.84,ESG Broad,312351.0,https://www.ishares.com/uk/individual/en/products/312351/ishares-ultrashort-bond-esg-sri-ucits-etf
CSGLDC,iShares Gold CHF Hedged ETF (CH),CH0104136285,622737642.69,Switzerland,2009-10-05,0.22,-,Commodity,Precious Metals,Global,CHF,Developed,Currency Hedged,Broad,-,4588000,No,iShares ETF II (CH),No Income,London Gold Price PM (AM) (Hedged into CHF),135.7318,2022-08-11,320.68,No,Index,2022-06-30 00:00:00,-2.860694,8.362748,21.524569,-2.490324,1.121617,2022-07-31 00:00:00,-5.925307,-7.470418,4.551359,3.567877,1.917342,2022-07-31 00:00:00,-5.013159,-3.592565,14.284951,19.158594,27.56629,-,0,0.14919,-,-,0,-,-,-,-,261151.0,https://www.ishares.com/ch/professionals/en/products/261151/ishares-gold-chf-hedged-ch-fund
IVE,iShares MSCI EAFE ETF,AU000000IVE4,368871941.29,Australia,2001-08-14,-,0.32,Equity,Large/Mid Cap,Global,AUD,Emerging,-,Broad,-,3973542,No,BlackRock Investment Management (Australia) Limite,Distributing,MSCI EAFE Index,92.832023,2022-08-11,10402.286187,Yes,Index,2022-06-30 00:00:00,10.847643,5.722613,-3.59683,21.224152,-10.254232,2022-07-31 00:00:00,-9.66215,7.313572,2.869702,5.196869,3.246664,2022-07-31 00:00:00,-11.207119,-10.710292,8.858525,28.829128,95.369583,4.0034,0,1.95121,-,-,-,AAA,9.2761,120.85,-,273432.0,https://www.blackrock.com/au/products/273432/ishares-msci-eafe-etf
ROLL,iShares Bloomberg Enhanced Roll Yield Commodity Swap UCITS ETF,IE00BZ1NCS44,692502727.46,Ireland,2018-09-28,0.28,-,Commodity,Multi Commodity,North America,USD,Developed,-,United States,-,93216564,Yes,iShares VI plc,No Income,BERYTR Bloomberg Commodity Index Total Return,7.428966,2022-08-11,469.55559609,Yes,Index,2022-06-30 00:00:00,-,-,-13.056772,44.216778,24.327147,2022-07-31 00:00:00,22.797851,30.684399,16.509118,-,10.625256,2022-07-31 00:00:00,19.137815,10.259332,58.153839,-,47.350545,-,0.28,0.03133,-,-,-,-,-,-,-,298008.0,https://www.ishares.com/uk/individual/en/products/298008/ishares-bloomberg-enhanced-roll-yield-commodity-swap-ucits-etf
CHCORP,iShares Core CHF Corporate Bond ETF (CH),CH0226976816,1326646545.03,Switzerland,2014-01-14,0.15,-,Fixed Income,Credit,Global,CHF,Developed,-,Broad,-,14454966,No,iShares ETF (CH),Distributing,Swiss Bond Index® Corporate,91.7779,2022-08-11,111.3583459,No,Index,2022-06-30 00:00:00,-0.229277,2.950679,-1.479014,1.763459,-8.564833,2022-07-31 00:00:00,-7.51582,-2.978228,-2.612658,-0.872448,0.103442,2022-07-31 00:00:00,-6.584111,-5.635258,-7.634979,-4.286784,0.887022,0.544793,4.5,0.68665,4.37553,1.61,2.02,AAA,9.1128,121.64,-,261150.0,https://www.ishares.com/ch/professionals/en/products/261150/ishares-chf-corporate-bond-ch-fund
IGLE,iShares Global Govt Bond UCITS ETF EUR Hedged (Dist),IE00BKT6FT27,282464783.7,Ireland,2019-09-26,0.25,-,Fixed Income,Government,Global,EUR,Developed,Currency Hedged,Broad,Hedged,63550984,Yes,iShares III plc,Distributing,FTSE G7 Government Bond Index,4.444695,2022-08-11,862.0351,Yes,Index,2022-06-30 00:00:00,-,-,-,-2.625575,-9.97916,2022-07-31 00:00:00,-9.536789,-5.917868,-,-,-3.174417,2022-07-31 00:00:00,-7.973811,-6.406909,-,-,-8.767478,0.686211,9.54,1.62843,7.95959,2.21,1.97,A,5.9525,-,-,310297.0,https://www.ishares.com/uk/individual/en/products/310297/ishares-global-govt-bond-ucits-etf
CSGOLD,iShares Gold ETF (CH),CH0104136236,732249241.77,Switzerland,2009-10-05,0.19,-,Commodity,Precious Metals,Global,USD,Developed,-,Broad,-,4232000,No,iShares ETF II (CH),No Income,LBMA Gold Price,173.0268,2022-08-11,1796.7,No,Index,2022-06-30 00:00:00,0.358016,12.343706,25.167228,-0.466851,2.85838,2022-07-31 00:00:00,-4.144527,-5.713272,6.872598,6.444568,4.127622,2022-07-31 00:00:00,-3.769864,-2.422615,22.067234,36.652478,67.952203,-,0,0.64154,-,-,0,-,-,-,-,261149.0,https://www.ishares.com/ch/professionals/en/products/261149/ishares-gold-ch-fund
IJP,iShares MSCI Japan ETF,AU000000IJP5,470027028.1,Australia,1996-03-12,-,0.49,Equity,Large/Mid Cap,Asia Pacific,AUD,Developed,-,Japan,-,5950051,No,BlackRock Investment Management (Australia) Limite,Distributing,MSCI Japan Index,78.995462,2022-08-11,10556.303951,Yes,Index,2022-06-30 00:00:00,14.339641,0.272115,4.274058,13.874082,-12.876679,2022-07-31 00:00:00,-10.097024,4.588285,2.239804,4.857779,1.283304,2022-07-31 00:00:00,-11.868438,-10.757961,6.871037,26.766144,39.993273,2.189342,0,-45.39438,-,-,-,AAA,8.8085,80.2,-,273434.0,https://www.blackrock.com/au/products/273434/ishares-msci-japan-etf
SJPE,iShares Core MSCI Japan IMI UCITS ETF EUR Hedged (Acc),IE00BKT6FV49,24724348.41,Ireland,2019-09-26,0.2,-,Equity,All Cap,Asia Pacific,EUR,Developed,"-, Currency Hedged",Japan,Hedged,4004169,Yes,iShares III plc,Accumulating,MSCI Japan Investable Market Net Index in USD,6.174651,2022-08-11,1352.463774,Yes,Index,2022-06-30 00:00:00,-,-,-,26.979455,-3.827565,2022-07-31 00:00:00,2.276395,14.769165,-,-,7.743714,2022-07-31 00:00:00,-2.627239,2.711826,-,-,23.63376,-,0,0.55042,-,-,-,AA,7.9436,93.26,-,310298.0,https://www.ishares.com/uk/individual/en/products/310298/ishares-core-msci-japan-imi-ucits-etf
CSSMIM,iShares SMIM® ETF (CH),CH0019852802,1097981671.29,Switzerland,2004-12-08,0.45,-,Equity,Mid Cap,Europe,CHF,Developed,-,Switzerland,-,3661359,No,iShares ETF (CH),Distributing,Swiss Market Index Mid (SMIM®),299.8836,2022-08-11,4385.8702902,No,Index,2022-06-30 00:00:00,14.071758,-0.231515,-1.040395,38.239992,-21.636962,2022-07-31 00:00:00,-17.059219,7.759283,4.22834,4.99754,8.897674,2022-07-31 00:00:00,-17.183863,-9.350075,13.228946,27.613208,349.958757,1.740675,0,0.02659,-,-,-,AAA,9.4243,40.89,-,261155.0,https://www.ishares.com/ch/professionals/en/products/261155/ishares-smim-ch-fund
CSSMI,iShares SMI® ETF (CH),CH0008899764,2070638930.69,Switzerland,1999-10-06,0.35,-,Equity,Large Cap,Europe,CHF,Developed,-,Switzerland,-,17894538,No,iShares ETF (CH),Distributing,Swiss Market Index (SMI®),115.7135,2022-08-11,25794.7664673,No,Index,2022-06-30 00:00:00,-0.35181,18.376216,4.558739,22.045526,-7.84419,2022-07-31 00:00:00,-5.740221,8.235945,6.787102,7.202961,4.457898,2022-07-31 00:00:00,-11.253901,-6.51652,21.774512,41.590434,170.538815,2.609894,0,0.02194,-,-,-,AAA,9.5266,118.16,-,261154.0,https://www.ishares.com/ch/professionals/en/products/261154/ishares-smi-ch-fund
CSSLI,iShares SLI® ETF (CH),CH0031768937,451273303.27,Switzerland,2007-06-29,0.35,-,Equity,Large Cap,Europe,CHF,Developed,-,Switzerland,-,2433238,No,iShares ETF (CH),Distributing,Swiss Leader Index (SLI®),185.462,2022-08-11,3081.4771765,No,Index,2022-06-30 00:00:00,4.336631,9.82792,1.877972,31.446485,-12.730369,2022-07-31 00:00:00,-9.450665,9.388289,7.184132,6.495035,3.99388,2022-07-31 00:00:00,-14.081055,-8.92101,23.137828,36.976735,80.523621,2.652835,0,0.02542,-,-,-,AAA,9.8142,168.33,-,261153.0,https://www.ishares.com/ch/professionals/en/products/261153/ishares-sli-ch-fund
CSGLDE,iShares Gold EUR Hedged ETF (CH),CH0104136319,227981817.5,Switzerland,2009-10-05,0.22,-,Commodity,Precious Metals,Global,EUR,Developed,-,Broad,-,2324000,No,iShares ETF II (CH),No Income,London Gold Price PM (AM) (Hedged into EUR),98.0989,2022-08-11,354.5,No,Index,2022-06-30 00:00:00,-2.446047,8.820654,22.360653,-2.088566,1.53527,2022-07-31 00:00:00,-5.66371,-7.135789,4.991473,4.047344,2.623337,2022-07-31 00:00:00,-4.876361,-3.458381,15.734299,21.942471,39.369962,-,0,2.34101,-,-,0,-,-,-,-,261152.0,https://www.ishares.com/ch/professionals/en/products/261152/ishares-gold-eur-hedged-ch-fund
CSBGC0,iShares Swiss Domestic Government Bond 7-15 ETF (CH),CH0016999861,241942812.42,Switzerland,2003-11-18,0.15,-,Fixed Income,Government,Europe,CHF,Developed,-,Switzerland,-,2284190,No,iShares ETF (CH),Distributing,SBI® Domestic Government Mid Price 7–15 Total Return,105.9206,2022-08-11,168.2726583,No,Index,2022-06-30 00:00:00,0.667593,4.646787,-0.776381,-1.913146,-10.968525,2022-07-31 00:00:00,-6.965364,-4.068063,-3.388018,-0.520624,2.603953,2022-07-31 00:00:00,-4.725028,-2.939336,-9.823583,-2.576158,61.721778,1.114042,11.44,1.59311,10.48085,0.55,2.3,AA,7.8944,-,-,261158.0,https://www.ishares.com/ch/professionals/en/products/261158/ishares-swiss-domestic-government-bond-7-ch-fund
CSBGC7,iShares Swiss Domestic Government Bond 3-7 ETF (CH),CH0016999846,386419480.33,Switzerland,2003-11-18,0.15,-,Fixed Income,Government,Europe,CHF,Developed,-,Switzerland,-,4969250,No,iShares ETF (CH),Distributing,SBI® Domestic Government Mid Price 3–7 Total Return,77.7621,2022-08-11,128.773567,No,Index,2022-06-30 00:00:00,-0.278742,1.101216,-1.867984,-0.897137,-4.863646,2022-07-31 00:00:00,-3.447641,-2.067152,-2.072114,-0.932102,1.213417,2022-07-31 00:00:00,-1.942333,-0.880241,-6.088421,-4.574434,25.300332,2.186155,5.4,2.21938,5.14117,0.27,2.37,AA,8.0992,-,-,261157.0,https://www.ishares.com/ch/professionals/en/products/261157/ishares-swiss-domestic-government-bond-37-ch-fund
CSBGC3,iShares Swiss Domestic Government Bond 0-3 ETF (CH),CH0102530786,184042667.36,Switzerland,2009-07-02,0.15,-,Fixed Income,Government,Europe,CHF,Developed,-,Switzerland,-,2781260,No,iShares ETF (CH),Distributing,SBI® Domestic Government Mid Price 1M-3Y Total Return,66.1724,2022-08-11,96.091375,No,Index,2022-06-30 00:00:00,-0.850089,-0.635843,-1.489889,-0.758615,-1.664844,2022-07-31 00:00:00,-1.727586,-1.345148,-1.37976,-1.064609,-0.494378,2022-07-31 00:00:00,-1.167004,-0.927879,-4.082431,-5.210907,-6.275818,2.659719,1.65,2.4141,1.64009,0.14,2.86,AA,8.0992,-,-,261156.0,https://www.ishares.com/ch/professionals/en/products/261156/ishares-swiss-domestic-government-bond-13-ch-fund
EUED,iShares € Ultrashort Bond ESG UCITS ETF EUR (Dist),IE00BJP26D89,194110290.09,Ireland,2020-03-16,0.09,-,Fixed Income,Credit,Europe,EUR,Developed,Sustainable,Broad,-,39026621,Yes,iShares IV plc,Distributing,iBoxx MSCI ESG EUR Liquid Investment Grade Ultrashort,4.973791,2022-08-11,100.134598475896,Yes,Index,2022-06-30 00:00:00,-,-,-,0.158155,-0.870044,2022-07-31 00:00:00,-0.76261,-0.395549,-,-,-0.152961,2022-07-31 00:00:00,-0.553547,-0.511593,-,-,-0.362476,0,0.66,1.21708,0.44576,1.05,-,AAA,10,63.99,ESG Broad,312355.0,https://www.ishares.com/uk/individual/en/products/312355/ishares-ultrashort-bond-esg-sri-ucits-etf
EAOA,iShares ESG Aware Aggressive Allocation ETF,US46436E6683,20900258.45,United States,2020-06-12,0.34,-,Multi Asset,Multi Strategy,North America,USD,Developed,-,United States,-,700000,No,BlackRock Fund Advisors,Distributing,BlackRock ESG Aware Aggressive Allocation Index,29.857512,2022-08-11,1284.265113352,No,Index,2022-06-30 00:00:00,-,-,-,32.21,-15.42,2022-07-31 00:00:00,-10.57,6.71,-,-,9.25,2022-07-31 00:00:00,-13.55,-9.5,-,-,20.81,2.7689,1.78,2.391,-,-,-,AAA,8.8151,113.77,ESG Broad,314414.0,https://www.ishares.com/us/products/314414/ishares-esg-aware-80/20-aggressive-allocation-etf
EAOR,iShares ESG Aware Growth Allocation ETF,US46436E6766,13905540.38,United States,2020-06-12,0.33,-,Multi Asset,Multi Strategy,North America,USD,Developed,-,United States,-,500000,No,BlackRock Fund Advisors,Distributing,BlackRock ESG Aware Growth Allocation Index,27.811081,2022-08-11,1187.092633492,No,Index,2022-06-30 00:00:00,-,-,-,23.51,-14.16,2022-07-31 00:00:00,-10.11,3.79,-,-,5.97,2022-07-31 00:00:00,-12.3,-8.65,-,-,13.2,2.4615,3.54,2.391,-,-,-,AA,8.3418,118.15,ESG Broad,314409.0,https://www.ishares.com/us/products/314409/ishares-esg-aware-60/40-balanced-allocation-etf
EAOM,iShares ESG Aware Moderate Allocation ETF,US46436E6840,5167560.63,United States,2020-06-12,0.31,-,Multi Asset,Multi Strategy,North America,USD,Developed,-,United States,-,200000,No,BlackRock Fund Advisors,Distributing,BlackRock ESG Aware Moderate Allocation Index,25.837803,2022-08-11,1094.049204056,No,Index,2022-06-30 00:00:00,-,-,-,15.12,-12.89,2022-07-31 00:00:00,-9.79,0.85,-,-,2.67,2022-07-31 00:00:00,-10.99,-7.77,-,-,5.8,2.2055,5.29,2.391,-,-,-,AA,7.877,124.67,ESG Broad,314411.0,https://www.ishares.com/us/products/314411/ishares-esg-aware-40/60-moderate-allocation-etf
EAOK,iShares ESG Aware Conservative Allocation ETF,US46436E6923,8671126.62,United States,2020-06-12,0.3,-,Multi Asset,Multi Strategy,North America,USD,Developed,-,United States,-,350000,No,BlackRock Fund Advisors,Distributing,BlackRock ESG Aware Conservative Allocation Index,24.774647,2022-08-11,1049.060408845,No,Index,2022-06-30 00:00:00,-,-,-,11,-12.28,2022-07-31 00:00:00,-9.65,-0.66,-,-,1,2022-07-31 00:00:00,-10.4,-7.36,-,-,2.15,6.3731,6.16,2.391,-,-,-,AA,7.6483,129.29,ESG Broad,314417.0,https://www.ishares.com/us/products/314417/ishares-esg-aware-30/70-conservative-allocation-etf
IAGG,iShares Core International Aggregate Bond ETF,US46435G6724,3716544491.83,United States,2015-11-10,0.07,-,Fixed Income,Multi Sectors,Global,USD,Developed,"-, Income",Broad,-,72850000,No,-,Distributing,Bloomberg Barclays Global Aggregate ex USD 10% Issuer Capped (Hedged) Index,51.016397,2022-08-11,233.08086,No,Index,2022-06-30 00:00:00,3.11,7.94,4.54,-0.04,-8.36,2022-07-31 00:00:00,-7.15,-3.33,-0.99,1.8,2.28,2022-07-31 00:00:00,-5.88,-4.76,-2.95,9.32,16.39,1.4765,8.84,1.90777,7.32147,2.17,-,A,5.7525,78.48,-,279626.0,https://www.ishares.com/us/products/279626/ishares-international-aggregate-bond-etf
IMBS,iShares US Mortgage Backed Securities UCITS ETF USD (Dist),IE00BZ6V7883,453702709.27,Ireland,2016-05-23,0.28,-,Fixed Income,Mortgages,North America,USD,Developed,-,Broad,-,104137907,Yes,iShares IV plc,Distributing,Bloomberg US Mortgage Backed Securities Index,4.356748,2022-08-11,2136.370816,Yes,Index,2022-06-30 00:00:00,-0.363381,6.013117,5.299938,-0.70774,-9.337968,2022-07-31 00:00:00,-7.109132,-3.769422,-0.875184,0.551073,0.64377,2022-07-31 00:00:00,-6.060075,-4.580853,-2.602641,2.785899,4.049516,2.318243,7.99,2.67193,6.12902,3.5,-,-,-,-,-,283722.0,https://www.ishares.com/uk/individual/en/products/283722/ishares-us-mortgage-backed-securities-ucits-etf
GRON,iShares € Green Bond UCITS ETF EUR (Dist),IE00BMDBMN04,42259979.54,Ireland,2021-03-25,0.2,-,Fixed Income,Multi Sectors,Global,EUR,Developed,Sustainable,Broad,-,9797288,Yes,iShares II plc,Distributing,BBG MSCI Euro Green Bond SRI including Nuclear Power Index,4.313436,2022-08-11,98.671295,Yes,Index,2022-06-30 00:00:00,-,-,-,-,-16.591946,2022-07-31 00:00:00,-13.499465,-,-,-,-9.410026,2022-07-31 00:00:00,-11.226635,-9.782999,-,-,-12.44184,0.108962,9.7,0.85917,8.79426,2.02,-,AAA,8.6856,143.87,Impact,316502.0,https://www.ishares.com/uk/individual/en/products/316502/ishares-green-bond-ucits-etf
IGRO,iShares International Dividend Growth ETF,US46435G5247,422328181.44,United States,2016-05-17,0.15,-,Equity,Large/Mid Cap,Global,USD,Developed,"Factors, Equity Income, Income",Broad,-,7200000,No,-,Distributing,Morningstar® Global ex-US Dividend Growth Index℠,58.656692,2022-08-11,3507.73876253565,No,Index,2022-06-30 00:00:00,4.82,4.15,-4.31,32.92,-12.67,2022-07-31 00:00:00,-10.44,7.31,4.9,4.07,5.87,2022-07-31 00:00:00,-11.85,-10.66,15.44,22.06,42.49,4.6619,0,0.16674,-,-,-,AAA,9.435,175.21,-,283737.0,https://www.ishares.com/us/products/283737/ishares-international-dividend-growth-etf
IBHF,iShares® iBonds® 2026 Term High Yield and Income ETF,US46436E5289,30283540.33,United States,2020-11-10,0.35,-,Fixed Income,High Yield,North America,USD,Developed,iBonds,United States,-,1300000,No,BlackRock Fund Advisors,Distributing,Bloomberg 2026 Term High Yield and Income Index,23.295031,2022-08-11,125.178692,No,Index,2022-06-30 00:00:00,-,-,-,-,-9.73,2022-07-31 00:00:00,-5.13,-,-,-,-0.1,2022-07-31 00:00:00,-6.46,-4.66,-,-,-0.17,5.7431,3.49,6.21503,2.82431,7.74,-,BB,4.2095,411.86,-,316512.0,https://www.ishares.com/us/products/316512/ishares-ibonds-2026-term-high-yield-and-income-etf
IUHE,iShares S&P 500 Health Care Sector UCITS ETF EUR Hedged (Dist),IE00BMBKBZ46,111795292.31,Ireland,2020-06-15,0.18,-,Equity,Large Cap,North America,EUR,Developed,"Currency Hedged, Sectors",United States,Hedged,17043122,Yes,iShares V plc,Distributing,S&P 500 Capped 35/20 Health Care Index NTR,6.559554,2022-08-11,628.494048867317,Yes,Index,2022-06-30 00:00:00,-,-,-,25.816783,1.178941,2022-07-31 00:00:00,-0.607893,11.66909,-,-,15.04877,2022-07-31 00:00:00,-6.878892,-0.017398,-,-,34.702051,1.2073990000000001,0,0.51664,-,-,-,AA,7.7318,15.39,-,314478.0,https://www.ishares.com/uk/individual/en/products/314478/ishares-s-p-500-health-care-sector-ucits-etf
IBDV,iShares® iBonds® Dec 2030 Term Corporate ETF,US46436E7269,164235458.2,United States,2020-06-23,0.1,-,Fixed Income,Credit,North America,USD,Developed,iBonds,United States,-,7500000,No,BlackRock Fund Advisors,Distributing,Bloomberg December 2030 Maturity Corporate Index,21.898061,2022-08-11,95.510749,No,Index,2022-06-30 00:00:00,-,-,-,2.69,-14.07,2022-07-31 00:00:00,-12.21,-5.77,-,-,-4.02,2022-07-31 00:00:00,-10.53,-7.96,-,-,-8.28,2.7913,7.74,3.14148,6.67946,4.45,-,AA,8.0239,284.79,-,314496.0,https://www.ishares.com/us/products/314496/ishares-ibonds-dec-2030-term-corporate-etf
ESGE,iShares ESG Aware MSCI EM ETF,US46434G8630,4427117879.7,United States,2016-06-28,0.25,-,Equity,Large/Mid Cap,Global,USD,Emerging,Sustainable,Broad,-,135700000,No,-,Distributing,MSCI Emerging Markets ESG Focus Index,32.624303,2022-08-11,1285.861952,No,Index,2022-06-30 00:00:00,7.24,3.19,-2.85,42.2,-26.33,2022-07-31 00:00:00,-22.31,-2.68,0.57,1.04,6.05,2022-07-31 00:00:00,-19.11,-18.97,1.72,5.31,43.01,1.7719,0,0.31326,-,-,-,AAA,8.7643,162.94,ESG Broad,283777.0,https://www.ishares.com/us/products/283777/ishares-esg-aware-msci-em-etf
ESGD,iShares ESG Aware MSCI EAFE ETF,US46435G5163,6846243088.52,United States,2016-06-28,0.2,-,Equity,Large/Mid Cap,Global,USD,Developed,Sustainable,Broad,-,102800000,No,-,Distributing,MSCI EAFE ESG Focus Index,66.597695,2022-08-11,1353.388009,No,Index,2022-06-30 00:00:00,7.19,1.52,-4.11,33.17,-17.67,2022-07-31 00:00:00,-13.9,6.18,3.89,3.19,6.92,2022-07-31 00:00:00,-15.3,-11.89,12.12,17.01,50.3,4.7953,0,0.06558,-,-,-,AAA,9.9269,103.87,ESG Broad,283778.0,https://www.ishares.com/us/products/283778/ishares-esg-aware-msci-eafe-etf
IBTE,iShares® iBonds® Dec 2024 Term Treasury ETF,US46436E8747,313450569.22,United States,2020-02-25,0.07,-,Fixed Income,Government,North America,USD,Developed,iBonds,United States,-,12900000,No,BlackRock Fund Advisors,Distributing,ICE 2024 Maturity US Treasury Index,24.298494,2022-08-11,143.684,No,Index,2022-06-30 00:00:00,-,-,-,-0.53,-4.38,2022-07-31 00:00:00,-4.34,-2.39,-,-,-0.27,2022-07-31 00:00:00,-3.29,-2.41,-,-,-0.67,2.3051,1.86,1.5919,1.80483,3.24,-,A,5.8124,-,-,296772.0,https://www.ishares.com/uk/individual/en/products/296772/ishares-treasury-bond-1-3yr-ucits-etf
EUSB,iShares ESG Advanced Total USD Bond Market ETF,US46436E6196,794665703.21,United States,2020-06-23,0.13,-,Fixed Income,Multi Sectors,North America,USD,Developed,-,United States,-,17900000,No,BlackRock Fund Advisors,Distributing,Bloomberg MSCI US Universal Choice ESG Screened Index,44.394732,2022-08-11,98.852,No,Index,2022-06-30 00:00:00,-,-,-,0.23,-10.35,2022-07-31 00:00:00,-9.1,-4.85,-,-,-3.81,2022-07-31 00:00:00,-8.12,-6.22,-,-,-7.87,2.1601,8.02,2.47375,6.06928,3.83,-,AA,7.1955,58.76,ESG Broad,314499.0,https://www.ishares.com/us/products/314499/ishares-esg-advanced-universal-usd-bond-etf
IBTH,iShares® iBonds® Dec 2027 Term Treasury ETF,US46436E8416,47557920.34,United States,2020-02-25,0.07,-,Fixed Income,Government,North America,USD,Developed,iBonds,United States,-,2050000,No,BlackRock Fund Advisors,Distributing,ICE 2027 Maturity US Treasury Index,23.198986,2022-08-11,147.629,No,Index,2022-06-30 00:00:00,-,-,-,-2.93,-8.19,2022-07-31 00:00:00,-7.75,-5.04,-,-,-1.75,2022-07-31 00:00:00,-5.67,-4.15,-,-,-4.21,2.4752,4.85,1.59359,4.58398,3.04,-,A,5.8124,-,-,312460.0,https://www.ishares.com/us/products/312460/ishares-ibonds-dec-2027-term-treasury-etf
IBTI,iShares® iBonds® Dec 2028 Term Treasury ETF,US46436E8333,26502469.87,United States,2020-02-25,0.07,-,Fixed Income,Government,North America,USD,Developed,iBonds,United States,-,1150000,No,BlackRock Fund Advisors,Distributing,ICE 2028 Maturity US Treasury Index,23.045626,2022-08-11,149.243,No,Index,2022-06-30 00:00:00,-,-,-,-3.64,-8.91,2022-07-31 00:00:00,-8.32,-5.66,-,-,-2.08,2022-07-31 00:00:00,-6.38,-4.68,-,-,-4.99,1.5045,5.89,1.73589,5.50115,3.02,-,A,5.8124,-,-,312463.0,https://www.ishares.com/us/products/312463/ishares-ibonds-dec-2028-term-treasury-etf
IBTG,iShares® iBonds® Dec 2026 Term Treasury ETF,US46436E8580,113988504.69,United States,2020-02-25,0.07,-,Fixed Income,Government,North America,USD,Developed,iBonds,United States,-,4850000,No,BlackRock Fund Advisors,Distributing,ICE 2026 Maturity US Treasury Index,23.502784,2022-08-11,145.502,No,Index,2022-06-30 00:00:00,-,-,-,-1.87,-7.25,2022-07-31 00:00:00,-6.84,-4.21,-,-,-1.23,2022-07-31 00:00:00,-4.94,-3.6,-,-,-2.96,2.2572,3.89,1.29885,3.72948,3.11,-,A,5.8124,-,-,312457.0,https://www.ishares.com/us/products/312457/ishares-ibonds-dec-2026-term-treasury-etf
IBTJ,iShares® iBonds® Dec 2029 Term Treasury ETF,US46436E8259,25176806.24,United States,2020-02-25,0.07,-,Fixed Income,Government,North America,USD,Developed,iBonds,United States,-,1100000,No,BlackRock Fund Advisors,Distributing,ICE 2029 Maturity US Treasury Index,22.888006,2022-08-11,149.114,No,Index,2022-06-30 00:00:00,-,-,-,-4.56,-9.15,2022-07-31 00:00:00,-8.6,-6.16,-,-,-2.23,2022-07-31 00:00:00,-6.85,-4.96,-,-,-5.33,1.3862,6.68,2.10028,6.12074,2.96,-,A,5.8124,-,-,312466.0,https://www.ishares.com/us/products/312466/ishares-ibonds-dec-2029-term-treasury-etf
IQLT,iShares MSCI Intl Quality Factor ETF,US46434V4564,4017433092.89,United States,2015-01-13,0.3,-,Equity,Large/Mid Cap,Global,USD,Developed,"Factors, Single Factor, Edge",Broad,-,122200000,No,-,Distributing,MSCI World ex USA Sector Neutral Quality Index,32.875885,2022-08-11,1456.290931,No,Index,2022-06-30 00:00:00,7.29,7.54,-0.86,33.59,-16.98,2022-07-31 00:00:00,-13.78,6.69,5.74,5.62,5.96,2022-07-31 00:00:00,-14.96,-10.31,18.23,31.47,54.77,4.4548,0,0.18324,-,-,-,AAA,9.4595,96.42,-,271540.0,https://www.ishares.com/us/products/271540/ishares-msci-international-developed-quality-factor-etf
KSA,iShares MSCI Saudi Arabia ETF,US46434V4234,1142499395.96,United States,2015-09-16,0.74,-,Equity,All Cap,Middle East and Africa,USD,Emerging,-,Saudi Arabia,-,25200000,No,-,Distributing,MSCI Saudi Arabia IMI 25/50 Index,45.337278,2022-08-11,1776.650615,No,Index,2022-06-30 00:00:00,18.57,8.97,-16.84,50.47,6.36,2022-07-31 00:00:00,12.7,28.93,12.45,13.81,10.96,2022-07-31 00:00:00,8.32,-1.53,42.2,90.93,104.4,1.6945,0,0.22507,-,-,-,B,2.4136,740.85,-,271542.0,https://www.ishares.com/us/products/271542/ishares-msci-saudi-arabia-capped-etf
4BRZ,iShares MSCI Brazil UCITS ETF (DE) (Acc),DE000A0Q4R85,1495569147.51,Germany,2018-10-24,0.33,-,Equity,Large/Mid Cap,Latin America,USD,Emerging,-,Brazil,-,45200000,Yes,iShares (DE) I Investmentaktiengesellschaft mit TGV,Accumulating,MSCI Emerging - Brazil Net USD Index,33.0878,2022-08-11,486.127725,Yes,Index,2022-06-30 00:00:00,-,-,-33.947448,45.959321,-23.722165,2022-07-31 00:00:00,-14.279878,1.388717,-8.878553,-,-3.567147,2022-07-31 00:00:00,8.015129,-4.398782,-24.340787,-,-12.769466,-,0,-0.68313,-,-,-,BB,3.6731,344.51,-,304304.0,https://www.ishares.com/de/privatanleger/de/produkte/304304/ishares-msci-brazil-ucits-etf-de
IMTM,iShares MSCI Intl Momentum Factor ETF,US46434V4499,823530850.35,United States,2015-01-13,0.3,-,Equity,Large/Mid Cap,Global,USD,Developed,"Factors, Single Factor, Edge",Broad,-,26700000,No,-,Distributing,MSCI World ex USA Momentum Index,30.843852,2022-08-11,6287.603942,No,Index,2022-06-30 00:00:00,8.74,2.22,6.89,24.91,-17.65,2022-07-31 00:00:00,-16.09,0.26,4.54,4.1,5.07,2022-07-31 00:00:00,-17.68,-12.79,14.24,22.24,45.22,3.4848,0,0.09474,-,-,-,AAA,9.832,207.68,-,271538.0,https://www.ishares.com/us/products/271538/ishares-msci-international-developed-momentum-factor-etf
FRMXNX,iShares $ Floating Rate Bond UCITS ETF MXN Hedged (Acc),IE00BDDRDZ46,12386050495.88,Ireland,2018-08-31,0.15,-,Fixed Income,Credit,Global,MXN,Developed,Currency Hedged,Broad,Hedged,19251375,Yes,iShares II plc,Accumulating,Bloomberg US Floating Rate Note < 5 Years Index,643.385238,2022-08-11,142.909347,Yes,Index,2022-06-30 00:00:00,-,-,6.96569,5.385259,5.411738,2022-07-31 00:00:00,5.657699,5.329992,5.862907,-,6.550502,2022-07-31 00:00:00,3.189218,2.691274,18.640084,-,28.098191,-,1.77,2.86531,0.06373,3.53,-,AAA,10,114.3,-,304324.0,https://www.ishares.com/uk/individual/en/products/304324/ishares-floating-rate-bond-ucits-etf
FALN,iShares Fallen Angels USD Bond ETF,US46435G4745,2506479311.94,United States,2016-06-14,0.25,-,Fixed Income,High Yield,North America,USD,Developed,"Factors, Smart Beta, Income",United States,-,96800000,No,-,Distributing,Bloomberg Barclays US High Yield Fallen Angel 3% Capped Index,25.893381,2022-08-11,431.33007,No,Index,2022-06-30 00:00:00,3.14,6.72,4.69,19.49,-14.8,2022-07-31 00:00:00,-11.46,0.68,3.4,3.96,5.94,2022-07-31 00:00:00,-12.24,-8.65,10.56,21.41,42.47,5.1181,8.22,5.48547,5.49483,6.77,-,A,6.194,399.73,-,283855.0,https://www.ishares.com/us/products/283855/ishares-fallen-angels-usd-bond-etf
SUOU,iShares $ Corp Bond ESG UCITS ETF USD (Dist),IE00BK4W7N32,333060916.39,Ireland,2020-03-03,0.15,-,Fixed Income,Credit,Global,USD,Developed,Sustainable,Broad,-,75456658,Yes,iShares II plc,Distributing,BBG US Corporate Sustainable SRI Index,4.413936,2022-08-11,127.859497,Yes,Index,2022-06-30 00:00:00,-,-,-,2.112409,-13.679797,2022-07-31 00:00:00,-12.078956,-6.03642,-,-,-3.146802,2022-07-31 00:00:00,-10.864957,-7.972562,-,-,-7.411341,2.193054,10.72,3.49274,7.22929,4.37,-,AAA,9.8984,87.63,ESG Broad,310473.0,https://www.ishares.com/uk/individual/en/products/310473/ishares-corp-bond-esg-sri-ucits-etf
AGGNZX,iShares Core Global Aggregate Bond UCITS ETF NZD Hedged (Acc),IE00BYV3HN70,209836399.39,Ireland,2018-09-06,0.15,-,Fixed Income,Credit,Global,NZD,Developed,"-, Currency Hedged",Broad,Hedged,40520174,Yes,iShares III plc,Accumulating,The Bloomberg Global Aggregate Bond Index,5.178566,2022-08-11,467.240677,Yes,Index,2022-06-30 00:00:00,-,-,5.019256,-0.256211,-9.075305,2022-07-31 00:00:00,-7.929575,-4.084208,-1.028789,-,1.087201,2022-07-31 00:00:00,-6.880105,-5.341376,-3.054725,-,4.310521,-,8.8,2.05645,7.01359,2.7,-,A,6.133,180.62,-,304340.0,https://www.ishares.com/uk/individual/en/products/304340/ishares-core-global-aggregate-bond-ucits-etf
EMBMXX,iShares J. P. Morgan $ EM Bond UCITS ETF MXN Hedged (Acc),IE00BDDRH417,2170795732.97,Ireland,2018-08-31,0.5,-,Fixed Income,Government,Global,MXN,Emerging,Currency Hedged,Broad,Hedged,3675475,Yes,iShares II plc,Accumulating,J.P. Morgan EMBI Global Core Index,590.616378,2022-08-11,527.782939,Yes,Index,2022-06-30 00:00:00,-,-,3.836751,10.800314,-17.147191,2022-07-31 00:00:00,-14.739596,-4.402494,-0.939328,-,3.701022,2022-07-31 00:00:00,-15.136807,-12.909241,-2.791598,-,15.261794,-,12.9,4.69497,7.67277,6.92,5.9,BB,3.3611,1488.53,-,304342.0,https://www.ishares.com/uk/individual/en/products/304342/ishares-j-p-morgan-em-bond-ucits-etf
IHYMXX,iShares $ High Yield Corp Bond UCITS ETF MXN Hedged (Acc),IE00BDDRH961,2011283074.82,Ireland,2018-08-31,0.55,-,Fixed Income,High Yield,North America,MXN,Developed,Currency Hedged,United States,Hedged,3041727,Yes,iShares II plc,Accumulating,Markit iBoxx USD Liquid High Yield Capped Index,661.230634,2022-08-11,234.304729621378,Yes,Index,2022-06-30 00:00:00,-,-,1.516426,17.544239,-6.669353,2022-07-31 00:00:00,-0.614735,5.798066,5.768347,-,7.21276,2022-07-31 00:00:00,-3.562581,-1.136729,18.322448,-,31.284458,-,5,5.20059,3.87964,6.16,6.28,BBB,5.712,285.12,-,304343.0,https://www.ishares.com/uk/individual/en/products/304343/ishares-high-yield-corp-bond-ucits-etf
HYXF,iShares ESG Advanced High Yield Corporate Bond ETF,US46435G4414,139162255.32,United States,2016-06-14,0.35,-,Fixed Income,High Yield,North America,USD,Developed,Income,United States,-,3000000,No,-,Distributing,Bloomberg MSCI US High Yield Choice ESG Screened Index,46.387418,2022-08-11,103.796342,No,Index,2022-06-30 00:00:00,1.42,9.07,1.07,11.4,-13.09,2022-07-31 00:00:00,-8.03,-0.81,1.03,2.67,4.15,2022-07-31 00:00:00,-8.6,-5.84,3.12,14.09,28.32,5.1318,6.01,5.27377,4.29948,6.77,-,AA,7.2191,102.69,ESG Broad,283857.0,https://www.ishares.com/us/products/283857/ishares-esg-advanced-high-yield-corporate-bond-etf
36BA,iShares $ Corp Bond ESG UCITS ETF EUR Hedged (Dist),IE00BH4G7D40,282435775.23,Ireland,2020-05-14,0.17,-,Fixed Income,Credit,Global,EUR,Developed,"Currency Hedged, Sustainable",Broad,Hedged,64278984,Yes,iShares II plc,Distributing,BBG US Corporate Sustainable SRI Index,4.393905,2022-08-11,127.859497,Yes,Index,2022-06-30 00:00:00,-,-,-,1.071016,-14.873029,2022-07-31 00:00:00,-13.330597,-7.138625,-,-,-3.651595,2022-07-31 00:00:00,-11.769444,-8.835052,-,-,-7.896008,2.316846,10.72,3.49274,7.22929,4.37,-,AAA,9.8984,87.63,ESG Broad,310483.0,https://www.ishares.com/uk/individual/en/products/310483/ishares-corp-bond-esg-sri-ucits-etf
SDMXX,iShares $ Short Duration Corp Bond UCITS ETF MXN Hedged (Acc),IE00BDDRH631,5221577316.83,Ireland,2018-08-31,0.25,-,Fixed Income,Credit,North America,MXN,Developed,Currency Hedged,United States,Hedged,8012984,Yes,iShares IV plc,Accumulating,Markit iBoxx USD Liquid Investment Grade 0-5 Index,651.639553,2022-08-11,129.952139445881,Yes,Index,2022-06-30 00:00:00,-,-,10.331478,5.545038,0.390785,2022-07-31 00:00:00,1.470883,3.300873,5.76031,-,7.063559,2022-07-31 00:00:00,-0.020734,0.618107,18.29548,-,30.522348,-,2.62,2.96758,2.32842,3.92,3.04,AAA,9.2744,147.37,-,304344.0,https://www.ishares.com/uk/individual/en/products/304344/ishares-short-duration-corp-bond-ucits-etf
IBTMXX,iShares $ Treasury Bond 1-3yr UCITS ETF MXN Hedged (Acc),IE00BDDRHB81,6375265200.67,Ireland,2018-08-31,0.1,-,Fixed Income,Government,North America,MXN,Developed,Currency Hedged,United States,Hedged,1012843,Yes,iShares plc,Accumulating,ICE US Treasury 1-3 Year Index,6294.425888,2022-08-11,105.891,Yes,Index,2022-06-30 00:00:00,-,-,10.152427,4.214074,2.275683,2022-07-31 00:00:00,2.640224,3.437938,5.693013,-,6.641264,2022-07-31 00:00:00,0.919259,1.203841,18.069803,-,28.570496,-,1.91,1.45373,1.85314,3.24,0.61,A,5.8124,-,-,304347.0,https://www.ishares.com/uk/individual/en/products/304347/ishares-treasury-bond-1-3yr-ucits-etf
WING,iShares Fallen Angels High Yield Corp Bond UCITS ETF,IE00BYM31M36,377050903.82,Ireland,2016-06-21,0.5,-,Fixed Income,High Yield,Global,USD,Developed,-,Broad,-,72756331,Yes,iShares IV plc,Distributing,Bloomberg Global Corporate ex EM Fallen Angels 3% Issuer Capped Index,5.182379,2022-08-11,394.139845,Yes,Index,2022-06-30 00:00:00,3.019705,6.301473,7.270897,18.373671,-16.895097,2022-07-31 00:00:00,-14.339581,-1.789869,2.977361,3.305434,4.913935,2022-07-31 00:00:00,-13.630891,-10.459931,9.200662,17.656474,34.046657,4.21814,6.93,4.67975,4.87255,5.88,-,A,6.4414,341.9,-,283872.0,https://www.ishares.com/uk/individual/en/products/283872/ishares-fallen-angels-high-yield-corporate-bond-ucits-etf
LQDB,iShares BBB Rated Corporate Bond ETF,US46436E4944,56921328.41,United States,2021-05-18,0.15,-,Fixed Income,Credit,North America,USD,Developed,-,United States,-,650000,No,-,Distributing,iBoxx USD Liquid Investment Grade BBB 0+ Index,87.571274,2022-08-11,168.484876655282,No,Index,2022-06-30 00:00:00,-,-,-,-,-14.51,2022-07-31 00:00:00,-12.69,-,-,-,-7.67,2022-07-31 00:00:00,-11.67,-8.6,-,-,-9.17,2.8078,11.08,3.75692,7.26544,4.67,-,AA,8.1551,249.64,-,318688.0,https://www.ishares.com/us/products/318688/ishares-bbb-rated-corporate-bond-etf
NQSE,iShares Nasdaq 100 UCITS ETF EUR Hedged (Acc),IE00BYVQ9F29,376121028.89,Ireland,2018-09-10,0.36,-,Equity,Large Cap,North America,EUR,Developed,Currency Hedged,United States,Hedged,44920019,Yes,iShares VII plc,Accumulating,NASDAQ-100® Index,8.373127,2022-08-11,15155.3794461514,Yes,Index,2022-06-30 00:00:00,-,-,30.176591,41.959253,-22.442344,2022-07-31 00:00:00,-14.946667,7.588225,16.495191,-,13.368887,2022-07-31 00:00:00,-21.765758,-14.412541,58.097133,-,62.899837,-,0,-0.18175,-,-,-,AA,8.3863,55.8,-,304353.0,https://www.ishares.com/uk/individual/en/products/304353/ishares-nasdaq-100-ucits-etf
EMUL,iShares MSCI EMU Large Cap UCITS ETF EUR (Acc),IE00BCLWRF22,91221032.71,Ireland,2013-09-13,0.49,-,Equity,Large Cap,Europe,EUR,Developed,-,Broad,-,2101416,Yes,iShares IV plc,Accumulating,MSCI EMU Large Cap Index,43.409316,2022-08-11,1358.456812,Yes,Index,2022-06-30 00:00:00,2.681602,5.715404,-6.528141,30.492232,-13.341184,2022-07-31 00:00:00,-7.902174,11.063323,4.35309,4.214315,6.271187,2022-07-31 00:00:00,-12.30117,-9.562033,13.636,22.924058,71.626604,-,0,0.01681,-,-,-,AAA,8.9009,129.51,-,257265.0,https://www.ishares.com/uk/individual/en/products/257265/ishares-msci-emu-large-cap-ucits-etf
EMUM,iShares MSCI EMU Mid Cap UCITS ETF EUR (Acc),IE00BCLWRD08,142089503.38,Ireland,2013-09-13,0.49,-,Equity,Mid Cap,Europe,EUR,Developed,-,Broad,-,3104638,Yes,iShares IV plc,Accumulating,MSCI EMU Mid Cap Index,45.76685,2022-08-11,1294.27536,Yes,Index,2022-06-30 00:00:00,6.636001,-1.307005,-2.00445,28.891925,-14.780473,2022-07-31 00:00:00,-10.930686,8.803248,4.425745,3.766606,6.869212,2022-07-31 00:00:00,-13.227785,-8.125686,13.873521,20.306215,80.396114,-,0,0.00783,-,-,-,AAA,9.1454,162.45,-,257270.0,https://www.ishares.com/uk/individual/en/products/257270/ishares-msci-emu-mid-cap-ucits-etf
IBTM,iShares® iBonds® Dec 2032 Term Treasury ETF,US46436E2963,3754367.69,United States,2022-07-06,0.07,-,Fixed Income,Government,North America,USD,Developed,iBonds,United States,-,150000,No,-,Distributing,ICE 2032 Maturity US Treasury Index 4PM Index,25.029118,2022-08-11,92.24,No,Index,-,-,-,-,-,-,2022-07-31 00:00:00,-,-,-,-,-,2022-07-31 00:00:00,-,-,-,-,2.44,0,9.64,2.36971,8.46283,2.89,-,AA,8.1936,321.38,-,328944.0,https://www.ishares.com/us/products/328944/ishares-ibonds-dec-2032-term-treasury-etf
IKSD,iShares MSCI Saudi Arabia Capped UCITS ETF USD (Dist),IE00BJ5JPJ87,10376193.81,Ireland,2019-04-26,0.6,-,Equity,Large/Mid Cap,Middle East and Africa,USD,Emerging,-,Saudi Arabia,-,1657900,Yes,iShares III plc,Distributing,MSCI Saudi Arabia 20/35 Index,6.258636,2022-08-11,2510.100042,Yes,Index,2022-06-30 00:00:00,-,-,-20.077649,48.169763,9.617038,2022-07-31 00:00:00,15.393033,30.068849,11.598753,-,8.042472,2022-07-31 00:00:00,8.291648,-0.843328,38.98823,-,28.69315,1.517903,0,0.42611,-,-,-,B,2.4136,740.85,-,308477.0,https://www.ishares.com/uk/individual/en/products/308477/ishares-msci-saudi-arabia-capped-ucits-etf
SUOA,iShares $ Corp Bond ESG UCITS ETF USD (Acc),IE00BKKKWJ26,696988422.5,Ireland,2020-03-03,0.15,-,Fixed Income,Credit,Global,USD,Developed,Sustainable,Broad,-,151236550,Yes,iShares II plc,Accumulating,BBG US Corporate Sustainable SRI Index,4.608597,2022-08-11,127.859497,Yes,Index,2022-06-30 00:00:00,-,-,-,2.113244,-13.680036,2022-07-31 00:00:00,-12.079233,-6.036381,-,-,-3.147007,2022-07-31 00:00:00,-10.865058,-7.972703,-,-,-7.411811,-,10.72,3.49274,7.22929,4.37,-,AAA,9.8984,87.63,ESG Broad,312591.0,https://www.ishares.com/uk/individual/en/products/312591/ishares-corp-bond-esg-sri-ucits-etf
QDVX,iShares MSCI Europe Quality Dividend ESG UCITS ETF EUR (Dist),IE00BYYHSM20,312742989.99,Ireland,2017-06-12,0.28,-,Equity,Large/Mid Cap,Europe,EUR,Developed,"Equity Income, Smart Beta",Broad,-,58167099,Yes,iShares II plc,Distributing,MSCI Europe High Dividend Yield ESG Reduced Carbon Target Select Index,5.37663,2022-08-11,2355.592953,Yes,Index,2022-06-30 00:00:00,0.711507,7.825932,-9.543235,21.630441,5.526285,2022-07-31 00:00:00,11.399189,18.90964,7.998513,6.348176,5.652379,2022-07-31 00:00:00,5.370691,2.204209,25.965998,36.034867,32.611233,3.961589,0,0.09832,-,-,-,AAA,10,80.19,ESG Broad,288021.0,https://www.ishares.com/de/privatanleger/de/produkte/288021/ishares-msci-europe-quality-dividend-advanced-ucits-etf
SUJP,iShares MSCI Japan SRI UCITS ETF USD (Acc),IE00BYX8XC17,870331590.49,Ireland,2017-03-06,0.2,-,Equity,Large/Mid Cap,Asia Pacific,USD,Developed,Sustainable,Japan,-,142304091,Yes,iShares IV plc,Accumulating,MSCI Japan SRI Select Reduced Fossil Fuel Index,6.115998,2022-08-11,2055.25085,Yes,Index,2022-06-30 00:00:00,10.057685,-5.50532,7.834746,23.741835,-20.495492,2022-07-31 00:00:00,-13.875767,2.947805,3.973767,2.749537,3.883029,2022-07-31 00:00:00,-16.350859,-11.28043,12.4013,14.524754,22.892306,-,0,0.3345,-,-,-,AAA,10,57.36,ESG Broad,285970.0,https://www.ishares.com/uk/individual/en/products/285970/ishares-msci-japan-sri-ucits-etf
SMMD,iShares Russell 2500 ETF,US46435G2681,511221685.37,United States,2017-07-06,0.23,-,Equity,Mid/Small Cap,North America,USD,Developed,-,United States,-,8650000,No,-,Distributing,Russell 2500 Index,59.100773,2022-08-11,3208.40357,No,Index,2022-06-30 00:00:00,-,1.67,-4.57,57.76,-21.04,2022-07-31 00:00:00,-11.26,14.95,9.1,8.95,9.24,2022-07-31 00:00:00,-13.67,-5.89,29.86,53.53,56.58,1.3862,0,0.08987,-,-,-,A,5.9727,177,-,288024.0,https://www.ishares.com/us/products/288024/ishares-russell-2500-etf
CBUL,iShares $ TIPS 0-5 UCITS ETF EUR Hedged (Dist),IE000WIQIPT2,19467237.75,Ireland,2022-04-06,0.12,-,Fixed Income,Inflation,North America,EUR,Developed,Currency Hedged,United States,Hedged,3911915,Yes,iShares II plc,Distributing,ICE U.S. Treasury Inflation Linked Bond Index 0-5 Years Index (4PM),4.976395,2022-08-11,116.518,Yes,Index,2022-06-30 00:00:00,-,-,-,-,-,2022-07-31 00:00:00,-,-,-,-,-,2022-07-31 00:00:00,-,-,-,-,0.636019,0.032152,2.7,0.42619,2.64404,3.06,-,-,-,-,-,326936.0,https://www.ishares.com/uk/individual/en/products/326936/ishares-tips-0-5-ucits-etf
SUSM,iShares MSCI EM SRI UCITS ETF USD (Acc),IE00BYVJRP78,3785085565.86,Ireland,2016-07-11,0.25,-,Equity,Large/Mid Cap,Global,USD,Emerging,Sustainable,Broad,-,510337177,Yes,iShares IV plc,Accumulating,MSCI EM SRI Select Reduced Fossil Fuel Index,7.416832,2022-08-11,1432.951242,Yes,Index,2022-06-30 00:00:00,3.788965,7.15846,-8.650447,52.979319,-23.620697,2022-07-31 00:00:00,-17.272883,4.00225,2.733422,2.765474,5.697126,2022-07-31 00:00:00,-14.444717,-11.735238,8.426455,14.613599,39.845686,-,0,0.66746,-,-,-,AA,7.9751,114.21,ESG Broad,283948.0,https://www.ishares.com/uk/individual/en/products/283948/ishares-msci-em-sri-ucits-etf
LQDH,iShares $ Corp Bond Interest Rate Hedged UCITS ETF USD (Dist),IE00BCLWRB83,292839912.84,Ireland,2013-09-19,0.25,-,Fixed Income,Credit,North America,USD,Developed,-,United States,-,3098777,Yes,iShares plc,Distributing,iBoxx USD Liquid Investment Grade IR Hedged Index,94.50177,2022-08-11,130.772446293338,Yes,Index,2022-06-30 00:00:00,0.922715,5.409882,-1.547868,8.479299,-5.794726,2022-07-31 00:00:00,-3.722571,0.934457,0.528577,1.565327,1.893171,2022-07-31 00:00:00,-3.459682,-2.070661,1.594128,8.075523,18.085638,1.474152,13.37,3.65283,0.03866,3.78,3.75,AAA,8.9888,152.94,-,257320.0,https://www.ishares.com/uk/individual/en/products/257320/ishares-corporate-bond-interest-rate-hedged-ucits-etf
EMUU,iShares MSCI EMU USD Hedged UCITS ETF (Acc),IE00BWZN1T31,186175896.73,Ireland,2015-06-30,0.38,-,Equity,Large/Mid Cap,Europe,USD,Developed,Currency Hedged,Broad,-,24500000,Yes,iShares VII plc,Accumulating,MSCI EMU 100% USD Hedged Index,7.599016,2022-08-11,526.284292,Yes,Index,2022-06-30 00:00:00,5.864653,5.533617,-3.242028,31.884829,-12.087598,2022-07-31 00:00:00,-6.913655,12.323422,6.262218,6.004502,6.054153,2022-07-31 00:00:00,-11.500346,-8.406898,19.987673,33.850978,51.64255,-,0,0.00196,-,-,-,AAA,8.9217,134.81,-,275765.0,https://www.ishares.com/uk/individual/en/products/275765/ishares-msci-emu-usd-hedged-ucits-etf
ESGU,iShares ESG Aware MSCI USA ETF,US46435G4257,23667288530.51,United States,2016-12-01,0.15,-,Equity,Large/Mid Cap,North America,USD,Developed,Sustainable,United States,-,252250000,No,-,Distributing,MSCI USA ESG Focus Index,93.824732,2022-08-11,2371.41447,No,Index,2022-06-30 00:00:00,14.16,10.53,9.97,42.49,-13.67,2022-07-31 00:00:00,-7.608567,-,13.372025,12.869713,13.908305,2022-07-31 00:00:00,-14.319811,-8.905443,45.719512,83.183814,109.136041,1.5579,0,0.30723,-,-,-,AAA,9.325,103.71,ESG Broad,286007.0,https://www.ishares.com/us/products/286007/ishares-esg-aware-msci-usa-etf
CBUJ,iShares € Corp Bond ESG Paris-Aligned Climate UCITS ETF EUR (Dist),IE000ZX8CQG2,408792742.5,Ireland,2022-06-09,0.15,-,Fixed Income,Credit,Europe,EUR,Developed,Sustainable,Broad,-,80103343,Yes,iShares III plc,Distributing,Bloomberg MSCI EUR Corporate Climate Paris Aligned ESG Select Index,5.103316,2022-08-11,92.641089,Yes,Index,2022-06-30 00:00:00,-,-,-,-,-,2022-06-30 00:00:00,-,-,-,-,-,2022-06-30 00:00:00,-,-,-,-,-1.223916,0.109733,5.29,1.35546,4.88187,2.43,-,-,-,-,ESG Thematic,326970.0,https://www.ishares.com/uk/individual/en/products/326970/ishares-corp-bond-esg-paris-aligned-climate-ucits-etf
IPAB,iShares € Corp Bond ESG Paris-Aligned Climate UCITS ETF EUR (Acc),IE000SE6KPV2,240518.21,Ireland,2022-06-09,0.15,-,Fixed Income,Credit,Europe,EUR,Developed,Sustainable,Broad,-,47077,Yes,iShares III plc,Accumulating,Bloomberg MSCI EUR Corporate Climate Paris Aligned ESG Select Index,5.109038,2022-08-11,92.641089,Yes,Index,2022-06-30 00:00:00,-,-,-,-,-,2022-06-30 00:00:00,-,-,-,-,-,2022-06-30 00:00:00,-,-,-,-,-0.920896,-,5.29,1.35546,4.88187,2.43,-,-,-,-,ESG Thematic,326971.0,https://www.ishares.com/uk/individual/en/products/326971/ishares-corp-bond-esg-paris-aligned-climate-ucits-etf
OM3X,iShares OMX Stockholm Capped UCITS ETF,IE00BD3RYZ16,6245306842.35,Ireland,2016-12-14,0.1,-,Equity,Large/Mid Cap,Europe,SEK,Developed,-,Sweden,-,92000000,Yes,iShares IV plc,Accumulating,OMX Stockholm Benchmark Cap™,67.88377,2022-08-11,1703.82627456136,Yes,Index,2022-06-30 00:00:00,3.52218,8.650568,6.443308,41.632409,-17.783507,2022-07-31 00:00:00,-13.82703,12.171643,11.546592,10.012527,10.047244,2022-07-31 00:00:00,-18.393888,-10.211795,38.793432,61.142728,71.395071,-,0,0.21653,-,-,-,AA,8.5667,29.97,-,286021.0,https://www.ishares.com/de/privatanleger/de/produkte/286021/ishares-omx-stockholm-capped-ucits-etf
ERNMX,iShares $ Ultrashort Bond UCITS ETF MXN Hedged (Acc),IE00BMWB9302,273206.85,Ireland,2020-12-15,0.12,-,Fixed Income,Credit,North America,MXN,Developed,Currency Hedged,United States,Hedged,50,Yes,iShares IV plc,Accumulating,Markit iBoxx USD Liquid Investment Grade Ultrashort Index,5464.137056,2022-08-11,111.660298672773,Yes,Index,2022-06-30 00:00:00,-,-,-,-,5.750783,2022-07-31 00:00:00,6.054644,-,-,-,5.432803,2022-07-31 00:00:00,3.624811,3.250578,-,-,8.977188,-,0.7,2.84402,0.35771,3.55,1.96,AAA,9.135,151.64,-,316751.0,https://www.ishares.com/uk/individual/en/products/316751/ishares-ultrashort-bond-ucits-etf
36B7,iShares Global Corp Bond UCITS ETF EUR Hedged (Dist),IE00BJSFQW37,302543946.95,Ireland,2019-04-26,0.25,-,Fixed Income,Credit,Global,EUR,Developed,Currency Hedged,Broad,Hedged,66882840,Yes,iShares plc,Distributing,BBG Global Aggregate Corporate Index,4.523491,2022-08-11,248.330211,Yes,Index,2022-06-30 00:00:00,-,-,4.344336,2.453414,-14.143758,2022-07-31 00:00:00,-12.467984,-5.869906,-2.015517,-,-0.887927,2022-07-31 00:00:00,-10.94922,-8.511373,-5.925499,-,-2.86667,2.411854,9.27,3.08597,6.52368,4.02,3.64,AAA,8.645,233.77,-,308552.0,https://www.ishares.com/uk/individual/en/products/308552/ishares-global-corp-bond-ucits-etf
IMMXX,iShares US Mortgage Backed Securities UCITS ETF MXN Hedged (Acc),IE00BMWB9419,5226079.9,Ireland,2020-12-15,0.3,-,Fixed Income,Mortgages,North America,MXN,Developed,Currency Hedged,Broad,Hedged,1050,Yes,iShares IV plc,Accumulating,Bloomberg U.S. MBS Index,4977.21895,2022-08-11,2136.370816,Yes,Index,2022-06-30 00:00:00,-,-,-,-,-3.987323,2022-07-31 00:00:00,-1.487636,-,-,-,0.375118,2022-07-31 00:00:00,-2.697767,-1.595542,-,-,0.61028,-,7.99,2.67193,6.12902,3.5,-,-,-,-,-,316752.0,https://www.ishares.com/uk/individual/en/products/316752/ishares-us-mortgage-backed-securities-ucits-etf
I37MX,iShares $ Treasury Bond 3-7yr UCITS ETF MXN Hedged (Acc),IE00BMWB9633,31244904.07,Ireland,2020-12-15,0.1,-,Fixed Income,Government,North America,MXN,Developed,Currency Hedged,United States,Hedged,6259,Yes,iShares VII plc,Accumulating,ICE US Treasury 3-7 Year Index,4991.996176,2022-08-11,107.821,Yes,Index,2022-06-30 00:00:00,-,-,-,-,-1.930071,2022-07-31 00:00:00,-1.091096,-,-,-,0.612868,2022-07-31 00:00:00,-1.551656,-0.626604,-,-,0.997817,-,4.83,1.62318,4.54902,3.06,2.07,A,5.8188,3.19,-,316753.0,https://www.ishares.com/uk/individual/en/products/316753/ishares-treasury-bond-3-7yr-ucits-etf
IDTXX,iShares $ Treasury Bond 7-10yr UCITS ETF MXN Hedged (Acc),IE00BMWB9294,32702827.7,Ireland,2020-12-15,0.1,-,Fixed Income,Government,North America,MXN,Developed,Currency Hedged,United States,Hedged,6843,Yes,iShares II plc,Accumulating,ICE US Treasury 7-10 Year Index,4779.019099,2022-08-11,109.432,Yes,Index,2022-06-30 00:00:00,-,-,-,-,-5.212919,2022-07-31 00:00:00,-3.978039,-,-,-,-1.776022,2022-07-31 00:00:00,-4.599163,-2.864669,-,-,-2.869983,-,8.58,1.46542,7.88318,2.87,2.12,A,5.8124,-,-,316754.0,https://www.ishares.com/uk/individual/en/products/316754/ishares-treasury-bond-7-10yr-ucits-etf
DTMXX,iShares $ Treasury Bond 20+yr UCITS ETF MXN Hedged (Acc),IE00BMWB9526,2085770.96,Ireland,2020-12-15,0.1,-,Fixed Income,Government,North America,MXN,Developed,Currency Hedged,United States,Hedged,514,Yes,iShares IV plc,Accumulating,ICE US Treasury 20+ Year Index,4057.920155,2022-08-11,109.601,Yes,Index,2022-06-30 00:00:00,-,-,-,-,-14.265619,2022-07-31 00:00:00,-15.102481,-,-,-,-10.490418,2022-07-31 00:00:00,-17.024592,-14.07217,-,-,-16.480481,-,25.9,2.48559,18.01342,3.33,3.05,A,5.8316,3.19,-,316755.0,https://www.ishares.com/uk/individual/en/products/316755/ishares-treasury-bond-20+yr-ucits-etf
IS3B,iShares € Corp Bond Financials UCITS ETF EUR (Dist),IE00B87RLX93,333054798.89,Ireland,2013-05-07,0.2,-,Fixed Income,Credit,Europe,EUR,Developed,Sectors,Broad,-,3319497,Yes,iShares VI plc,Distributing,Bloomberg Euro-Aggregate: Financials Index,100.332911,2022-08-11,239.780117,Yes,Index,2022-06-30 00:00:00,0.684985,4.549643,-0.518141,3.399382,-12.295983,2022-07-31 00:00:00,-9.336932,-3.296847,-2.393438,-0.354722,1.312629,2022-07-31 00:00:00,-7.903662,-6.657653,-7.009828,-1.761073,12.791936,0.67585,4.72,1.40247,4.27851,2.68,3.11,AAA,10,19.82,-,253273.0,https://www.ishares.com/uk/individual/en/products/253273/ishares-euro-corporate-bond-financials-fund
SUSL,iShares ESG MSCI USA Leaders ETF,US46435U2188,3331192519.81,United States,2019-05-07,0.1,-,Equity,Large/Mid Cap,North America,USD,Developed,-,United States,-,45700000,No,BlackRock Fund Advisors,Distributing,MSCI USA Extended ESG Leaders Index,72.892615,2022-08-11,3821.498575,No,Index,2022-06-30 00:00:00,-,-,9.35,40.84,-10.61,2022-07-31 00:00:00,-5.980822,-,13.518276,-,14.001348,2022-07-31 00:00:00,-14.391776,-8.743581,46.284179,-,52.805467,1.5692,0,0.29333,-,-,-,AAA,8.7263,68.88,ESG Broad,308574.0,https://www.ishares.com/us/products/308574/ishares-esg-msci-usa-leaders-etf
IESG,iShares Core MSCI Australia ESG Leaders ETF,AU0000150880,254796911.75,Australia,2021-06-02,-,0.09,Equity,Large Cap,Asia Pacific,AUD,Developed,Core ETFs,Australia,-,10141292,No,BlackRock Investment Management (Australia) Limite,-,MSCI Australia IMI Custom ESG Leaders Index,25.124699,2022-08-12,-,No,Index,2022-06-30 00:00:00,-,-,-,-,-8.082315,2022-07-31 00:00:00,-3.24121,-,-,-,0.186406,2022-07-31 00:00:00,-8.723148,0.156705,-,-,0.215952,2.063281,0,0.04966,-,-,-,AAA,10,149.79,ESG Broad,318831.0,https://www.blackrock.com/au/products/318831/ishares-core-msci-australia-esg-etf
HAWX,iShares Currency Hedged MSCI ACWI ex U.S. ETF,US46435G8472,124138089.08,United States,2015-06-29,0.7,-,Equity,Large/Mid Cap,Global,USD,Developed,Currency Hedged,Broad,-,4190000,No,-,Distributing,MSCI ACWI ex USA 100% Hedged to USD Index,29.627229,2022-08-11,3362.819824,No,Index,2022-06-30 00:00:00,7.51,4.42,-1.42,30.47,-9.86,2022-07-31 00:00:00,-5.03,9.72,6.25,5.89,5.83,2022-07-31 00:00:00,-7.43,-5.72,19.95,33.11,49.41,3.3422,0,2.391,-,-,-,AA,8.1734,200.43,-,273768.0,https://www.ishares.com/us/products/273768/ishares-currency-hedged-msci-acwi-ex-us-etf
SJPD,iShares Core MSCI Japan IMI UCITS ETF USD (Dist),IE00BFM15T99,139124636.66,Ireland,2018-12-06,0.15,-,Equity,All Cap,Asia Pacific,USD,Developed,-,Japan,-,27494591,Yes,iShares III plc,Distributing,MSCI Japan Investable Market Index (IMI),5.060072,2022-08-11,1352.463774,Yes,Index,2022-06-30 00:00:00,-,-,2.723896,24.152921,-20.264503,2022-07-31 00:00:00,-14.861799,3.147884,2.283652,-,2.579799,2022-07-31 00:00:00,-15.361831,-10.792027,7.0086,-,9.742723,2.223289,0,0.55042,-,-,-,AA,7.9436,93.26,-,306537.0,https://www.ishares.com/uk/individual/en/products/306537/ishares-core-msci-japan-imi-ucits-etf
SUJD,iShares MSCI Japan SRI UCITS ETF USD (Dist),IE00BGDQ0V72,81021867.94,Ireland,2018-12-06,0.2,-,Equity,Large/Mid Cap,Asia Pacific,USD,Developed,Sustainable,Japan,-,15364543,Yes,iShares IV plc,Distributing,MSCI JAPAN SRI SELECT REDUCED FOSSIL FUEL NET Index,5.273301,2022-08-11,2055.25085,Yes,Index,2022-06-30 00:00:00,-,-,7.833235,23.739533,-20.496065,2022-07-31 00:00:00,-13.876326,2.946535,3.972422,-,4.062102,2022-07-31 00:00:00,-16.351524,-11.28113,12.396939,-,15.642634,2.353365,0,0.3345,-,-,-,AAA,10,57.36,ESG Broad,306538.0,https://www.ishares.com/uk/individual/en/products/306538/ishares-msci-japan-sri-ucits-etf
HSCZ,iShares Currency Hedged MSCI EAFE Small-Cap ETF,US46435G8399,112081578.82,United States,2015-06-29,0.82,-,Equity,Small Cap,Global,USD,Developed,Currency Hedged,Broad,-,3390000,No,-,Distributing,MSCI EAFE Small Cap Index,33.062413,2022-08-11,7051.831879,No,Index,2022-06-30 00:00:00,12.26,-2.47,-0.62,35.5,-11.32,2022-07-31 00:00:00,-6.97,13.7,7.98,6.6,7.81,2022-07-31 00:00:00,-9.11,-4.37,25.88,37.68,70.47,3.6171,0,2.391,-,-,-,A,6.7355,163.46,-,273771.0,https://www.ishares.com/us/products/273771/ishares-currency-hedged-msci-eafe-small-cap-etf
ISED,iShares MSCI Europe SRI UCITS ETF EUR (Dist),IE00BGDPWW94,392551089.75,Ireland,2018-12-06,0.2,-,Equity,Large Cap,Europe,EUR,Developed,Sustainable,Broad,-,59098847,Yes,iShares II plc,Distributing,MSCI EUROPE SRI SELECT REDUCED FOSSIL FUEL NET Index,6.64228,2022-08-11,2973.705847,Yes,Index,2022-06-30 00:00:00,-,-,2.950814,28.59756,-9.093955,2022-07-31 00:00:00,-4.247055,12.984035,9.455064,-,11.831368,2022-07-31 00:00:00,-10.415683,-4.904248,31.131666,-,50.403271,2.47957,0,0.04484,-,-,-,AAA,10,64.26,ESG Broad,306549.0,https://www.ishares.com/uk/individual/en/products/306549/ishares-msci-europe-sri-ucits-etf
SUAP,iShares MSCI USA SRI UCITS ETF GBP Hedged (Dist),IE00BMWPV470,191152386.56,Ireland,2021-05-21,0.23,-,Equity,Large/Mid Cap,North America,GBP,Developed,"Currency Hedged, Sustainable",United States,Hedged,37633067,Yes,iShares IV plc,Distributing,MSCI USA SRI SELECT REDUCED FOSSIL FUEL NET Index,5.079373,2022-08-11,4075.006836,Yes,Index,2022-06-30 00:00:00,-,-,-,-,-10.843834,2022-07-31 00:00:00,-4.361672,-,-,-,0.621546,2022-07-31 00:00:00,-14.907806,-8.627708,-,-,0.741116,1.279686,0,0.33823,-,-,-,AAA,9.2421,70.65,ESG Broad,318837.0,https://www.ishares.com/uk/individual/en/products/318837/ishares-msci-usa-sri-ucits-etf
SEMD,iShares MSCI EM SRI UCITS ETF USD (Dist),IE00BGDQ0T50,244314601.86,Ireland,2018-12-06,0.25,-,Equity,Large/Mid Cap,Global,USD,Emerging,Sustainable,Broad,-,44638784,Yes,iShares IV plc,Distributing,MSCI EM SRI SELECT REDUCED FOSSIL FUEL NET Index,5.473146,2022-08-11,1432.951242,Yes,Index,2022-06-30 00:00:00,-,-,-8.656707,52.971165,-23.624715,2022-07-31 00:00:00,-17.277421,3.996751,2.727437,-,4.464092,2022-07-31 00:00:00,-14.446734,-11.737275,8.407509,-,17.281543,1.99885,0,0.66746,-,-,-,AA,7.9751,114.21,ESG Broad,306544.0,https://www.ishares.com/uk/individual/en/products/306544/ishares-msci-em-sri-ucits-etf
SRIL,iShares MSCI USA SRI UCITS ETF USD (Dist),IE00BZ173T46,360144345.33,Ireland,2018-12-06,0.2,-,Equity,Large/Mid Cap,North America,USD,Developed,Sustainable,United States,-,42128017,Yes,iShares IV plc,Distributing,MSCI USA SRI SELECT REDUCED FOSSIL FUEL NET Index,8.548808,2022-08-11,4075.006836,Yes,Index,2022-06-30 00:00:00,-,-,11.312491,42.661967,-9.661833,2022-07-31 00:00:00,-3.05507,15.191108,15.658084,-,17.390703,2022-07-31 00:00:00,-14.050215,-7.705345,54.713417,-,79.460797,1.221223,0,0.33823,-,-,-,AAA,9.2421,70.65,ESG Broad,306547.0,https://www.ishares.com/uk/individual/en/products/306547/ishares-msci-usa-sri-ucits-etf
SUOP,iShares $ Corp Bond ESG UCITS ETF GBP Hedged (Dist),IE00BMWPV702,1803101.22,Ireland,2021-05-21,0.17,-,Fixed Income,Credit,Global,GBP,Developed,"Currency Hedged, Sustainable",Broad,Hedged,411479,Yes,iShares II plc,Distributing,BBG US Corporate Sustainable SRI Index,4.382,2022-08-11,127.859497,Yes,Index,2022-06-30 00:00:00,-,-,-,-,-14.033945,2022-07-31 00:00:00,-12.446539,-,-,-,-8.128736,2022-07-31 00:00:00,-11.109849,-8.220216,-,-,-9.609567,2.252396,10.72,3.49274,7.22929,4.37,-,AAA,9.8984,87.63,ESG Broad,318847.0,https://www.ishares.com/uk/individual/en/products/318847/ishares-corp-bond-esg-sri-ucits-etf
EHYC,iShares € High Yield Corp Bond ESG UCITS ETF CHF Hedged (Acc),IE00BMWPV587,796079.69,Ireland,2021-05-21,0.27,-,Fixed Income,High Yield,Europe,CHF,Developed,"Currency Hedged, Sustainable",Broad,Hedged,175069,Yes,iShares II plc,Accumulating,BBG MSCI Euro Corporate High Yield Sustainable BB+ SRI Bond Index,4.547233,2022-08-11,100.408789,Yes,Index,2022-06-30 00:00:00,-,-,-,-,-14.650119,2022-07-31 00:00:00,-11.23589,-,-,-,-8.681479,2022-07-31 00:00:00,-10.613755,-9.289155,-,-,-10.257261,-,3.94,3.21914,3.46268,5.42,-,AA,7.5482,126.57,ESG Broad,318840.0,https://www.ishares.com/ch/professionals/en/products/318840/ishares-high-yield-corp-bond-esg-sri-ucits-etf
DHYC,iShares $ High Yield Corp Bond ESG UCITS ETF CHF Hedged (Acc),IE00BMWPV694,970980.11,Ireland,2021-05-21,0.27,-,Fixed Income,High Yield,North America,CHF,Developed,"Currency Hedged, Sustainable",United States,Hedged,209600,Yes,iShares II plc,Accumulating,BBG MSCI US Corporate High Yield Sustainable BB+ SRI Bond Index,4.632538,2022-08-11,109.573583,Yes,Index,2022-06-30 00:00:00,-,-,-,-,-14.703225,2022-07-31 00:00:00,-10.087209,-,-,-,-7.079608,2022-07-31 00:00:00,-10.447492,-7.536608,-,-,-8.378166,-,6.02,5.42111,4.28579,6.9,-,AA,7.3898,163.89,ESG Broad,318841.0,https://www.ishares.com/ch/professionals/en/products/318841/ishares-high-yield-corp-bond-esg-sri-ucits-etf
GSPX,iShares Core S&P 500 UCITS ETF GBP Hedged (Dist),IE00BD8KRH84,1334889073.62,Ireland,2018-07-03,0.1,-,Equity,Large Cap,North America,GBP,Developed,"-, Currency Hedged",United States,Hedged,183341700,Yes,iShares VII plc,Distributing,S&P 500,7.28088,2022-08-11,7784.31770872246,Yes,Index,2022-06-30 00:00:00,-,7.721309,4.753871,39.201217,-11.947514,2022-07-31 00:00:00,-6.043326,12.716416,11.443794,-,10.615483,2022-07-31 00:00:00,-13.50674,-8.783674,38.410064,-,51.020785,1.826702,0,0.46377,-,-,-,AA,8.46,151.36,-,286083.0,https://www.ishares.com/uk/individual/en/products/286083/ishares-core-s-p-500-ucits-etf
GHYG,iShares Global High Yield Corp Bond UCITS ETF GBP Hedged (Dist),IE00BJSFQX44,217283745.94,Ireland,2019-04-26,0.55,-,Fixed Income,High Yield,Global,GBP,Developed,Currency Hedged,Broad,Hedged,47974999,Yes,iShares plc,Distributing,Markit iBoxx Global Developed Markets Liquid High Yield Capped (USD) Index,4.529103,2022-08-11,149.929823785471,Yes,Index,2022-06-30 00:00:00,-,-,-3.157222,12.165318,-12.370905,2022-07-31 00:00:00,-7.824534,0.098789,-0.029136,-,0.384173,2022-07-31 00:00:00,-8.168416,-6.15627,-0.087382,-,1.258282,3.894811,4.48,4.25125,3.70225,6.04,6.02,BBB,5.6986,224.46,-,308628.0,https://www.ishares.com/uk/individual/en/products/308628/ishares-global-high-yield-corp-bond-ucits-etf
HYLE,iShares Global High Yield Corp Bond UCITS ETF EUR Hedged (Dist),IE00BJSFR200,386284543.07,Ireland,2019-04-26,0.55,-,Fixed Income,High Yield,Global,EUR,Developed,Currency Hedged,Broad,Hedged,86975063,Yes,iShares plc,Distributing,Markit iBoxx Global Developed Markets Liquid High Yield Capped (USD) Index,4.441325,2022-08-11,149.929823785471,Yes,Index,2022-06-30 00:00:00,-,-,-3.345731,11.583587,-13.130654,2022-07-31 00:00:00,-8.615471,-0.593933,-0.527441,-,-0.17442,2022-07-31 00:00:00,-8.708208,-6.643165,-1.573991,-,-0.567682,4.014568,4.48,4.25125,3.70225,6.04,6.02,BBB,5.6986,224.46,-,308631.0,https://www.ishares.com/uk/individual/en/products/308631/ishares-global-high-yield-corp-bond-ucits-etf
WQDV,iShares MSCI World Quality Dividend ESG UCITS ETF USD (Dist),IE00BYYHSQ67,749975815.88,Ireland,2017-06-12,0.38,-,Equity,Large/Mid Cap,Europe,USD,Developed,"Equity Income, Smart Beta",Broad,-,128161202,Yes,iShares II plc,Distributing,MSCI World High Dividend Yield ESG Reduced Carbon Target Select Index USD,5.851816,2022-08-11,3134.818667,Yes,Index,2022-06-30 00:00:00,4.48356,8.852838,-5.941838,27.32077,-6.011544,2022-07-31 00:00:00,-2.992164,10.366171,5.72584,5.608977,5.78229,2022-07-31 00:00:00,-6.399591,-5.731015,18.179849,31.372415,33.450401,2.901663,0,0.62376,-,-,-,AAA,10,98.33,ESG Broad,288147.0,https://www.ishares.com/uk/individual/en/products/288147/ishares-msci-world-quality-dividend-advanced-ucits-etf
3SUD,iShares J.P. Morgan $ EM Bond UCITS ETF EUR Hedged (Acc),IE00BJ5JPH63,157619188.3,Ireland,2019-04-26,0.5,-,Fixed Income,Government,Global,EUR,Emerging,Currency Hedged,Broad,Hedged,35813018,Yes,iShares II plc,Accumulating,JPM EMBIG DIV CORE,4.40117,2022-08-11,527.782939,Yes,Index,2022-06-30 00:00:00,-,-,-1.921023,5.791045,-22.700702,2022-07-31 00:00:00,-20.542948,-9.814784,-6.438611,-,-4.619953,2022-07-31 00:00:00,-18.801178,-16.232908,-18.098854,-,-14.294492,-,12.9,4.69497,7.67277,6.92,5.9,BB,3.3193,1530.02,-,308633.0,https://www.ishares.com/uk/individual/en/products/308633/ishares-j-p-morgan-em-bond-ucits-etf
IB1MXX,iShares $ Treasury Bond 0-1yr UCITS ETF MXN Hedged (Acc),IE00BJ5JMP33,70234612390.66,Ireland,2019-05-16,0.1,-,Fixed Income,Government,North America,MXN,Developed,Currency Hedged,United States,Hedged,10989061,Yes,iShares plc,Accumulating,IDC US Treasury Short Term Index (4PM),6391.32064,2022-08-11,106.912,Yes,Index,2022-06-30 00:00:00,-,-,7.7657,4.265345,5.897116,2022-07-31 00:00:00,6.109957,5.141778,5.956259,-,6.142894,2022-07-31 00:00:00,3.648893,3.249441,18.954218,-,21.098463,-,0.38,0.28648,0.3712,2.64,-,A,5.8256,3.19,-,308634.0,https://www.ishares.com/uk/individual/en/products/308634/ishares-treasury-bond-0-1yr-ucits-etf
FLOE,iShares $ Floating Rate Bond UCITS ETF EUR Hedged (Dist),IE00BF11F458,64845504.2,Ireland,2017-08-08,0.12,-,Fixed Income,Credit,Global,EUR,Developed,Currency Hedged,Broad,Hedged,14392121,Yes,iShares II plc,Distributing,Bloomberg US Floating Rate Note < 5 Years Index,4.505625,2022-08-11,142.909347,Yes,Index,2022-06-30 00:00:00,-,-0.207657,-0.756204,0.343891,-1.635529,2022-07-31 00:00:00,-1.638469,-0.805928,-0.719818,-,-0.538636,2022-07-31 00:00:00,-1.261585,-1.251976,-2.143948,-,-2.652641,0.557081,1.77,2.86531,0.06373,3.53,-,AAA,10,114.3,-,290223.0,https://www.ishares.com/uk/individual/en/products/290223/ishares-floating-rate-bond-ucits-etf
LQDI,iShares Inflation Hedged Corporate Bond ETF,US46431W5803,95674379.56,United States,2018-05-08,0.33,-,Fixed Income,Credit,North America,USD,Developed,-,United States,-,3550000,No,BlackRock Fund Advisors,Distributing,BlackRock Inflation Hedged Corporate Bond Index,26.950529,2022-08-11,919.657712654,No,Index,2022-06-30 00:00:00,-,7.98,5.24,13.88,-10.02,2022-07-31 00:00:00,-6.47,2.23,4.46,-,5.34,2022-07-31 00:00:00,-8.08,-5.06,14,-,24.62,3.0075,13.14,2.70551,8.41013,4.2,-,AAA,8.8193,153.33,-,294319.0,https://www.ishares.com/us/products/294319/ishares-inflation-hedged-corporate-bond-etf
IFRA,iShares U.S. Infrastructure ETF,US46435U7138,1728136577.47,United States,2018-04-03,0.3,-,Equity,All Cap,North America,USD,Developed,"Sectors, Industry",United States,-,45200000,No,BlackRock Fund Advisors,Distributing,NYSE FactSet U.S. Infrastructure Index,38.23311,2022-08-11,1576.33763505512,No,Index,2022-06-30 00:00:00,-,4.18,-11.57,52.06,-1.6,2022-07-31 00:00:00,6.216479,-,13.425011,-,11.706658,2022-07-31 00:00:00,-1.66292,3.739638,45.923919,-,61.4816,1.3415,0,0.1683,-,-,-,AA,7.9142,1071.65,-,294315.0,https://www.ishares.com/us/products/294315/ishares-u-s-infrastructure-etf
CRPU,iShares Global Corp Bond UCITS ETF USD Hedged (Acc),IE00BF3N6Z78,513427267.89,Ireland,2017-08-09,0.25,-,Fixed Income,Credit,Global,USD,Developed,Currency Hedged,Broad,Hedged,95749023,Yes,iShares plc,Accumulating,Bloomberg Global Aggregate Corporate Bond Index,5.362219,2022-08-11,248.330211,Yes,Index,2022-06-30 00:00:00,-,9.335951,6.753634,3.483319,-12.971403,2022-07-31 00:00:00,-11.248876,-4.793263,-0.536657,-,1.529141,2022-07-31 00:00:00,-10.06689,-7.674287,-1.601345,-,7.842214,25.351065,9.27,3.08597,6.52368,4.02,3.64,AAA,8.645,233.77,-,290230.0,https://www.ishares.com/uk/individual/en/products/290230/ishares-global-corp-bond-ucits-etf
IKSA,iShares MSCI Saudi Arabia Capped UCITS ETF USD (Acc),IE00BYYR0489,471539668.67,Ireland,2019-04-10,0.6,-,Equity,Large/Mid Cap,Middle East and Africa,USD,Emerging,-,Saudi Arabia,-,68372162,Yes,iShares III plc,Accumulating,MSCI Saudi Arabia 20/35 Index,6.896661,2022-08-11,-,Yes,Index,2022-06-30 00:00:00,-,-,-20.078419,48.182478,9.624335,2022-07-31 00:00:00,15.400002,30.076716,11.606029,-,8.708819,2022-07-31 00:00:00,8.298498,-0.840062,39.015419,-,31.757245,-,0,0.42611,-,-,-,B,2.8269,618.47,-,279996.0,https://www.ishares.com/uk/individual/en/products/279996/ishares-msci-saudi-arabia-capped-imi-ucits-etf
CT2B,iShares Smart City Infrastructure UCITS ETF USD (Dist),IE00BKTLJB70,60150410.31,Ireland,2020-03-03,0.4,-,Equity,All Cap,Global,USD,Developed,"Sustainable, Thematic ETFs",Broad,-,9915342,Yes,iShares IV plc,Distributing,STOXX Global Smart City Infrastructure,6.066397,2022-08-11,2285.1977657376,Yes,Index,2022-06-30 00:00:00,-,-,-,41.156409,-20.307212,2022-07-31 00:00:00,-15.171913,8.229184,-,-,8.029274,2022-07-31 00:00:00,-18.417499,-9.486242,-,-,20.44229,1.714362,0,0.07126,-,-,-,AA,7.6046,112.33,ESG Thematic,310713.0,https://www.ishares.com/uk/individual/en/products/310713/ishares-smart-city-infrastructure-ucits-etf
IBDT,iShares® iBonds® Dec 2028 Term Corporate ETF,US46435U5157,501335761.6,United States,2018-09-18,0.1,-,Fixed Income,Credit,North America,USD,Developed,iBonds,United States,-,19800000,No,BlackRock Fund Advisors,Distributing,Bloomberg December 2028 Maturity Corporate Index,25.319988,2022-08-11,117.819669,No,Index,2022-06-30 00:00:00,-,-,9.24,3.37,-11.64,2022-07-31 00:00:00,-9.99,-4.23,0.74,-,3.68,2022-07-31 00:00:00,-8.34,-6.08,2.23,-,15,3.2807,5.76,3.6046,5.06985,4.35,-,AAA,8.7157,282.01,-,304570.0,https://www.ishares.com/us/products/304570/ishares-ibonds-dec-2028-term-corporate-etf
CITY,iShares Smart City Infrastructure UCITS ETF USD (Acc),IE00BKTLJC87,314036334.57,Ireland,2020-03-03,0.4,-,Equity,All Cap,Global,USD,Developed,"Sustainable, Thematic ETFs",Broad,-,50003672,Yes,iShares IV plc,Accumulating,STOXX Global Smart City Infrastructure,6.280265,2022-08-11,2285.1977657376,Yes,Index,2022-06-30 00:00:00,-,-,-,41.164761,-20.306313,2022-07-31 00:00:00,-15.171013,8.233161,-,-,8.03299,2022-07-31 00:00:00,-18.417314,-9.48573,-,-,20.452269,-,0,0.07126,-,-,-,AA,7.6046,112.33,ESG Thematic,310714.0,https://www.ishares.com/uk/individual/en/products/310714/ishares-smart-city-infrastructure-ucits-etf
KWT,iShares MSCI Kuwait ETF,US46436E8176,29223846.34,United States,2020-09-01,0.74,-,Equity,All Cap,Kuwait,USD,Emerging,-,Kuwait,-,800000,No,BlackRock Fund Advisors,Distributing,MSCI All Kuwait Select Size Liquidity Capped Index,36.529808,2022-08-11,1763.574055,No,Index,2022-06-30 00:00:00,-,-,-,-,20.57,2022-07-31 00:00:00,22.41,-,-,-,28.51,2022-07-31 00:00:00,13.5,7.95,-,-,61.67,4.1573,0,0.002,-,-,-,B,2.3561,605.54,-,312763.0,https://www.ishares.com/us/products/312763/ishares-msci-kuwait-etf
HYSD,iShares Broad $ High Yield Corp Bond UCITS ETF GBP Hedged (Dist),IE000IIOOR48,10115.22,Ireland,2022-08-03,0.27,-,Fixed Income,High Yield,North America,GBP,Developed,Currency Hedged,United States,Hedged,2000,Yes,iShares III plc,Distributing,ICE BofA US High Yield Constrained Index (4PM),5.057612,2022-08-11,482.701,Yes,Index,-,-,-,-,-,-,-,-,-,-,-,-,-,-,-,-,-,-,-,5.83,5.67989,4.23411,7.3,-,-,-,-,-,329158.0,https://www.ishares.com/uk/individual/en/products/329158/ishares-broad-high-yield-corp-bond-ucits-etf
EXIA,iShares DAX® ESG UCITS ETF (DE),DE000A0Q4R69,57150913.93,Germany,2021-05-18,0.12,-,Equity,Large/Mid Cap,Europe,EUR,Developed,Sustainable,Germany,-,13000000,Yes,BlackRock Asset Management Deutschland AG,Accumulating,DAX ESG Target (Net Return) EUR,4.3962,2022-08-11,1985.66,Yes,Index,2022-06-30 00:00:00,-,-,-,-,-18.523112,2022-07-31 00:00:00,-14.298975,-,-,-,-11.13668,2022-07-31 00:00:00,-16.753635,-14.332813,-,-,-13.210528,-,0,1e-05,-,-,-,AA,7.6609,197.11,ESG Broad,318913.0,https://www.ishares.com/de/privatanleger/de/produkte/318913/ishares-dax-esg-ucits-etf-de
EUPB,iShares MSCI Europe Paris-Aligned Climate UCITS ETF EUR (Acc),IE00BL6K8C82,3115706.52,Ireland,2021-07-27,0.15,-,Equity,Large/Mid Cap,Europe,EUR,Developed,Sustainable,Broad,-,637943,Yes,iShares II plc,Accumulating,MSCI EUROPE CLIMATE PARIS ALIGNED BENCHMARK SELECT INDEX,4.883988,2022-08-11,1885.486439,Yes,Index,2022-06-30 00:00:00,-,-,-,-,-,2022-07-31 00:00:00,-2.834848,-,-,-,-2.085818,2022-07-31 00:00:00,-9.026377,-3.520955,-,-,-2.103015,-,0,0.04137,-,-,-,AAA,9.7637,51.03,ESG Thematic,318925.0,https://www.ishares.com/uk/individual/en/products/318925/ishares-msci-europe-paris-aligned-climate-ucits-etf
IBTK,iShares® iBonds® Dec 2030 Term Treasury ETF,US46436E5933,167123046.0,United States,2020-07-14,0.07,-,Fixed Income,Government,North America,USD,Developed,iBonds,United States,-,7950000,No,BlackRock Fund Advisors,Distributing,ICE 2030 Maturity US Treasury Index,21.021767,2022-08-11,145.951,No,Index,2022-06-30 00:00:00,-,-,-,-,-10.21,2022-07-31 00:00:00,-9.49,-7.1,-,-,-6.61,2022-07-31 00:00:00,-7.93,-5.8,-,-,-13.08,1.3012,7.92,0.84537,7.517,-,-,AA,8.0239,284.79,-,314830.0,https://www.ishares.com/us/products/314830/ishares-ibonds-dec-2030-term-treasury-etf
CBUP,iShares € Green Bond UCITS ETF EUR (Acc),IE000IZO7033,9860.04,Ireland,2022-08-03,0.2,-,Fixed Income,Multi Sectors,Global,EUR,Developed,Sustainable,Broad,-,40,Yes,iShares II plc,Accumulating,BBG MSCI Euro Green Bond SRI including Nuclear Power Index,246.501,2022-08-11,98.671295,Yes,Index,-,-,-,-,-,-,-,-,-,-,-,-,-,-,-,-,-,-,-,9.7,0.85917,8.79426,2.02,-,-,-,-,Impact,329160.0,https://www.ishares.com/uk/individual/en/products/329160/ishares-green-bond-ucits-etf
EMPA,iShares MSCI EMU Paris-Aligned Climate UCITS ETF EUR (Acc),IE00BL6K8D99,508847652.89,Ireland,2021-07-27,0.15,-,Equity,Large/Mid Cap,Europe,EUR,Developed,Sustainable,Broad,-,109887240,Yes,iShares VII plc,Accumulating,MSCI EMU CLIMATE PARIS ALIGNED BENCHMARK SELECT INDEX,4.630634,2022-08-11,1795.916508,Yes,Index,2022-06-30 00:00:00,-,-,-,-,-,2022-07-31 00:00:00,-8.431373,-,-,-,-7.757149,2022-07-31 00:00:00,-12.605839,-7.467353,-,-,-7.819196,-,0,0.00204,-,-,-,AAA,9.7627,77.38,ESG Thematic,318928.0,https://www.ishares.com/uk/individual/en/products/318928/ishares-msci-emu-paris-aligned-climate-ucits-etf
OPEN,iShares Refinitiv Inclusion and Diversity UCITS ETF,IE00BD0B9B76,69655814.55,Ireland,2018-09-07,0.25,-,Equity,Large/Mid Cap,Global,USD,Developed,"Sustainable, Thematic ETFs",Broad,-,10500000,Yes,iShares IV plc,Accumulating,Refinitiv Global Large/Mid Diversity & Inclusion ex. Controversial Weapons Equal Weight Net Total Rtrn,6.633887,2022-08-11,380.690129,Yes,Index,2022-06-30 00:00:00,-,-,-4.085441,43.009085,-12.560602,2022-07-31 00:00:00,-7.901215,13.202307,8.224359,-,6.84499,2022-07-31 00:00:00,-10.334424,-9.292394,26.757911,-,29.437873,-,0,0.1854,-,-,-,AAA,9.2909,75.86,ESG Thematic,298449.0,https://www.ishares.com/uk/individual/en/products/298449/ishares-inclusion-and-diversity-ucits-etf
AGUG,iShares Core Global Aggregate Bond UCITS ETF USD Hedged (Dist),IE00BMGNVD65,294647046.54,Ireland,2020-07-13,0.1,-,Fixed Income,Credit,Global,USD,Developed,"-, Currency Hedged",Broad,Hedged,65722571,Yes,iShares III plc,Distributing,BBG Global Aggregate Index,4.483194,2022-08-11,467.240677,Yes,Index,2022-06-30 00:00:00,-,-,-,-,-9.152296,2022-07-31 00:00:00,-8.017287,-4.103195,-,-,-3.598984,2022-07-31 00:00:00,-6.88805,-5.381584,-,-,-7.229154,1.41417,8.8,2.05645,7.01359,2.7,-,A,6.133,180.62,-,314833.0,https://www.ishares.com/uk/individual/en/products/314833/ishares-core-global-aggregate-bond-ucits-etf
UEDA,iShares $ Ultrashort Bond ESG UCITS ETF USD (Acc),IE0005QL4147,235145.67,Ireland,2021-10-05,0.09,-,Fixed Income,Credit,North America,USD,Developed,Sustainable,United States,-,47000,Yes,iShares IV plc,Accumulating,iBoxx MSCI ESG USD Liquid Investment Grade Ultrashort,5.003099,2022-08-11,111.438832278061,Yes,Index,2022-06-30 00:00:00,-,-,-,-,-,2022-07-31 00:00:00,-,-,-,-,-,2022-07-31 00:00:00,-0.010084,0.010066,-,-,-0.04454,-,0.71,2.78917,0.26827,3.45,-,AAA,10,64.84,ESG Broad,320996.0,https://www.ishares.com/uk/individual/en/products/320996/ishares-ultrashort-bond-esg-sri-ucits-etf
IU0A,iShares $ Corp Bond 0-3yr ESG UCITS ETF USD (Acc),IE00098ZGGO6,47399503.63,Ireland,2021-10-05,0.12,-,Fixed Income,Credit,Global,USD,Developed,Sustainable,Broad,-,9734662,Yes,iShares II plc,Accumulating,BBG MSCI USD Corporate 0-3 Sustainable SRI Index,4.869147,2022-08-11,117.602825,Yes,Index,2022-06-30 00:00:00,-,-,-,-,-,2022-07-31 00:00:00,-,-,-,-,-,2022-07-31 00:00:00,-1.985572,-1.397512,-,-,-2.37375,-,1.78,2.78587,1.50074,3.81,-,AAA,10,62.58,ESG Broad,320997.0,https://www.ishares.com/uk/individual/en/products/320997/ishares-corp-bond-0-3yr-esg-sri-ucits-etf
IJPD,iShares MSCI Japan USD Hedged UCITS ETF,IE00BCLWRG39,331355126.49,Ireland,2013-09-30,0.64,-,Equity,Large/Mid Cap,Asia Pacific,USD,Developed,Currency Hedged,Japan,-,7200000,Yes,iShares plc,Accumulating,MSCI Japan Index,46.021545,2022-08-11,337.570279,Yes,Index,2022-06-30 00:00:00,10.022931,-5.533151,4.422791,27.894167,-2.052557,2022-07-31 00:00:00,4.51515,16.342002,10.453239,7.119607,7.466747,2022-07-31 00:00:00,-1.864771,3.350135,34.752048,41.040832,88.909837,-,0,-0.16473,-,-,-,AAA,8.7113,80.17,-,257514.0,https://www.ishares.com/uk/individual/en/products/257514/ishares-msci-japan-usd-hedged-ucits-etf
SPMV,iShares Edge S&P 500 Minimum Volatility UCITS ETF USD (Acc),IE00B6SPMN59,1730925171.44,Ireland,2012-11-30,0.2,-,Equity,Large Cap,North America,USD,Developed,Smart Beta,United States,-,21988102,Yes,iShares VI plc,Accumulating,S&P 500 Minimum Volatility Index,78.72099,2022-08-11,6381.13152263826,Yes,Index,2022-06-30 00:00:00,11.020056,12.485532,3.205297,27.242908,-2.444059,2022-07-31 00:00:00,0.251996,11.917032,10.043041,10.720244,12.385837,2022-07-31 00:00:00,-8.234011,-3.3899,33.256299,66.393046,209.180426,-,0,0.58189,-,-,-,AA,8.5078,266.89,-,251383.0,https://www.ishares.com/uk/individual/en/products/251383/ishares-sp-500-minimum-volatility-ucits-etf
MVOL,iShares Edge MSCI World Minimum Volatility UCITS ETF USD (Acc),IE00B8FHGS14,4025384489.54,Ireland,2012-11-30,0.3,-,Equity,Large/Mid Cap,Global,USD,Developed,Smart Beta,Broad,-,71295523,Yes,iShares VI plc,Accumulating,MSCI World Minimum Volatility Index,56.46055,2022-08-11,4343.472342,Yes,Index,2022-06-30 00:00:00,7.092859,13.818684,-1.412578,18.477981,-6.604322,2022-07-31 00:00:00,-5.777632,5.03692,4.000724,6.210144,8.598707,2022-07-31 00:00:00,-9.255734,-3.938691,12.488749,35.154341,121.975479,-,0,0.456,-,-,-,AAA,9.0902,276.35,-,251382.0,https://www.ishares.com/uk/individual/en/products/251382/ishares-msci-world-minimum-volatility-ucits-etf
GHYC,iShares Global High Yield Corp Bond CHF Hedged UCITS ETF (Dist),IE00B988C465,138048807.43,Ireland,2014-04-11,0.55,-,Fixed Income,High Yield,Global,CHF,Developed,Currency Hedged,Broad,-,1811222,Yes,iShares VI plc,Distributing,Markit iBoxx Global Developed Markets Liquid High Yield Capped Index,76.218601,2022-08-11,141.860724063872,Yes,Index,2022-06-30 00:00:00,-0.888859,3.788683,-3.564989,11.587415,-13.122111,2022-07-31 00:00:00,-8.7396,-0.653019,-0.637665,0.099388,1.0235,2022-07-31 00:00:00,-8.799552,-6.69419,-1.900822,0.497929,8.822397,4.022115,4.42,4.20037,3.64192,5.97,6.06,BBB,5.6428,220.79,-,261622.0,https://www.ishares.com/uk/individual/en/products/261622/ishares-global-high-yield-corp-bond-chf-hedged-ucits-etf
LQGH,iShares $ Corp Bond UCITS ETF GBP Hedged (Dist),IE00BDFK3736,54084711.83,Ireland,2018-03-20,0.25,-,Fixed Income,Credit,North America,GBP,Developed,Currency Hedged,United States,Hedged,11850151,Yes,iShares plc,Distributing,Markit iBoxx USD Liquid Investment Grade Index,4.564052,2022-08-11,301.716007827015,Yes,Index,2022-06-30 00:00:00,-,10.499915,8.210724,2.493245,-16.606256,2022-07-31 00:00:00,-14.435151,-7.239352,-1.359887,-,1.277663,2022-07-31 00:00:00,-13.127834,-9.635882,-4.024434,-,5.689155,3.273407,13.5,3.69319,8.82962,4.55,3.99,AAA,8.9532,154.16,-,296433.0,https://www.ishares.com/uk/individual/en/products/296433/ishares-corp-bond-ucits-etf
MVEU,iShares Edge MSCI Europe Minimum Volatility UCITS ETF EUR (Acc),IE00B86MWN23,788776409.54,Ireland,2012-11-30,0.25,-,Equity,Large/Mid Cap,Europe,EUR,Developed,Smart Beta,Broad,-,15122677,Yes,iShares VI plc,Accumulating,MSCI Europe Minimum Volatility,52.158517,2022-08-11,3654.315087,Yes,Index,2022-06-30 00:00:00,2.47138,8.059432,-2.34184,17.557787,-4.675508,2022-07-31 00:00:00,-2.369437,8.866119,5.060633,5.32953,7.967812,2022-07-31 00:00:00,-7.634968,-2.425072,15.963158,29.643498,109.819051,-,0,0.40494,-,-,-,AAA,9.1393,95.58,-,251381.0,https://www.ishares.com/uk/individual/en/products/251381/ishares-msci-europe-minimum-volatility-ucits-etf
EMMV,iShares Edge MSCI EM Minimum Volatility UCITS ETF USD (Acc),IE00B8KGV557,348226358.33,Ireland,2012-11-30,0.4,-,Equity,Large/Mid Cap,Global,USD,Emerging,Smart Beta,Broad,-,11200000,Yes,iShares VI plc,Accumulating,MSCI Emerging Markets Minimum Volatility Index,31.091639,2022-08-11,1895.50955,Yes,Index,2022-06-30 00:00:00,7.681011,3.562161,-8.87762,26.288014,-13.035189,2022-07-31 00:00:00,-8.499568,2.704144,0.558346,1.754918,1.932696,2022-07-31 00:00:00,-11.577789,-9.761897,1.684409,9.088017,20.327238,-,0,0.17757,-,-,-,-,-,-,-,251380.0,https://www.ishares.com/uk/individual/en/products/251380/ishares-msci-emerging-markets-minimum-volatility-ucits-etf
EMHG,iShares J.P. Morgan $ EM Bond UCITS ETF GBP Hedged,IE00BDFGJ734,144823868.88,Ireland,2018-03-20,0.5,-,Fixed Income,Government,Global,GBP,Emerging,Currency Hedged,Broad,Hedged,38411894,Yes,iShares II plc,Distributing,J.P. Morgan EMBI Global Core Index,3.770287,2022-08-11,527.782939,Yes,Index,2022-06-30 00:00:00,-,10.277017,-1.416907,6.492532,-22.005034,2022-07-31 00:00:00,-19.891942,-9.140095,-5.838816,-,-2.497065,2022-07-31 00:00:00,-18.324038,-15.798207,-16.513602,-,-10.4356,5.646785,12.9,4.69497,7.67277,6.92,5.9,BB,3.3193,1530.02,-,296441.0,https://www.ishares.com/uk/individual/en/products/296441/ishares-j-p-morgan-em-bond-ucits-etf
ISWD,iShares MSCI World Islamic UCITS ETF USD (Dist),IE00B27YCN58,362111382.1,Ireland,2007-12-07,0.3,-,Equity,Large/Mid Cap,Global,USD,Developed,Sustainable,Broad,-,9082026,Yes,iShares II plc,Distributing,MSCI World Islamic Index,39.871211,2022-08-11,2191.014992,Yes,Index,2022-06-30 00:00:00,10.113127,3.559942,-2.508056,32.926819,-9.537214,2022-07-31 00:00:00,-5.953432,11.136718,7.887916,6.798059,4.638041,2022-07-31 00:00:00,-11.092215,-6.965951,25.579401,38.936645,94.266528,1.675394,0,-1.06298,-,-,-,AAA,8.6056,253.27,-,251394.0,https://www.ishares.com/uk/individual/en/products/251394/ishares-msci-world-islamic-ucits-etf
IFRE,iShares MSCI France UCITS ETF EUR (Acc),IE00BP3QZJ36,69578792.73,Ireland,2014-09-05,0.25,-,Equity,Large/Mid Cap,Europe,EUR,Developed,-,France,-,1500000,Yes,iShares IV plc,Accumulating,MSCI France Index,46.385861,2022-08-11,308.052705,Yes,Index,2022-06-30 00:00:00,8.119855,6.347308,-8.798887,34.011238,-6.676511,2022-07-31 00:00:00,0.120297,18.180919,7.616694,7.529327,7.972602,2022-07-31 00:00:00,-7.171426,-4.873275,24.634691,43.758869,83.345268,-,0,0.01946,-,-,0,AAA,8.6963,132.79,-,269829.0,https://www.ishares.com/de/privatanleger/de/produkte/269829/ishares-msci-france-ucits-etf
ISUS,iShares MSCI USA Islamic UCITS ETF USD (Dist),IE00B296QM64,171574519.68,Ireland,2007-12-07,0.3,-,Equity,Large/Mid Cap,North America,USD,Developed,Sustainable,United States,-,3000000,Yes,iShares II plc,Distributing,MSCI USA Islamic Index,57.191506,2022-08-11,2875.949749,Yes,Index,2022-06-30 00:00:00,9.96925,5.614701,-0.781217,33.78337,-5.81177,2022-07-31 00:00:00,-1.682438,14.241802,10.179749,8.981767,6.935352,2022-07-31 00:00:00,-9.636552,-5.498668,33.753557,53.733753,167.021474,1.222035,0,0.44453,-,-,-,AA,7.981,201.02,Screened,251393.0,https://www.ishares.com/uk/individual/en/products/251393/ishares-msci-usa-islamic-ucits-etf
ISDE,iShares MSCI EM Islamic UCITS ETF USD (Dist),IE00B27YCP72,153274789.98,Ireland,2007-12-07,0.35,-,Equity,Large/Mid Cap,Global,USD,Emerging,Sustainable,Broad,-,8462810,Yes,iShares II plc,Distributing,MSCI Emerging Markets (EM) Islamic Index,18.111571,2022-08-11,1325.034203,Yes,Index,2022-06-30 00:00:00,9.673455,-2.609814,-1.388595,41.109124,-23.344982,2022-07-31 00:00:00,-19.052746,-0.658506,3.917694,2.027924,-0.89795,2022-07-31 00:00:00,-19.262118,-18.051399,12.219544,10.559293,-12.376317,2.187,0,0,-,-,-,BBB,4.9267,485.82,Screened,251392.0,https://www.ishares.com/uk/individual/en/products/251392/ishares-msci-emerging-markets-islamic-ucits-etf
ICHN,iShares MSCI China UCITS ETF USD (Acc),IE00BJ5JPG56,1079027382.66,Ireland,2019-06-20,0.4,-,Equity,Large/Mid Cap,Asia Pacific,USD,Emerging,-,China,-,236159885,Yes,iShares IV plc,Accumulating,MSCI China index,4.569054,2022-08-11,490.391231,Yes,Index,2022-06-30 00:00:00,-,-,12.682425,26.988641,-32.04866,2022-07-31 00:00:00,-28.586098,-15.48776,-3.982255,-,-3.929161,2022-07-31 00:00:00,-19.775642,-17.299611,-11.47733,-,-11.724441,-,0,0.15016,-,-,-,BBB,5.18,240.92,-,308751.0,https://www.ishares.com/uk/individual/en/products/308751/ishares-msci-china-ucits-etf
IWDC,iShares MSCI World CHF Hedged UCITS ETF (Acc),IE00B8BVCK12,494726670.97,Ireland,2012-11-30,0.55,-,Equity,Large/Mid Cap,Global,CHF,Developed,Currency Hedged,Broad,-,8270000,Yes,iShares VI plc,Accumulating,MSCI World Index,59.821847,2022-08-11,239.751871,Yes,Index,2022-06-30 00:00:00,8.111661,3.651268,1.040656,34.793012,-12.763984,2022-07-31 00:00:00,-7.460753,10.852418,8.257138,7.215639,9.17209,2022-07-31 00:00:00,-12.883853,-8.160015,26.873121,41.674177,133.567487,-,0,0.36562,-,-,-,AAA,8.7285,147.02,-,251407.0,https://www.ishares.com/ch/professionals/en/products/251407/ishares-msci-world-chf-hedged-ucits-etf
CSBGE3,iShares € Govt Bond 1-3yr UCITS ETF EUR (Acc),IE00B3VTMJ91,1014580958.62,Ireland,2009-06-02,0.2,-,Fixed Income,Government,Europe,EUR,Developed,-,Broad,-,9313090,Yes,iShares VII plc,Accumulating,Bloomberg Euro Government Bond 1-3 Year Term Index,108.941388,2022-08-11,174.4087,Yes,Index,2022-06-30 00:00:00,-0.359132,0.470746,-0.514199,-0.230319,-2.516559,2022-07-31 00:00:00,-2.162006,-1.182144,-0.97862,-0.564518,0.663898,2022-07-31 00:00:00,-1.642249,-1.509986,-2.907223,-2.790904,9.099216,-,1.72,0.06842,1.71383,0.79,1.36,A,5.8803,3.39,-,253455.0,https://www.ishares.com/de/privatanleger/de/produkte/253455/ishares-euro-government-bond-13-ucits-etf-acc-fund
IUSC,iShares S&P 500 CHF Hedged UCITS ETF (Acc),IE00B88DZ566,421291993.24,Ireland,2012-11-30,0.2,-,Equity,Large Cap,North America,CHF,Developed,Currency Hedged,United States,-,6000000,Yes,iShares VI plc,Accumulating,S&P 500,70.215332,2022-08-11,4227.42936024293,Yes,Index,2022-06-30 00:00:00,10.458014,6.086146,4.083906,37.9137,-12.889027,2022-07-31 00:00:00,-7.141311,11.538555,10.450946,9.406467,11.070615,2022-07-31 00:00:00,-14.151686,-9.260353,34.743655,56.752675,175.925627,-,0,0.65163,-,-,-,AA,8.4547,151.08,-,251406.0,https://www.ishares.com/de/privatanleger/de/produkte/251406/ishares-sp-500-chf-hedged-ucits-etf
IJPC,iShares MSCI Japan CHF Hedged UCITS ETF (Acc),IE00B8J37J31,206496546.09,Ireland,2012-11-30,0.64,-,Equity,Large/Mid Cap,Asia Pacific,CHF,Developed,Currency Hedged,Japan,-,3340000,Yes,iShares VI plc,Accumulating,MSCI Japan Index,61.825313,2022-08-11,183.438234,Yes,Index,2022-06-30 00:00:00,7.155101,-8.700735,1.611664,26.667953,-3.467038,2022-07-31 00:00:00,2.88274,14.835152,8.614717,4.750512,9.714427,2022-07-31 00:00:00,-3.024288,2.306794,28.134485,26.119074,145.028236,-,0,0.31294,-,-,-,AAA,8.7121,80.27,-,251405.0,https://www.ishares.com/de/privatanleger/de/produkte/251405/ishares-msci-japan-chf-hedged-ucits-etf
SAAA,iShares Global AAA-AA Govt Bond UCITS ETF USD (Dist),IE00B87G8S03,121089255.99,Ireland,2012-10-03,0.2,-,Fixed Income,Government,Global,USD,Developed,-,Broad,-,1473918,Yes,iShares VI plc,Distributing,Bloomberg Global Government AAA-AA Capped Bond Index,82.154676,2022-08-11,116.660497,Yes,Index,2022-06-30 00:00:00,2.285103,3.959479,3.453058,2.452528,-19.294168,2022-07-31 00:00:00,-18.516126,-9.965595,-3.962013,-1.833626,-1.140672,2022-07-31 00:00:00,-14.717412,-12.1776,-11.421331,-8.838019,-10.659483,0.550182,9.61,1.54466,7.96794,1.61,2.38,A,6.3535,3.19,-,251404.0,https://www.ishares.com/uk/individual/en/products/251404/ishares-global-aaaaa-government-bond-ucits-etf
IBDS,iShares® iBonds® Dec 2027 Term Corporate ETF,US46435UAA97,806730414.86,United States,2017-09-12,0.1,-,Fixed Income,Credit,North America,USD,Developed,"iBonds, Income",United States,-,33350000,No,-,Distributing,Bloomberg Barclays December 2027 Maturity Corporate Index,24.189818,2022-08-11,114.863268,No,Index,2022-06-30 00:00:00,-,11.94,8.99,3.33,-9.8,2022-07-31 00:00:00,-8.4,-3.19,1.22,-,2.56,2022-07-31 00:00:00,-6.93,-4.96,3.72,-,13.16,2.7875,4.77,3.37064,4.27484,4.15,-,AA,8.3654,243.35,-,290315.0,https://www.ishares.com/us/products/290315/ishares-ibonds-dec-2027-term-corporate-etf
CSBGE7,iShares € Govt Bond 3-7yr UCITS ETF EUR (Acc),IE00B3VTML14,410281770.69,Ireland,2009-06-02,0.2,-,Fixed Income,Government,Europe,EUR,Developed,-,Broad,-,3155550,Yes,iShares VII plc,Accumulating,Bloomberg Euro Government Bond 3-7 Year Term Index,130.019099,2022-08-11,217.1643,Yes,Index,2022-06-30 00:00:00,0.202385,3.053877,0.832796,0.364667,-7.926019,2022-07-31 00:00:00,-6.329999,-2.87227,-1.82735,-0.319273,2.056091,2022-07-31 00:00:00,-4.88492,-4.103034,-5.382485,-1.586202,30.716411,-,4.8,0.79173,4.69327,1.18,2.74,BBB,5.6452,3.39,-,253458.0,https://www.ishares.com/ch/professionals/en/products/253458/ishares-euro-government-bond-37-ucits-etf-acc-fund
SXRQ,iShares € Govt Bond 7-10yr UCITS ETF EUR (Acc),IE00B3VTN290,209411197.5,Ireland,2009-06-02,0.2,-,Fixed Income,Government,Europe,EUR,Developed,-,Broad,-,1353110,Yes,iShares VII plc,Accumulating,Bloomberg Euro Government Bond 10 Year Term Index,154.762877,2022-08-11,272.0421,Yes,Index,2022-06-30 00:00:00,2.125346,7.026539,1.967161,0.084671,-13.715062,2022-07-31 00:00:00,-11.318698,-5.35892,-3.221219,0.084676,3.436008,2022-07-31 00:00:00,-8.795068,-7.573633,-9.355712,0.4241,55.989932,-,8.43,0.44548,8.23814,1.61,2.45,BBB,5.6898,3.39,-,253461.0,https://www.ishares.com/de/privatanleger/de/produkte/253461/ishares-euro-government-bond-710-ucits-etf-acc-fund
IUCM,iShares S&P 500 Communication Sector UCITS ETF USD (Acc),IE00BDDRF478,120058309.74,Ireland,2018-09-17,0.15,-,Equity,All Cap,North America,USD,Developed,Sectors,United States,-,18750000,Yes,iShares V plc,Accumulating,S&P 500 Capped 35/20 Communication Services Index,6.403109,2022-08-11,367.076692056654,Yes,Index,2022-06-30 00:00:00,-,-,10.744501,48.095976,-30.140541,2022-07-31 00:00:00,-30.292142,-0.070757,4.532909,-,5.817378,2022-07-31 00:00:00,-28.341928,-23.622635,14.22446,-,24.457748,-,0,0.31138,-,-,-,BBB,5.0902,13.49,-,304659.0,https://www.ishares.com/uk/individual/en/products/304659/ishares-s-p-500-communication-sector-ucits-etf
CSUKS,iShares MSCI UK Small Cap UCITS ETF GBP (Acc),IE00B3VWLG82,215010367.81,Ireland,2009-07-01,0.58,-,Equity,Small Cap,Europe,GBP,Developed,-,United Kingdom,-,1000322,Yes,iShares VII plc,Accumulating,MSCI United Kingdom Small Cap Index,214.941156,2022-08-11,521.924155,Yes,Index,2022-06-30 00:00:00,14.047937,-6.317352,-11.919173,33.875849,-20.104603,2022-07-31 00:00:00,-15.551866,8.488108,0.391397,1.15929,10.203321,2022-07-31 00:00:00,-16.389772,-9.554811,1.178794,5.932413,256.393576,-,0,0.05903,-,-,-,AA,8.3893,123.37,-,253474.0,https://www.ishares.com/ch/professionals/en/products/253474/ishares-msci-uk-small-cap-ucits-etf
HEFA,iShares Currency Hedged MSCI EAFE ETF,US46434V8037,3662657621.12,United States,2014-01-31,0.7,-,Equity,Large/Mid Cap,Global,USD,Developed,Currency Hedged,Broad,-,111550000,No,-,Distributing,MSCI EAFE Index,32.834223,2022-08-11,761.020227,No,Index,2022-06-30 00:00:00,6.92,5.18,-2.37,28.21,-5.14,2022-07-31 00:00:00,-0.29,14.38,7.62,7.02,7.62,2022-07-31 00:00:00,-4.72,-2.28,24.63,40.37,86.6,4.5032,0,2.39091,-,-,-,AAA,9.2127,120.85,-,259622.0,https://www.ishares.com/us/products/259622/ishares-currency-hedged-msci-eafe-etf
UMDV,iShares US Medical Devices UCITS ETF USD (Acc),IE00BMX0DF60,96444832.1,Ireland,2020-08-03,0.25,-,Equity,Large/Mid Cap,North America,USD,Developed,Sectors,United States,-,17200000,Yes,iShares V plc,Accumulating,Dow Jones U.S. Select Medical Equipment Capped 35/20 NET Index,5.607257,2022-08-11,4108.51274332023,Yes,Index,2022-06-30 00:00:00,-,-,-,-,-16.139962,2022-07-31 00:00:00,-15.66716,-,-,-,4.658113,2022-07-31 00:00:00,-18.645249,-9.082304,-,-,9.491657,-,0,0.55965,-,-,-,BBB,4.9539,19.65,-,314925.0,https://www.ishares.com/uk/individual/en/products/314925/ishares-us-medical-devices-ucits-etf
IGEB,iShares Investment Grade Bond Factor ETF,US46435G2194,168245367.21,United States,2017-07-11,0.18,-,Fixed Income,Credit,North America,USD,Developed,"Factors, Edge, Smart Beta, Income",United States,-,3700000,No,-,Distributing,BlackRock Investment Grade Enhanced Bond Index,45.471721,2022-08-11,1126.681805204,No,Index,2022-06-30 00:00:00,-,11.84,10.61,4.28,-14.4,2022-07-31 00:00:00,-12.77,-5.47,0.37,2.15,2.33,2022-07-31 00:00:00,-11.47,-8.64,1.12,11.23,12.33,3.1279,10.62,3.91136,6.72195,4.7,-,AA,8.1941,421.38,-,288302.0,https://www.ishares.com/us/products/288302/ishares-investment-grade-systematic-bond-etf
CSUSS,iShares MSCI USA Small Cap ESG Enhanced UCITS ETF USD (Acc),IE00B3VWM098,1270203979.12,Ireland,2009-07-01,0.43,-,Equity,Small Cap,North America,USD,Developed,-,United States,-,2800414,Yes,iShares VII plc,Accumulating,MSCI USA Small Cap ESG Enhanced Focus CTB Index,453.577213,2022-08-11,2983.188567,Yes,Index,2022-06-30 00:00:00,16.936516,-0.216557,-6.835625,60.738751,-21.465169,2022-07-31 00:00:00,-11.137879,15.924987,8.706324,8.442517,12.835234,2022-07-31 00:00:00,-13.430786,-5.82328,28.458967,49.967773,385.295515,-,0,-0.06865,-,-,-,AA,8.0445,102.3,ESG Broad,253480.0,https://www.ishares.com/ch/professionals/en/products/253480/ishares-msci-usa-small-cap-ucits-etf
HEWJ,iShares Currency Hedged MSCI Japan ETF,US46434V8862,525448614.89,United States,2014-01-31,1.03,-,Equity,Large/Mid Cap,Asia Pacific,USD,Developed,Currency Hedged,Japan,-,13500000,No,-,Distributing,MSCI Japan Index,38.92212,2022-08-11,337.570279,No,Index,2022-06-30 00:00:00,9.63,-4.76,4.28,28.13,-1.48,2022-07-31 00:00:00,5.1,16.74,11.02,7.51,8.23,2022-07-31 00:00:00,-0.96,3.42,36.83,43.61,95.81,1.6859,0,2.391,-,-,-,AAA,8.6901,80.2,-,259624.0,https://www.ishares.com/us/products/259624/ishares-currency-hedged-msci-japan-etf
I50D,iShares S&P 500 Swap UCITS ETF USD (Dist),IE000D3BWBR2,1009804.0,Ireland,2022-04-21,0.07,-,Equity,Large/Mid Cap,North America,USD,Developed,-,United States,-,213216,Yes,iShares VI plc,Distributing,S&P 500 Index,4.736061,2022-08-11,7784.31770872246,Yes,Index,2022-06-30 00:00:00,-,-,-,-,-,2022-07-31 00:00:00,-,-,-,-,-,2022-07-31 00:00:00,-,-,-,-,-5.652812,-,0,2.391,-,-,-,AA,8.3574,183.86,-,327215.0,https://www.ishares.com/uk/individual/en/products/327215/ishares-s-p-500-swap-ucits-etf
SUSU,iShares $ Corp Bond 0-3yr ESG UCITS ETF USD (Dist),IE00BZ048579,246499899.02,Ireland,2018-12-12,0.12,-,Fixed Income,Credit,Global,USD,Developed,Sustainable,Broad,-,49748190,Yes,iShares II plc,Distributing,Bloomberg MSCI US Corporate 0-3 Sustainable SRI Index,4.954952,2022-08-11,117.602825,Yes,Index,2022-06-30 00:00:00,-,-,4.030814,0.926494,-2.920762,2022-07-31 00:00:00,-2.37658,-0.842882,0.836756,-,1.57569,2022-07-31 00:00:00,-1.981824,-1.393815,2.531332,-,5.844803,-,1.78,2.78587,1.50074,3.81,-,AAA,10,62.58,ESG Broad,288299.0,https://www.ishares.com/uk/individual/en/products/288299/ishares-corp-bond-0-3yr-esg-sri-ucits-etf
FLOS,iShares $ Floating Rate Bond UCITS ETF GBP Hedged (Dist),IE00BF7TPM11,53152724.43,Ireland,2017-08-30,0.12,-,Fixed Income,Credit,Global,GBP,Developed,Currency Hedged,Broad,Hedged,11243561,Yes,iShares II plc,Distributing,Bloomberg US Floating Rate Note < 5 Years Index,4.727392,2022-08-11,142.909347,Yes,Index,2022-06-30 00:00:00,-,1.031022,0.093598,0.924127,-0.710239,2022-07-31 00:00:00,-0.635418,-0.00713,0.07626,-,0.379899,2022-07-31 00:00:00,-0.525458,-0.56795,0.228956,-,1.881782,0.549986,1.77,2.86531,0.06373,3.53,-,AAA,10,114.3,-,290356.0,https://www.ishares.com/uk/individual/en/products/290356/ishares-floating-rate-bond-ucits-etf
GHYS,iShares Global High Yield Corp Bond GBP Hedged UCITS ETF (Dist),IE00B8KQFS66,186099448.78,Ireland,2013-06-25,0.55,-,Fixed Income,High Yield,Global,GBP,Developed,Currency Hedged,Broad,-,2119556,Yes,iShares VI plc,Distributing,Markit iBoxx Global Developed Markets Liquid High Yield Capped Index,87.801147,2022-08-11,159.401398782143,Yes,Index,2022-06-30 00:00:00,0.343481,5.236686,-2.930643,12.146969,-12.398262,2022-07-31 00:00:00,-7.897991,0.097842,0.038253,1.044593,3.018387,2022-07-31 00:00:00,-8.244272,-6.228137,0.114803,5.333229,31.06548,3.950062,4.48,4.23459,3.70017,6.04,5.86,BBB,5.6446,220.15,-,253488.0,https://www.ishares.com/uk/individual/en/products/253488/ishares-global-high-yield-corp-bond-gbp-hedged-ucits-etf
CSBGU3,iShares $ Treasury Bond 1-3yr UCITS ETF USD (Acc) B,IE00B3VWN179,601319450.01,Ireland,2009-06-03,0.07,-,Fixed Income,Government,North America,USD,Developed,-,United States,-,5456280,Yes,iShares VII plc,Accumulating,ICE U.S. Treasury 1-3 Year Bond Index,110.206853,2022-08-11,105.891,Yes,Index,2022-06-30 00:00:00,-0.153883,3.85493,4.073434,0.002361,-3.545129,2022-07-31 00:00:00,-3.313839,-1.635011,0.310506,0.850767,0.781971,2022-07-31 00:00:00,-2.627404,-1.930148,0.934413,4.326836,10.793078,-,1.91,1.40877,1.85326,3.24,0.62,A,5.8165,3.19,-,253499.0,https://www.ishares.com/de/privatanleger/de/produkte/253499/ishares-usd-government-bond-13-ucits-etf-acc-fund
EMCH,iShares J.P. Morgan $ EM Bond UCITS ETF CHF Hedged (Acc),IE00BGQ0J979,113232757.19,Ireland,2019-05-14,0.5,-,Fixed Income,Government,Global,CHF,Emerging,Currency Hedged,Broad,Hedged,25915998,Yes,iShares II plc,Accumulating,JPM EMBIG DIV CORE,4.369222,2022-08-11,527.782939,Yes,Index,2022-06-30 00:00:00,-,-,-2.171224,5.501789,-22.819791,2022-07-31 00:00:00,-20.776784,-10.098712,-6.685377,-,-4.870368,2022-07-31 00:00:00,-18.9898,-16.394597,-18.745183,-,-14.813716,-,12.9,4.69497,7.67277,6.92,5.9,BB,3.3193,1530.02,-,308797.0,https://www.ishares.com/uk/individual/en/products/308797/ishares-j-p-morgan-em-bond-ucits-etf
IEDI,iShares Evolved U.S. Discretionary Spending ETF,US46431W6637,16175601.76,United States,2018-03-21,0.18,-,Equity,All Cap,North America,USD,Developed,Sectors,United States,-,400000,No,-,Distributing,-,40.439004,2022-08-11,-,No,Active,2022-06-30 00:00:00,-,12.4,11.42,41.75,-21.12,2022-07-31 00:00:00,-12.65,7.92,11.21,-,12.3,2022-07-31 00:00:00,-18.55,-11.24,37.56,-,65.92,1.1551,0,0.3136,-,-,-,AA,8.3077,49.11,-,292414.0,https://www.ishares.com/us/products/292414/ishares-u-s-consumer-focused-etf
CSEMUS,iShares MSCI EMU Small Cap UCITS ETF EUR (Acc),IE00B3VWMM18,571075193.95,Ireland,2009-07-01,0.58,-,Equity,Small Cap,Europe,EUR,Developed,-,Broad,-,2325368,Yes,iShares VII plc,Accumulating,MSCI EMU Small Cap,245.584868,2022-08-11,451.236059,Yes,Index,2022-06-30 00:00:00,8.299648,-2.849304,-5.011952,42.100481,-13.955252,2022-07-31 00:00:00,-11.463035,13.247183,6.780676,4.848424,10.531963,2022-07-31 00:00:00,-14.144458,-10.637542,21.752533,26.709603,270.548998,-,0,0.00156,-,-,-,AA,7.3416,156.7,-,253496.0,https://www.ishares.com/ch/professionals/en/products/253496/ishares-msci-emu-small-cap-ucits-etf
HEAL,iShares Healthcare Innovation UCITS ETF USD (Acc),IE00BYZK4776,1484157925.01,Ireland,2016-09-08,0.4,-,Equity,All Cap,Global,USD,Developed,"Sustainable, Thematic ETFs",Broad,-,187500000,Yes,iShares IV plc,Accumulating,STOXX Global Breakthrough Healthcare Index,7.915508,2022-08-11,3270.8089900901,Yes,Index,2022-06-30 00:00:00,21.417649,-2.477096,19.760061,38.735272,-33.081886,2022-07-31 00:00:00,-26.472484,-3.290394,6.09729,7.318579,7.187816,2022-07-31 00:00:00,-20.985173,-7.318704,19.429848,42.355607,50.55338,-,0,0.23666,-,-,-,A,6.5738,26.89,Screened,284216.0,https://www.ishares.com/uk/individual/en/products/284216/ishares-healthcare-innovation-ucits-etf
DGTL,iShares Digitalisation UCITS ETF USD (Acc),IE00BYZK4883,1194231571.11,Ireland,2016-09-08,0.4,-,Equity,All Cap,Global,USD,Developed,"Sustainable, Thematic ETFs",Broad,-,155500000,Yes,iShares IV plc,Accumulating,STOXX Global Digitalisation Index,7.679945,2022-08-11,2764.9762335405,Yes,Index,2022-06-30 00:00:00,24.43137,5.409307,9.884854,45.37978,-41.048389,2022-07-31 00:00:00,-34.26673,-6.939973,0.830235,5.664367,6.492952,2022-07-31 00:00:00,-28.414308,-19.391796,2.511442,31.717287,44.890973,-,0,0.1569,-,-,-,AA,8.5018,42.55,Screened,284217.0,https://www.ishares.com/ch/professionals/en/products/284217/ishares-digitalisation-ucits-etf
AGED,iShares Ageing Population UCITS ETF USD (Acc),IE00BYZK4669,795081894.18,Ireland,2016-09-08,0.4,-,Equity,All Cap,Global,USD,Developed,"Sustainable, Thematic ETFs",Broad,-,118000000,Yes,iShares IV plc,Accumulating,STOXX Global Ageing Population Index,6.737982,2022-08-11,2412.1275352965,Yes,Index,2022-06-30 00:00:00,6.046333,-1.679919,-4.361697,41.105302,-23.272199,2022-07-31 00:00:00,-16.897403,4.916177,3.046176,2.086354,4.112542,2022-07-31 00:00:00,-14.839639,-8.931564,9.419731,10.876237,26.81504,-,0,0.19223,-,-,-,AA,7.2259,19.1,Screened,284218.0,https://www.ishares.com/uk/individual/en/products/284218/ishares-ageing-population-ucits-etf
RBOT,iShares Automation & Robotics UCITS ETF USD (Acc),IE00BYZK4552,2950596312.18,Ireland,2016-09-08,0.4,-,Equity,All Cap,Global,USD,Developed,"Sustainable, Thematic ETFs",Broad,-,279241614,Yes,iShares IV plc,Accumulating,STOXX Global Automation & Robotics Index,10.566463,2022-08-11,2913.8800022017,Yes,Index,2022-06-30 00:00:00,22.349843,1.358178,13.921785,50.271335,-30.169409,2022-07-31 00:00:00,-23.545077,5.539179,10.052087,9.531976,12.795636,2022-07-31 00:00:00,-29.15606,-17.686889,33.289165,57.653862,103.34526,-,0,0.2678,-,-,-,AA,7.8563,25.32,Screened,284219.0,https://www.ishares.com/uk/individual/en/products/284219/ishares-automation-robotics-ucits-etf
SIZE,iShares MSCI USA Size Factor ETF,US46432F3709,359301319.28,United States,2013-04-16,0.15,-,Equity,Large/Mid Cap,North America,USD,Developed,"Factors, Single Factor, Edge",United States,-,2900000,No,-,Distributing,MSCI USA Low Size Index,123.897007,2022-08-11,17156.160287,No,Index,2022-06-30 00:00:00,10.15,10.65,-2.04,49.77,-13.83,2022-07-31 00:00:00,-7.347305,-,10.854773,10.589558,11.653253,2022-07-31 00:00:00,-12.172804,-6.689065,36.227,65.413371,178.532549,1.9215,0,0.22393,-,-,-,AA,7.8602,212.96,-,251465.0,https://www.ishares.com/us/products/251465/ishares-msci-usa-size-factor-etf
DAXEX,iShares Core DAX® UCITS ETF (DE) EUR (Acc),DE0005933931,5233919496.19,Germany,2000-12-27,0.16,-,Equity,Large Cap,Europe,EUR,Developed,-,Germany,-,45304993,No,BlackRock Asset Management Deutschland AG,Accumulating,DAX®,115.5263,2022-08-11,1216.54,Yes,Index,2022-06-30 00:00:00,-0.691094,0.197031,-1.22201,25.526575,-18.151797,2022-07-31 00:00:00,-13.731672,4.090308,2.878737,1.614001,3.310973,2022-07-31 00:00:00,-15.518184,-13.247728,8.887211,8.334745,102.043773,-,0,0,-,-,0,AA,7.1923,263.93,-,251464.0,https://www.ishares.com/de/privatanleger/de/produkte/251464/ishares-dax-ucits-etf-de-fund
IETC,iShares Evolved U.S. Technology ETF,US46431W6488,119904824.48,United States,2018-03-21,0.18,-,Equity,All Cap,North America,USD,Developed,Sectors,United States,-,2450000,No,-,Distributing,-,48.940745,2022-08-11,-,No,Active,2022-06-30 00:00:00,-,14.27,32.89,44.61,-22.24,2022-07-31 00:00:00,-16.02,8.53,17.33,-,16.86,2022-07-31 00:00:00,-22.42,-15.67,61.54,-,97.39,0.5403,0,0.16787,-,-,-,AA,8.5453,18.76,-,292425.0,https://www.ishares.com/us/products/292425/ishares-u-s-tech-independence-focused-etf
IGLMX,iShares UK Gilts 0-5yr UCITS ETF MXN Hedged (Acc),IE00BMVJSD83,26819644.72,Ireland,2020-07-29,0.09,-,Fixed Income,Government,Europe,MXN,Developed,Currency Hedged,United Kingdom,Hedged,4390,Yes,iShares III plc,Accumulating,FTSE Actuaries UK Conventional Gilts up to 5 Years Index,6109.258478,2022-08-11,2400.52,Yes,Index,2022-06-30 00:00:00,-,-,-,-,2.876086,2022-07-31 00:00:00,3.661826,3.661401,-,-,3.725753,2022-07-31 00:00:00,2.168504,2.517895,-,-,7.60125,-,2.41,1.36765,2.33981,1.96,3.17,A,5.9002,3.86,-,314964.0,https://www.ishares.com/uk/individual/en/products/314964/ishares-uk-gilts-0-5yr-ucits-etf
IBGMX,iShares € Govt Bond 1-3yr UCITS ETF MXN Hedged (Acc),IE00BMVJSF08,16833086.63,Ireland,2020-07-29,0.22,-,Fixed Income,Government,Europe,MXN,Developed,Currency Hedged,Broad,Hedged,2670,Yes,iShares plc,Accumulating,BBG EU Term 1-3 Year Index,6304.526825,2022-08-11,174.4087,Yes,Index,2022-06-30 00:00:00,-,-,-,-,4.605782,2022-07-31 00:00:00,5.243039,5.02595,-,-,5.064796,2022-07-31 00:00:00,2.852242,2.436801,-,-,10.401265,-,1.72,0.05721,1.71366,0.79,1.35,A,5.8798,3.39,-,314967.0,https://www.ishares.com/uk/individual/en/products/314967/ishares-govt-bond-1-3yr-ucits-etf
IAEA,iShares AEX UCITS ETF EUR (Acc),IE00BMTX2B82,15509353.41,Ireland,2020-07-29,0.3,-,Equity,Large Cap,Europe,EUR,Developed,-,Netherlands,-,2324120,Yes,iShares plc,Accumulating,AEX (Euronext) Open Net Return Index,6.673215,2022-08-11,2320.5959976,Yes,Index,2022-06-30 00:00:00,-,-,-,-,-7.768497,2022-07-31 00:00:00,-1.296329,17.729201,-,-,15.757079,2022-07-31 00:00:00,-7.407254,-2.146592,-,-,34.051488,-,0,0.10861,-,-,-,AAA,10,120.89,-,314962.0,https://www.ishares.com/uk/individual/en/products/314962/ishares-aex-ucits-etf
IEGMX,iShares € Govt Bond 0-1yr UCITS ETF MXN Hedged (Acc),IE00BMVJSC76,704912790.81,Ireland,2020-07-29,0.22,-,Fixed Income,Government,Europe,MXN,Developed,Currency Hedged,Broad,Hedged,110858,Yes,iShares III plc,Accumulating,BBG Euro Short Treasury Index,6358.700236,2022-08-11,120.263299,Yes,Index,2022-06-30 00:00:00,-,-,-,-,6.208504,2022-07-31 00:00:00,6.49424,5.436153,-,-,5.466128,2022-07-31 00:00:00,3.894652,3.468393,-,-,11.247485,-,0.5,2.41385,0.4983,0.37,2.79,BBB,5.648,3.39,-,314963.0,https://www.ishares.com/uk/individual/en/products/314963/ishares-govt-bond-0-1yr-ucits-etf
WFNS,iShares MSCI World Financials Sector ESG UCITS ETF USD (Dist),IE00BJ5JP097,9021711.73,Ireland,2021-05-18,0.25,-,Equity,Large/Mid Cap,Global,USD,Developed,Sectors,Broad,-,2000000,Yes,iShares V plc,Distributing,MSCI World Financials ESG Reduced Carbon Select 20 35 Capped Index,4.510855,2022-08-11,1515.417429,Yes,Index,2022-06-30 00:00:00,-,-,-,-,-12.051584,2022-07-31 00:00:00,-7.941752,-,-,-,-8.667671,2022-07-31 00:00:00,-13.2641,-13.773733,-,-,-10.308881,3.265456,0,0.09385,-,-,-,AAA,10,7.49,ESG Broad,308836.0,https://www.ishares.com/uk/individual/en/products/308836/ishares-msci-world-financials-sector-advanced-ucits-etf
SEMI,iShares MSCI Global Semiconductors UCITS ETF USD (Acc),IE000I8KRLL9,279040069.45,Ireland,2021-08-03,0.35,-,Equity,All Cap,Global,USD,Developed,Sectors,Broad,-,63000000,Yes,iShares IV plc,Accumulating,MSCI ACWI IMI Semiconductors & Semiconductor Equipment ESG Screened Capped,4.429207,2022-08-11,3815.614965,Yes,Index,2022-06-30 00:00:00,-,-,-,-,-,2022-07-31 00:00:00,-,-,-,-,-,2022-07-31 00:00:00,-25.936662,-16.37454,-,-,-13.464438,-,0,0.60924,-,-,-,AAA,9.2934,87.62,Screened,319084.0,https://www.ishares.com/uk/individual/en/products/319084/ishares-msci-global-semiconductors-ucits-etf
I500,iShares S&P 500 Swap UCITS ETF USD (Acc),IE00BMTX1Y45,2665068063.3,Ireland,2020-09-24,0.07,-,Equity,Large/Mid Cap,North America,USD,Developed,-,United States,-,399040660,Yes,iShares VI plc,Accumulating,S&P 500 Index,6.678687,2022-08-11,7784.31770872246,Yes,Index,2022-06-30 00:00:00,-,-,-,-,-10.659516,2022-07-31 00:00:00,-4.643833,-,-,-,15.570253,2022-07-31 00:00:00,-12.568646,-7.796411,-,-,30.696879,-,0,2.391,-,-,-,AA,8.3574,183.86,-,314989.0,https://www.ishares.com/uk/individual/en/products/314989/ishares-s-p-500-swap-ucits-etf
CNYB,iShares China CNY Bond UCITS ETF USD (Dist),IE00BYPC1H27,3020115767.98,Ireland,2019-07-24,0.35,-,Fixed Income,Flexible,Asia Pacific,USD,Emerging,-,China,-,563661304,Yes,iShares IV plc,Distributing,BBG China Treasury + Policy Bank Total Return Index in USD,5.358032,2022-08-11,255.164165,Yes,Index,2022-06-30 00:00:00,-,-,-,12.005837,1.292557,2022-07-31 00:00:00,-0.241999,6.151308,4.970473,-,4.935133,2022-07-31 00:00:00,-3.289166,-4.178955,15.664868,-,15.640891,2.905918,7.73,3.09439,5.84103,2.66,-,B,1.8884,6.2,-,308851.0,https://www.ishares.com/uk/individual/en/products/308851/ishares-china-cny-bond-ucits-etf
WITS,iShares MSCI World Information Technology Sector ESG UCITS ETF,IE00BJ5JNY98,244791103.24,Ireland,2019-10-16,0.25,-,Equity,Large/Mid Cap,Global,USD,Developed,Sectors,Broad,-,30000000,Yes,iShares V plc,Distributing,MSCI World Information Technology ESG Reduced Carbon Select 20 35 Capped In,8.159703,2022-08-11,3351.68959,Yes,Index,2022-06-30 00:00:00,-,-,-,42.582032,-20.49172,2022-07-31 00:00:00,-14.218317,9.386839,-,-,18.708824,2022-07-31 00:00:00,-22.587965,-15.407008,-,-,61.333598,0.626248,0,0.53126,-,-,-,AAA,10,15.66,ESG Broad,308858.0,https://www.ishares.com/uk/individual/en/products/308858/ishares-msci-world-information-technology-sector-advanced-ucits-etf
WSML,iShares MSCI World Small Cap UCITS ETF USD (Acc),IE00BF4RFH31,2398778316.4,Ireland,2018-03-27,0.35,-,Equity,Small Cap,Global,USD,Developed,-,Broad,-,370500000,Yes,iShares III plc,Accumulating,MSCI World Small Cap Index,6.474435,2022-08-11,607.75625,Yes,Index,2022-06-30 00:00:00,-,-2.592024,-5.464231,52.633667,-21.742084,2022-07-31 00:00:00,-14.102627,11.961487,6.969985,-,5.169502,2022-07-31 00:00:00,-15.396263,-8.542525,22.401236,-,24.462434,-,0,0.1095,-,-,-,A,6.1896,169.99,-,296576.0,https://www.ishares.com/uk/individual/en/products/296576/ishares-msci-world-small-cap-ucits-etf
IDNA,iShares Genomics Immunology and Healthcare ETF,US46435U1925,217241507.12,United States,2019-06-11,0.47,-,Equity,All Cap,Global,USD,Developed,-,Broad,-,6550000,No,BlackRock Fund Advisors,Distributing,NYSE FactSet Global Genomics and Immuno Biopharma Index,33.166642,2022-08-11,2857.73439810941,No,Index,2022-06-30 00:00:00,-,-,40.96,37.52,-43.66,2022-07-31 00:00:00,-36.11,-7.3,5.44,-,9.33,2022-07-31 00:00:00,-27.44,-12.58,17.23,-,32.33,0.8807,0,0.07773,-,-,-,A,5.935,25.01,-,308878.0,https://www.ishares.com/us/products/308878/ishares-genomics-immunology-and-healthcare-etf
WCDS,iShares MSCI World Consumer Discretionary Sector UCITS ETF USD (Dist),IE00BJ5JP212,20286005.62,Ireland,2019-10-16,0.25,-,Equity,Large/Mid Cap,Global,USD,Developed,Sectors,Broad,-,3000000,Yes,iShares V plc,Distributing,MSCI World Consumer Discretionary Index,6.762001,2022-08-11,479.991132,Yes,Index,2022-06-30 00:00:00,-,-,-,48.401381,-27.12801,2022-07-31 00:00:00,-16.130751,7.895458,-,-,10.536451,2022-07-31 00:00:00,-21.323708,-14.073458,-,-,32.230625,0.79858,0,0.40414,-,-,-,AA,7.5341,36.83,-,308873.0,https://www.ishares.com/uk/individual/en/products/308873/ishares-msci-world-consumer-discretionary-sector-advanced-ucits-etf
IDVA,iShares EURO STOXX Select Dividend 30 UCITS ETF (DE) EUR (Acc),DE000A2QP380,701704.6,Germany,2021-12-03,0.31,-,Equity,All Cap,Europe,EUR,Developed,Equity Income,Broad,-,155410,No,BlackRock Asset Management Deutschland AG,Accumulating,STOXX Eurozone Select Div 30,4.5152,2022-08-11,4051.5922808865,Yes,Index,2022-06-30 00:00:00,-,-,-,-,-,2022-07-31 00:00:00,-,-,-,-,-,2022-07-31 00:00:00,-14.697078,-15.193349,-,-,-11.162735,-,0,0,-,-,0,-,-,-,-,325271.0,https://www.ishares.com/de/privatanleger/de/produkte/325271/ishares-euro-stoxx-select-dividend-30-ucits-etf-de
IESZ,iShares Edge MSCI Europe Size Factor UCITS ETF EUR (Acc),IE00BQN1KC32,19250135.2,Ireland,2015-01-16,0.25,-,Equity,Large/Mid Cap,Europe,EUR,Developed,Smart Beta,Broad,-,2500000,Yes,iShares IV plc,Accumulating,MSCI Europe Mid-Cap Equal weighted Index,7.700054,2022-08-11,3671.601248,Yes,Index,2022-06-30 00:00:00,4.884259,-0.428091,-6.069257,35.450057,-15.455135,2022-07-31 00:00:00,-10.943109,11.719964,5.386776,3.991546,5.608477,2022-07-31 00:00:00,-13.05942,-8.078897,17.046479,21.615849,50.890696,-,0,-0.04427,-,-,-,AAA,9.3304,109.35,-,272016.0,https://www.ishares.com/de/privatanleger/de/produkte/272016/ishares-msci-europe-size-factor-ucits-etf
IEMO,iShares Edge MSCI Europe Momentum Factor UCITS ETF EUR (Acc),IE00BQN1K786,368621698.69,Ireland,2015-01-16,0.25,-,Equity,Large/Mid Cap,Europe,EUR,Developed,Smart Beta,Broad,-,43241129,Yes,iShares IV plc,Accumulating,MSCI Europe Momentum Index,8.524793,2022-08-11,4300.867511,Yes,Index,2022-06-30 00:00:00,6.356,4.847961,8.312398,23.905077,-9.045658,2022-07-31 00:00:00,-8.198846,7.817586,8.415015,7.278023,7.31021,2022-07-31 00:00:00,-13.382764,-6.769546,27.429006,42.086827,70.215632,-,0,0.06971,-,-,-,AAA,9.3043,153.26,-,272019.0,https://www.ishares.com/ch/professionals/en/products/272019/ishares-msci-europe-momentum-factor-ucits-etf
IEQU,iShares Edge MSCI Europe Quality Factor UCITS ETF EUR (Acc),IE00BQN1K562,276168037.6,Ireland,2015-01-16,0.25,-,Equity,Large/Mid Cap,Europe,EUR,Developed,Smart Beta,Broad,-,31500480,Yes,iShares IV plc,Accumulating,MSCI Europe Sector Neutral Quality Index,8.767105,2022-08-11,1857.683518,Yes,Index,2022-06-30 00:00:00,3.63369,9.902705,0.249795,29.322532,-8.459348,2022-07-31 00:00:00,-2.691047,14.467134,9.276227,8.419732,7.677099,2022-07-31 00:00:00,-8.124851,-2.113014,30.489955,49.810289,74.652317,-,0,0.17383,-,-,-,AAA,9.465,74.7,-,272024.0,https://www.ishares.com/ch/professionals/en/products/272024/ishares-msci-europe-quality-factor-ucits-etf
SHIR,iShares Global Aggregate Bond ESG UCITS ETF CHF Hedged (Acc),IE000Z8F16G5,30795736.06,Ireland,2021-12-03,0.1,-,Fixed Income,Credit,Global,CHF,Developed,"Currency Hedged, Sustainable",Broad,Hedged,6802264,Yes,iShares III plc,Accumulating,Bloomberg MSCI Global Aggregate Sustainable and Green Bond SRI Index,4.527277,2022-08-11,105.463968,Yes,Index,2022-06-30 00:00:00,-,-,-,-,-,2022-07-31 00:00:00,-,-,-,-,-,2022-07-31 00:00:00,-8.125487,-6.500912,-,-,-8.915796,-,8.69,1.85883,6.99904,2.7,-,-,-,-,ESG Broad,325272.0,https://www.ishares.com/de/privatanleger/de/produkte/325272/ishares-global-aggregate-bond-esg-sri-ucits-etf
EXA1,iShares EURO STOXX Banks 30-15 UCITS ETF (DE) EUR (Acc),DE000A2QP372,967929.16,Germany,2021-12-03,0.51,-,Equity,All Cap,Europe,EUR,Developed,-,Broad,-,210494,No,BlackRock Asset Management Deutschland AG,Accumulating,EURO STOXX Banks 30-15 Net TR in EUR,4.5984,2022-08-11,49.8097812433,Yes,Index,2022-06-30 00:00:00,-,-,-,-,-,2022-07-31 00:00:00,-,-,-,-,-,2022-07-31 00:00:00,-16.718037,-21.370577,-,-,-11.856386,-,0,0,-,-,0,AAA,10,3.13,-,325273.0,https://www.ishares.com/de/privatanleger/de/produkte/325273/ishares-euro-stoxx-banks-30-15-ucits-etf-de
WCSS,iShares MSCI World Consumer Staples Sector UCITS ETF USD (Dist),IE00BJ5JP329,90775545.16,Ireland,2019-10-17,0.25,-,Equity,Large/Mid Cap,Global,USD,Developed,Sectors,Broad,-,16020000,Yes,iShares V plc,Distributing,MSCI World Consumer Staples (NET),5.666388,2022-08-11,438.525465,Yes,Index,2022-06-30 00:00:00,-,-,-,20.490555,-2.987185,2022-07-31 00:00:00,-0.462549,7.142598,-,-,6.212353,2022-07-31 00:00:00,-6.23407,-3.290989,-,-,18.284146,2.015393,0,0.24809,-,-,-,AAA,8.8869,47.57,-,308902.0,https://www.ishares.com/uk/individual/en/products/308902/ishares-msci-world-consumer-staples-sector-advanced-ucits-etf
WHCS,iShares MSCI World Health Care Sector ESG UCITS ETF USD (Dist),IE00BJ5JNZ06,586260262.65,Ireland,2019-10-17,0.25,-,Equity,Large/Mid Cap,Global,USD,Developed,Sectors,Broad,-,85930334,Yes,iShares V plc,Distributing,MSCI World Health Care ESG Reduced Carbon Select 20 35 Capped Index,6.822506,2022-08-11,1767.909225,Yes,Index,2022-06-30 00:00:00,-,-,-,22.883879,-3.084289,2022-07-31 00:00:00,-2.783425,9.100671,-,-,12.925823,2022-07-31 00:00:00,-7.458639,-0.064624,-,-,40.309765,1.147672,0,-3.35025,-,-,-,AAA,8.6447,13.02,ESG Broad,308909.0,https://www.ishares.com/uk/individual/en/products/308909/ishares-msci-world-health-care-sector-advanced-ucits-etf
IAPD,iShares Asia Pacific Dividend UCITS ETF USD (Dist),IE00B14X4T88,351972161.76,Ireland,2006-06-02,0.59,-,Equity,All Cap,Asia Pacific,USD,Developed,Equity Income,Broad,-,15984897,Yes,iShares plc,Distributing,Dow Jones Asia/Pacific Select Dividend 50 Index,22.019044,2022-08-11,749.819430817105,Yes,Index,2022-06-30 00:00:00,-2.032962,3.936066,-20.903514,27.552614,-12.77398,2022-07-31 00:00:00,-6.790263,8.998672,-2.285167,-1.735131,4.225754,2022-07-31 00:00:00,-3.24684,-5.651029,-6.700034,-8.379766,95.207598,6.280472,0,0.06591,-,-,-,AA,8.3175,326.14,-,251567.0,https://www.ishares.com/uk/individual/en/products/251567/ishares-asia-pacific-dividend-ucits-etf
WENS,iShares MSCI World Energy Sector UCITS ETF USD (Dist),IE00BJ5JP105,277309088.39,Ireland,2019-10-17,0.25,-,Equity,Large/Mid Cap,Global,USD,Developed,Sectors,Broad,-,44517774,Yes,iShares V plc,Distributing,MSCI World Energy Net index in USD,6.229176,2022-08-11,407.9286,Yes,Index,2022-06-30 00:00:00,-,-,-,41.555626,31.60937,2022-07-31 00:00:00,49.971362,43.830943,-,-,12.435926,2022-07-31 00:00:00,32.690719,14.900544,-,-,38.62044,3.185012,0,0.4593,-,-,-,AAA,9.4901,629.89,-,308904.0,https://www.ishares.com/uk/individual/en/products/308904/ishares-msci-world-energy-sector-ucits-etf
IBCX,iShares € Corp Bond Large Cap UCITS ETF EUR (Dist),IE0032523478,2451557487.72,Ireland,2003-03-17,0.2,-,Fixed Income,Credit,Europe,EUR,Developed,-,Broad,-,19373692,Yes,iShares plc,Distributing,Markit iBoxx EUR Liquid Corporates Large Cap Index,126.540542,2022-08-11,112.859624305354,Yes,Index,2022-06-30 00:00:00,0.874343,4.730839,-0.389857,2.787928,-12.908999,2022-07-31 00:00:00,-9.692026,-3.820156,-2.659673,-0.368007,3.141671,2022-07-31 00:00:00,-7.933323,-6.587334,-7.768685,-1.826543,82.059042,0.757149,5.69,1.33151,5.1873,2.23,3.09,AAA,9.2478,130.13,-,251565.0,https://www.ishares.com/uk/individual/en/products/251565/ishares-euro-corporate-bond-large-cap-ucits-etf
EPAD,iShares MSCI Europe Paris-Aligned Climate UCITS ETF EUR (Dist),IE000HH3SU50,6559230.7,Ireland,2021-07-27,0.15,-,Equity,Large/Mid Cap,Europe,EUR,Developed,Sustainable,Broad,-,1364847,Yes,iShares II plc,Distributing,MSCI EUROPE CLIMATE PARIS ALIGNED BENCHMARK SELECT INDEX,4.805835,2022-08-11,1885.486439,Yes,Index,2022-06-30 00:00:00,-,-,-,-,-,2022-07-31 00:00:00,-2.833683,-,-,-,-2.084789,2022-07-31 00:00:00,-9.026474,-3.521076,-,-,-2.101978,1.589734,0,0.04137,-,-,-,-,-,-,ESG Thematic,319156.0,https://www.ishares.com/uk/individual/en/products/319156/ishares-msci-europe-paris-aligned-climate-ucits-etf
MPAB,iShares MSCI EMU Paris-Aligned Climate UCITS ETF EUR (Dist),IE000FOSCLU1,519471.49,Ireland,2021-07-27,0.15,-,Equity,Large/Mid Cap,Europe,EUR,Developed,Sustainable,Broad,-,114970,Yes,iShares VII plc,Distributing,MSCI EMU CLIMATE PARIS ALIGNED BENCHMARK SELECT INDEX,4.518322,2022-08-11,1795.916508,Yes,Index,2022-06-30 00:00:00,-,-,-,-,-,2022-07-31 00:00:00,-8.428442,-,-,-,-7.754349,2022-07-31 00:00:00,-12.606189,-7.466768,-,-,-7.816375,2.505355,0,0.00204,-,-,-,AAA,9.7627,77.38,ESG Thematic,319158.0,https://www.ishares.com/uk/individual/en/products/319158/ishares-msci-emu-paris-aligned-climate-ucits-etf
IBDW,iShares® iBonds® Dec 2031 Term Corporate ETF,US46436E4860,93511654.79,United States,2021-06-22,0.1,-,Fixed Income,Credit,North America,USD,Developed,iBonds,United States,-,4400000,No,-,Distributing,Bloomberg December 2031 Maturity Corporate Index,21.252649,2022-08-11,87.933479,No,Index,2022-06-30 00:00:00,-,-,-,-,-15.56,2022-07-31 00:00:00,-13.73,-,-,-,-10.6,2022-07-31 00:00:00,-12.12,-9.2,-,-,-11.69,3.3926,8.73,2.74464,7.5261,4.54,-,AA,8.2531,353.36,-,319154.0,https://www.ishares.com/us/products/319154/ishares-ibonds-dec-2031-term-corporate-etf
SUA0,iShares € Corp Bond ESG UCITS ETF EUR (Acc),IE000L2TO2T2,52439635.02,Ireland,2022-04-27,0.15,-,Fixed Income,Credit,Europe,EUR,Developed,Sustainable,Broad,-,10642592,Yes,iShares II plc,Accumulating,BBG MSCI Euro Corporate Sustainable SRI Index,4.927336,2022-08-11,155.295771,Yes,Index,-,-,-,-,-,-,2022-07-31 00:00:00,-,-,-,-,-,2022-07-31 00:00:00,-,-,-,-,-,-,5.19,1.36794,4.76802,2.37,-,AAA,10,87.53,ESG Broad,327356.0,https://www.ishares.com/uk/individual/en/products/327356/ishares-corp-bond-esg-sri-ucits-etf
UPAD,iShares S&P 500 Paris-Aligned Climate UCITS ETF USD (Dist),IE000G4PH2B1,4587465.51,Ireland,2022-04-27,0.07,-,Equity,Large Cap,North America,USD,Developed,Sustainable,United States,-,902000,Yes,iShares VII plc,Distributing,S&P 500 Paris-Aligned Climate Sustainability Screened Index NET,5.085881,2022-08-11,2200.13526099293,Yes,Index,-,-,-,-,-,-,2022-07-31 00:00:00,-,-,-,-,-,2022-07-31 00:00:00,-,-,-,-,-,0.294934,0,0.6345,-,-,-,AAA,8.5997,36.14,ESG Thematic,327358.0,https://www.ishares.com/uk/individual/en/products/327358/ishares-s-p-500-paris-aligned-climate-ucits-etf
IU0E,iShares $ Corp Bond 0-3yr ESG UCITS ETF EUR Hedged (Acc),IE00BG5QQ390,159844262.63,Ireland,2019-01-09,0.14,-,Fixed Income,Credit,Global,EUR,Developed,"Currency Hedged, Sustainable",Broad,Hedged,32275443,Yes,iShares II plc,Accumulating,Bloomberg MSCI US Corporate 0-3 Sustainable SRI Index,4.952504,2022-08-11,117.602825,Yes,Index,2022-06-30 00:00:00,-,-,1.69264,0.020246,-4.037805,2022-07-31 00:00:00,-3.602694,-1.896982,-0.580526,-,-0.192241,2022-07-31 00:00:00,-2.83013,-2.176428,-1.731488,-,-0.682376,-,1.78,2.78587,1.50074,3.81,-,AAA,10,62.58,ESG Broad,306873.0,https://www.ishares.com/uk/individual/en/products/306873/ishares-corp-bond-0-3yr-esg-sri-ucits-etf
IE1A,iShares € Corp Bond 1-5yr UCITS ETF EUR (Acc),IE000F6G1DE0,20811398.28,Ireland,2022-04-27,0.2,-,Fixed Income,Credit,Europe,EUR,Developed,-,Broad,-,4198377,Yes,iShares III plc,Accumulating,BBG Euro Corp 1-5 Yrs,4.95701,2022-08-11,148.236638,Yes,Index,2022-06-30 00:00:00,-,-,-,-,-,2022-07-31 00:00:00,-,-,-,-,-,2022-07-31 00:00:00,-,-,-,-,-0.479894,-,3.08,1.40785,2.89605,2.23,3.42,AAA,9.3752,116.72,-,327353.0,https://www.ishares.com/uk/individual/en/products/327353/ishares-corp-bond-1-5yr-ucits-etf
IEVL,iShares Edge MSCI Europe Value Factor UCITS ETF EUR (Acc),IE00BQN1K901,2707756779.44,Ireland,2015-01-16,0.25,-,Equity,Large/Mid Cap,Europe,EUR,Developed,Smart Beta,Broad,-,385145672,Yes,iShares IV plc,Accumulating,MSCI Europe Enhanced Value Index,7.030474,2022-08-11,1372.790906,Yes,Index,2022-06-30 00:00:00,2.761204,-2.44333,-10.597574,32.452663,-1.756074,2022-07-31 00:00:00,2.329482,19.628881,6.796996,4.029358,4.266801,2022-07-31 00:00:00,-4.759662,-7.180825,21.808363,21.83711,37.025389,-,0,0.05201,-,-,-,AAA,8.6255,171.64,-,272058.0,https://www.ishares.com/uk/individual/en/products/272058/ishares-msci-europe-value-factor-ucits-etf
ERNX,iShares € Ultrashort Bond UCITS ETF EUR (Acc),IE000RHYOR04,19281912.84,Ireland,2022-04-27,0.09,-,Fixed Income,Credit,Europe,EUR,Developed,-,Broad,-,3865807,Yes,iShares IV plc,Accumulating,Markit iBoxx EUR Liquid Investment Grade Ultrashort Index,4.98781,2022-08-11,100.406485076463,Yes,Index,2022-06-30 00:00:00,-,-,-,-,-,2022-07-31 00:00:00,-,-,-,-,-,2022-07-31 00:00:00,-,-,-,-,-0.247521,-,0.62,1.27229,0.4132,1.05,2.47,AAA,9.4279,110.35,-,327355.0,https://www.ishares.com/uk/individual/en/products/327355/ishares-ultrashort-bond-ucits-etf
ESML,iShares ESG Aware MSCI USA Small-Cap ETF,US46435U6635,1551471994.21,United States,2018-04-10,0.17,-,Equity,All Cap,North America,USD,Developed,Sustainable,United States,-,43050000,No,BlackRock Fund Advisors,Distributing,MSCI USA Small Cap Extended ESG Focus Index,36.038838,2022-08-11,2241.121727,No,Index,2022-06-30 00:00:00,-,0.95,-6.04,63.04,-21.14,2022-07-31 00:00:00,-11.123557,-,9.616307,-,8.725598,2022-07-31 00:00:00,-13.293769,-6.09729,31.712046,-,43.408585,1.4388,0,-0.33674,-,-,-,AA,7.8806,107.43,ESG Broad,296644.0,https://www.ishares.com/us/products/296644/ishares-esg-aware-msci-usa-small-cap-etf
IUVD,iShares Edge MSCI USA Value Factor UCITS ETF USD (Dist),IE00BFF5RX68,274581498.09,Ireland,2018-02-21,0.2,-,Equity,Large/Mid Cap,North America,USD,Developed,Smart Beta,United States,-,46953310,Yes,iShares IV plc,Distributing,MSCI USA Enhanced Value Index,5.847968,2022-08-11,1820.237015,Yes,Index,2022-06-30 00:00:00,-,0.59443,-8.614748,47.900118,-11.85071,2022-07-31 00:00:00,-5.89699,16.96683,7.464018,-,5.417995,2022-07-31 00:00:00,-11.478818,-9.693954,24.104983,-,26.390965,2.308494,0,-0.24231,-,-,-,AA,8.178,128.78,-,294604.0,https://www.ishares.com/uk/individual/en/products/294604/ishares-edge-msci-usa-value-factor-ucits-etf
IUMD,iShares Edge MSCI USA Momentum Factor UCITS ETF USD (Dist),IE00BFF5RZ82,2790950.87,Ireland,2018-02-21,0.2,-,Equity,Large/Mid Cap,North America,USD,Developed,Smart Beta,United States,-,422069,Yes,iShares IV plc,Distributing,MSCI USA Momentum Index,6.612546,2022-08-11,3427.001181,Yes,Index,2022-06-30 00:00:00,-,9.588078,11.855987,31.68087,-20.311267,2022-07-31 00:00:00,-16.965228,1.634316,6.63241,-,6.932144,2022-07-31 00:00:00,-20.280592,-12.335738,21.246071,-,34.625568,-,0,0.39617,-,-,-,AAA,8.9276,268.29,-,294607.0,https://www.ishares.com/uk/individual/en/products/294607/ishares-edge-msci-usa-momentum-factor-ucits-etf
IUQD,iShares Edge MSCI USA Quality Factor UCITS ETF USD (Dist),IE00BF2QSQ20,1148394111.22,Ireland,2018-02-21,0.2,-,Equity,Large/Mid Cap,North America,USD,Developed,Smart Beta,United States,-,774351,Yes,iShares IV plc,Distributing,MSCI USA Sector Neutral Quality Index,1483.04078,2022-08-11,5482.779461,Yes,Index,2022-06-30 00:00:00,-,11.30967,6.341492,40.148697,-15.024807,2022-07-31 00:00:00,-10.299433,11.355838,10.901525,-,10.324233,2022-07-31 00:00:00,-15.758848,-9.524814,36.399431,-,54.671913,1.03952,0,0.44571,-,-,-,AAA,8.8163,115.77,-,294600.0,https://www.ishares.com/uk/individual/en/products/294600/ishares-edge-msci-usa-quality-factor-ucits-etf
IFSD,iShares Edge MSCI Europe Multifactor UCITS ETF EUR (Dist),IE00BG13YL86,2855557.19,Ireland,2018-02-23,0.45,-,Equity,Large/Mid Cap,Europe,EUR,Developed,Smart Beta,Broad,-,522828,Yes,iShares IV plc,Distributing,MSCI Europe Diversified Multiple-Factor Index,5.461752,2022-08-11,1686.676083,Yes,Index,2022-06-30 00:00:00,-,-0.11308,-4.986284,34.25945,-10.264533,2022-07-31 00:00:00,-6.720841,13.101747,6.917236,-,5.022146,2022-07-31 00:00:00,-11.038812,-6.986523,22.220251,-,24.280897,3.451274,0,0.08867,-,-,-,AAA,8.6932,103.67,-,294602.0,https://www.ishares.com/uk/individual/en/products/294602/ishares-stoxx-europe-equity-multifactor-ucits-etf
BRIC,iShares BRIC 50 UCITS ETF USD (Dist),IE00B1W57M07,136258064.29,Ireland,2007-04-20,0.74,-,Equity,Large Cap,Global,USD,Emerging,-,Broad,-,6393628,Yes,iShares II plc,Distributing,FTSE BRIC 50,21.31154,2022-08-11,1300.32091753,Yes,Index,2022-06-30 00:00:00,18.766049,6.605838,3.44092,26.524166,-39.794848,2022-07-31 00:00:00,-36.343725,-19.247304,-10.146926,-3.288938,0.562503,2022-07-31 00:00:00,-27.100592,-26.417088,-27.456447,-15.397973,8.947638,2.912507,0,0.14776,-,-,-,A,6.4385,76.06,-,251603.0,https://www.ishares.com/uk/individual/en/products/251603/ishares-bric-50-ucits-etf
SPMD,iShares Edge S&P 500 Minimum Volatility UCITS ETF USD (Dist),IE00BD93YH54,72688421.85,Ireland,2018-02-21,0.2,-,Equity,Large Cap,North America,USD,Developed,Smart Beta,United States,-,9897173,Yes,iShares VI plc,Distributing,S&P 500 Minimum Volatility Index,7.344362,2022-08-11,25009.8774525376,Yes,Index,2022-06-30 00:00:00,-,12.485956,3.20542,27.243123,-2.444307,2022-07-31 00:00:00,0.251654,11.916946,10.043028,-,10.4069,2022-07-31 00:00:00,-8.234251,-3.390146,33.256252,-,55.229714,1.239046,0,0.58189,-,-,-,AA,8.5078,266.89,-,294608.0,https://www.ishares.com/uk/individual/en/products/294608/ishares-edge-s-p-500-minimum-volatility-ucits-etf
HYDB,iShares High Yield Bond Factor ETF,US46435G2509,118107628.07,United States,2017-07-11,0.35,-,Fixed Income,High Yield,North America,USD,Developed,"Factors, Edge, Smart Beta, Income",United States,-,2550000,No,-,Distributing,BlackRock High Yield Defensive Bond Index,46.316717,2022-08-11,1254.453349764,No,Index,2022-06-30 00:00:00,-,7.74,0.24,16.62,-12.26,2022-07-31 00:00:00,-7.14,1.7,2.47,3.58,3.87,2022-07-31 00:00:00,-8.3,-5.94,7.59,19.22,21.15,6.024,4.99,6.09102,3.69176,7.15,-,BBB,5.1336,438.74,-,288478.0,https://www.ishares.com/us/products/288478/ishares-high-yield-systematic-bond-etf
MTUM,iShares MSCI USA Momentum Factor ETF,US46432F3964,10002588796.47,United States,2013-04-16,0.15,-,Equity,Large/Mid Cap,North America,USD,Developed,"Factors, Single Factor, Edge",United States,-,69650000,No,-,Distributing,MSCI USA Momentum SR Variant Index,143.612187,2022-08-11,5683.561339,Yes,Index,2022-06-30 00:00:00,24.72,9.75,12.19,32.9,-20.69,2022-07-31 00:00:00,-17.349462,-,6.89806,10.486945,12.921019,2022-07-31 00:00:00,-20.801418,-12.912667,22.154499,64.647383,209.345674,1.2969,0,-0.13357,-,-,-,AAA,8.9252,268.51,-,251614.0,https://www.ishares.com/us/products/251614/ishares-msci-usa-momentum-factor-etf
IWQU,iShares Edge MSCI World Quality Factor UCITS ETF USD (Acc),IE00BP3QZ601,2241992081.57,Ireland,2014-10-03,0.3,-,Equity,Large/Mid Cap,Global,USD,Developed,Smart Beta,Broad,-,45200000,Yes,iShares IV plc,Accumulating,MSCI World Sector Neutral Quality Index,49.601594,2022-08-11,1989.871607,Yes,Index,2022-06-30 00:00:00,12.008955,9.132214,4.169414,37.940186,-15.770784,2022-07-31 00:00:00,-11.864851,9.722499,9.110668,9.449226,8.939174,2022-07-31 00:00:00,-16.104631,-9.948687,29.897756,57.059232,95.278999,-,0,0.55365,-,-,-,AAA,8.7015,108.52,-,270054.0,https://www.ishares.com/uk/individual/en/products/270054/ishares-msci-world-quality-factor-ucits-etf
VLUE,iShares MSCI USA Value Factor ETF,US46432F3881,9169614728.86,United States,2013-04-16,0.15,-,Equity,Large/Mid Cap,North America,USD,Developed,"Factors, Single Factor, Edge",United States,-,94050000,No,-,Distributing,MSCI USA Enhanced Value Index,97.497233,2022-08-11,1942.952662,No,Index,2022-06-30 00:00:00,14.82,1,-8.18,48.64,-11.46,2022-07-31 00:00:00,-5.484681,-,7.979096,7.808815,9.76091,2022-07-31 00:00:00,-11.236204,-9.490908,25.898066,45.636879,137.621949,3.58,0,0.24723,-,-,-,AA,8.1809,128.59,-,251616.0,https://www.ishares.com/us/products/251616/ishares-msci-usa-value-factor-etf
UFSD,iShares Edge MSCI USA Multifactor UCITS ETF USD (Dist),IE00BG13YZ23,1556827.57,Ireland,2018-02-21,0.35,-,Equity,Large/Mid Cap,North America,USD,Developed,Smart Beta,United States,-,237863,Yes,iShares IV plc,Distributing,MSCI USA Diversified Multiple-Factor Index,6.545059,2022-08-11,1916.894458,Yes,Index,2022-06-30 00:00:00,-,2.073891,-0.479167,38.83194,-12.364612,2022-07-31 00:00:00,-5.764879,12.809427,9.460145,-,7.265318,2022-07-31 00:00:00,-12.067889,-6.563806,31.149929,-,36.549514,1.089371,0,0.80646,-,-,-,AA,8.3897,128.9,-,294631.0,https://www.ishares.com/uk/individual/en/products/294631/ishares-stoxx-usa-equity-multifactor-ucits-etf
IWVL,iShares Edge MSCI World Value Factor UCITS ETF USD (Acc),IE00BP3QZB59,4319031532.68,Ireland,2014-10-03,0.3,-,Equity,Large/Mid Cap,Global,USD,Developed,Smart Beta,Broad,-,125613099,Yes,iShares IV plc,Accumulating,MSCI World Enhanced Value index,34.383607,2022-08-11,1349.181197,Yes,Index,2022-06-30 00:00:00,9.655752,-2.978522,-11.029963,37.548715,-10.703249,2022-07-31 00:00:00,-7.511103,13.556613,4.133681,3.05982,4.003996,2022-07-31 00:00:00,-10.777446,-10.714139,12.920724,16.264437,35.917182,-,0,0.17784,-,-,-,AAA,8.8775,134.23,-,270048.0,https://www.ishares.com/uk/individual/en/products/270048/ishares-msci-world-value-factor-ucits-etf
IWMO,iShares Edge MSCI World Momentum Factor UCITS ETF USD (Acc),IE00BP3QZ825,1598821205.6,Ireland,2014-10-03,0.3,-,Equity,Large/Mid Cap,Global,USD,Developed,Smart Beta,Broad,-,29400000,Yes,iShares IV plc,Accumulating,MSCI World Momentum Index,54.381673,2022-08-11,3165.479826,Yes,Index,2022-06-30 00:00:00,21.815346,9.035203,11.078263,31.5416,-17.703574,2022-07-31 00:00:00,-15.485119,2.93541,7.51745,10.087612,10.335377,2022-07-31 00:00:00,-19.475993,-12.719125,24.290193,61.693386,115.718415,-,0,0.14064,-,-,-,AAA,9.4041,237.04,-,270051.0,https://www.ishares.com/uk/individual/en/products/270051/ishares-msci-world-momentum-factor-ucits-etf
SUSC,iShares ESG Aware USD Corporate Bond ETF,US46435G1931,989463161.93,United States,2017-07-11,0.18,-,Fixed Income,Credit,North America,USD,Developed,"Sustainable, Income",United States,-,42000000,No,-,Distributing,Bloomberg Barclays MSCI US Corporate ESG Focus Index,23.558647,2022-08-11,128.292602,No,Index,2022-06-30 00:00:00,-,10.64,9.6,3.06,-14.52,2022-07-31 00:00:00,-12.96,-6.15,-0.31,1.6,1.75,2022-07-31 00:00:00,-11.73,-8.76,-0.93,8.26,9.17,2.766,11.57,3.86363,7.61644,4.48,-,AAA,9.4895,162,ESG Broad,288488.0,https://www.ishares.com/us/products/288488/ishares-esg-aware-usd-corporate-bond-etf
IWVU,iShares Edge MSCI World Value Factor UCITS ETF USD (Dist),IE00BFYTYS33,230541471.05,Ireland,2018-02-23,0.3,-,Equity,Large/Mid Cap,Global,USD,Developed,Smart Beta,Broad,-,48771204,Yes,iShares IV plc,Distributing,MSCI World Enhanced Value index,4.726999,2022-08-11,1349.181197,Yes,Index,2022-06-30 00:00:00,-,-2.978208,-11.030665,37.550242,-10.703483,2022-07-31 00:00:00,-7.511358,13.55717,4.133736,-,0.820743,2022-07-31 00:00:00,-10.77785,-10.714416,12.920905,-,3.692592,3.247303,0,0.17784,-,-,-,AAA,8.8775,134.23,-,294632.0,https://www.ishares.com/uk/individual/en/products/294632/ishares-edge-msci-world-value-factor-ucits-etf
IWSZ,iShares Edge MSCI World Size Factor UCITS ETF USD (Acc),IE00BP3QZD73,391125244.7,Ireland,2014-10-03,0.3,-,Equity,Large/Mid Cap,Global,USD,Developed,Smart Beta,Broad,-,9900000,Yes,iShares IV plc,Accumulating,MSCI World Mid-Cap Equally Weighted Index,39.5076,2022-08-11,6609.619909,Yes,Index,2022-06-30 00:00:00,9.867912,-0.425229,-6.325611,40.840273,-19.747623,2022-07-31 00:00:00,-14.460401,8.446537,4.464356,3.940019,5.635049,2022-07-31 00:00:00,-15.398774,-9.756379,13.999881,21.314848,53.496858,-,0,0.12363,-,-,-,AA,8.1538,198.15,-,270057.0,https://www.ishares.com/uk/individual/en/products/270057/ishares-msci-world-size-factor-ucits-etf
SUSB,iShares ESG Aware 1-5 Year USD Corporate Bond ETF,US46435G2434,932281830.3,United States,2017-07-11,0.12,-,Fixed Income,Credit,North America,USD,Developed,"Sustainable, Income",United States,-,38500000,No,-,Distributing,Bloomberg Barclays MSCI US Corporate 1-5 Year ESG Focus Index,24.215112,2022-08-11,119.942673,No,Index,2022-06-30 00:00:00,-,6.26,5.23,1.92,-6.27,2022-07-31 00:00:00,-5.28,-1.95,0.62,1.5,1.56,2022-07-31 00:00:00,-4.28,-3.11,1.87,7.7,8.13,1.7105,3.13,3.07847,2.74117,4.07,-,AAA,10,108.2,ESG Broad,288490.0,https://www.ishares.com/us/products/288490/ishares-esg-aware-1-5-year-usd-corporate-bond-etf
IEMD,iShares Edge MSCI Europe Momentum Factor UCITS ETF EUR (Dist),IE00BG13YJ64,3407719.75,Ireland,2018-02-23,0.25,-,Equity,Large/Mid Cap,Europe,EUR,Developed,Smart Beta,Broad,-,548525,Yes,iShares IV plc,Distributing,MSCI Europe Momentum Index,6.212514,2022-08-11,5706.65351,Yes,Index,2022-06-30 00:00:00,-,4.843639,8.299722,23.900362,-9.048753,2022-07-31 00:00:00,-8.201909,7.814668,8.408511,-,7.45504,2022-07-31 00:00:00,-13.383305,-6.77014,27.406076,-,37.598043,2.97947,0,0.06971,-,-,-,AAA,9.3043,153.26,-,294634.0,https://www.ishares.com/uk/individual/en/products/294634/ishares-edge-msci-europe-momentum-factor-ucits-etf
FLOT,iShares $ Floating Rate Bond UCITS ETF USD (Dist),IE00BZ048462,849170369.14,Ireland,2017-07-10,0.1,-,Fixed Income,Credit,Global,USD,Developed,-,Broad,-,171160061,Yes,iShares II plc,Distributing,Bloomberg US Floating Rate Note < 5 Years Index,4.961264,2022-08-11,142.909347,Yes,Index,2022-06-30 00:00:00,-,2.835922,1.531758,1.231281,-0.535147,2022-07-31 00:00:00,-0.422434,0.233651,0.680675,1.39578,1.413877,2022-07-31 00:00:00,-0.429305,-0.485014,2.055956,7.176457,7.355838,0.544216,1.77,2.86531,0.06373,3.53,-,AAA,10,114.3,-,288500.0,https://www.ishares.com/uk/individual/en/products/288500/ishares-floating-rate-bond-ucits-etf
MEAR,BlackRock Short Maturity Municipal Bond ETF,US46431W8385,395811774.74,United States,2015-03-03,0.25,-,Fixed Income,Municipals,North America,USD,Developed,Income,United States,-,7950000,No,-,Distributing,Bloomberg Barclays Municipal Bond: 1 Year (1-2) Index,49.787645,2022-08-11,207.323175,No,Active,2022-06-30 00:00:00,0.94,2.02,1.42,0.66,-0.64,2022-07-31 00:00:00,-0.49,0,0.46,0.88,0.85,2022-07-31 00:00:00,-0.35,-0.01,1.4,4.49,6.5,0.5613,0.46,2.58898,0.3502,2.1,-,-,-,-,-,272112.0,https://www.ishares.com/us/products/272112/ishares-short-maturity-municipal-bond-etf
IEQD,iShares Edge MSCI Europe Quality Factor UCITS ETF EUR (Dist),IE00BG13YG34,23503107.64,Ireland,2018-02-23,0.25,-,Equity,Large/Mid Cap,Europe,EUR,Developed,Smart Beta,Broad,-,3605884,Yes,iShares IV plc,Distributing,MSCI Europe Sector Neutral Quality Index,6.517987,2022-08-11,1857.683518,Yes,Index,2022-06-30 00:00:00,-,9.897042,0.249502,29.322776,-8.458973,2022-07-31 00:00:00,-2.69058,14.467363,9.276316,-,9.256064,2022-07-31 00:00:00,-8.125151,-2.113351,30.490272,-,48.097843,2.534525,0,0.17383,-,-,-,AAA,9.465,74.7,-,294640.0,https://www.ishares.com/uk/individual/en/products/294640/ishares-edge-msci-europe-quality-factor-ucits-etf
EWSA,iShares MSCI World Small Cap ESG Enhanced UCITS ETF USD (Acc),IE000T9EOCL3,8926947.37,Ireland,2021-12-08,0.35,-,Equity,Small Cap,Global,USD,Developed,Sustainable,Broad,-,2000000,Yes,iShares III plc,Accumulating,MSCI World Small Cap ESG Enhanced Focus Index,4.463473,2022-08-11,1697.284468,Yes,Index,2022-06-30 00:00:00,-,-,-,-,-,2022-07-31 00:00:00,-,-,-,-,-,2022-07-31 00:00:00,-16.381851,-9.729864,-,-,-16.107302,-,0,0.28613,-,-,-,AAA,8.83,123.57,ESG Broad,321264.0,https://www.ishares.com/uk/individual/en/products/321264/ishares-msci-world-small-cap-ctb-enhanced-esg-ucits-etf
IEDL,iShares Edge MSCI Europe Value Factor UCITS ETF EUR (Dist),IE00BG13YH41,51406387.23,Ireland,2018-02-23,0.25,-,Equity,Large/Mid Cap,Europe,EUR,Developed,Smart Beta,Broad,-,10054422,Yes,iShares IV plc,Distributing,MSCI Europe Enhanced Value Index,5.112813,2022-08-11,1372.790906,Yes,Index,2022-06-30 00:00:00,-,-2.454607,-10.597973,32.452566,-1.757728,2022-07-31 00:00:00,2.327971,19.627928,6.79625,-,3.874806,2022-07-31 00:00:00,-4.760596,-7.181579,21.805812,-,18.369874,4.400709,0,0.05201,-,-,-,AAA,8.6255,171.64,-,294642.0,https://www.ishares.com/uk/individual/en/products/294642/ishares-edge-msci-europe-value-factor-ucits-etf
MVED,iShares Edge MSCI Europe Minimum Volatility UCITS ETF EUR (Dist),IE00BG13YK79,27587799.96,Ireland,2018-02-23,0.25,-,Equity,Large/Mid Cap,Europe,EUR,Developed,Smart Beta,Broad,-,4720235,Yes,iShares VI plc,Distributing,MSCI Europe Minimum Volatility Index,5.844581,2022-08-11,4172.911235,Yes,Index,2022-06-30 00:00:00,-,8.055207,-2.341756,17.55614,-4.675118,2022-07-31 00:00:00,-2.369179,8.86552,5.060215,-,6.164543,2022-07-31 00:00:00,-7.634117,-2.425064,15.961775,-,30.391094,2.575035,0,0.40494,-,-,-,AAA,9.1393,95.58,-,294643.0,https://www.ishares.com/uk/individual/en/products/294643/ishares-edge-msci-europe-minimum-volatility-ucits-etf
IDTL,iShares $ Treasury Bond 20+yr UCITS ETF USD (Dist),IE00BSKRJZ44,1512545674.37,Ireland,2015-01-20,0.07,-,Fixed Income,Government,North America,USD,Developed,-,United States,-,356369378,Yes,iShares IV plc,Distributing,ICE U.S. Treasury 20+ Year Bond Index,4.244319,2022-08-11,109.601,Yes,Index,2022-06-30 00:00:00,-0.063991,12.066257,25.883697,-10.708963,-19.185556,2022-07-31 00:00:00,-20.088618,-15.812201,-2.388366,1.001473,0.35133,2022-07-31 00:00:00,-19.930833,-16.721367,-6.995331,5.108669,2.675258,2.400856,25.9,2.48559,18.01342,3.33,3.05,A,5.8316,3.19,-,272124.0,https://www.ishares.com/uk/individual/en/products/272124/ishares-usd-treasury-bond-20-yr-ucits-etf
EMXC,iShares MSCI Emerging Markets ex China ETF,US46434G7640,2436797253.07,United States,2017-07-18,0.28,-,Equity,All Cap,Global,USD,Emerging,-,Broad,-,47400000,No,-,Distributing,MSCI Emerging Markets ex China Index,51.409225,2022-08-11,6066.716813,No,Index,2022-06-30 00:00:00,-,4.74,-11.54,49.08,-21.65,2022-07-31 00:00:00,-15.74,6.26,3.32,2.14,2.2,2022-07-31 00:00:00,-16.53,-16.39,10.3,11.14,11.57,2.2981,0,0.2408,-,-,-,A,5.7734,371.85,-,288504.0,https://www.ishares.com/us/products/288504/ishares-msci-emerging-markets-ex-china-etf
E20Y,iShares € Govt Bond 20yr Target Duration UCITS ETF EUR (Dist),IE00BSKRJX20,231156153.94,Ireland,2015-01-20,0.15,-,Fixed Income,Government,Europe,EUR,Developed,-,Broad,-,48730926,Yes,iShares IV plc,Distributing,Markit iBoxx EUR Eurozone 20yr Target Duration Index,4.74352,2022-08-11,201.325666540952,Yes,Index,2022-06-30 00:00:00,6.577765,15.222254,6.596501,-5.18303,-26.548708,2022-07-31 00:00:00,-21.957821,-12.787058,-7.142204,0.387424,0.391287,2022-07-31 00:00:00,-18.643386,-16.864438,-19.932712,1.952187,2.983408,0.356276,25.73,1.93994,19.91434,1.78,2.34,A,5.9761,3.39,-,272122.0,https://www.ishares.com/uk/individual/en/products/272122/ishares-euro-government-bond-20yr-target-duration-ucits-etf
AEGG,iShares Global Aggregate Bond ESG UCITS ETF GBP Hedged (Acc),IE000ZXYID24,42465731.8,Ireland,2021-12-03,0.1,-,Fixed Income,Credit,Global,GBP,Developed,"Currency Hedged, Sustainable",Broad,Hedged,9283519,Yes,iShares III plc,Accumulating,Bloomberg MSCI Global Aggregate Sustainable and Green Bond SRI Index,4.574314,2022-08-11,105.463968,Yes,Index,2022-06-30 00:00:00,-,-,-,-,-,2022-07-31 00:00:00,-,-,-,-,-,2022-07-31 00:00:00,-7.273755,-5.725821,-,-,-8.008843,-,8.69,1.85883,6.99904,2.7,-,-,-,-,ESG Broad,325370.0,https://www.ishares.com/uk/individual/en/products/325370/ishares-global-aggregate-bond-esg-sri-ucits-etf
IDBB,iShares $ Development Bank Bonds UCITS ETF CHF Hedged (Acc),IE00BKT1CR43,44264619.46,Ireland,2020-03-09,0.18,-,Fixed Income,Credit,Global,CHF,Developed,"Currency Hedged, Sustainable",Broad,Hedged,9727154,Yes,iShares III plc,Accumulating,FTSE World Broad Investment-Grade USD Multi Dev Bank Bond Capped Index,4.550623,2022-08-11,126.70171,Yes,Index,2022-06-30 00:00:00,-,-,-,-1.642447,-7.584443,2022-07-31 00:00:00,-7.386854,-4.40605,-,-,-3.498267,2022-07-31 00:00:00,-5.542745,-4.358385,-,-,-8.16396,-,3.78,1.35033,3.58774,3.25,-,AAA,10,4.63,ESG Thematic,313090.0,https://www.ishares.com/ch/professionals/en/products/313090/ishares-development-bank-bonds-ucits-etf
SNAZ,iShares J.P. Morgan $ EM Corp Bond UCITS ETF EUR Hedged (Acc),IE00BKT1CS59,265267953.26,Ireland,2020-03-09,0.53,-,Fixed Income,Credit,Global,EUR,Emerging,Currency Hedged,Broad,Hedged,59920974,Yes,iShares V plc,Accumulating,JP Morgan CEMBI Broad Diversified Core Index,4.426963,2022-08-11,344.425365,Yes,Index,2022-06-30 00:00:00,-,-,-,6.369618,-15.632311,2022-07-31 00:00:00,-14.637484,-5.729088,-,-,-4.438208,2022-07-31 00:00:00,-13.405392,-11.704865,-,-,-10.288818,-,7.11,4.45661,4.76879,6.48,5.47,BBB,5.1419,706.61,-,313091.0,https://www.ishares.com/uk/individual/en/products/313091/ishares-j-p-morgan-em-corp-bond-ucits-etf
TCHI,iShares MSCI China Multisector Tech ETF,US46436E4290,8064644.23,United States,2022-01-25,0.59,-,Equity,Large/Mid Cap,Asia Pacific,USD,Emerging,-,China,-,400000,No,BlackRock Fund Advisors,Distributing,MSCI China Technology Sub-Industries Select Capped Index,20.161611,2022-08-11,1344.900128,No,Index,2022-06-30 00:00:00,-,-,-,-,-,2022-07-31 00:00:00,-,-,-,-,-,2022-07-31 00:00:00,-,-18.98,-,-,-19.41,-,0,0.12862,-,-,-,BB,3.8442,93.28,-,325390.0,https://www.ishares.com/us/products/325390/ishares-msci-china-multisector-tech-etf
IUVE,iShares MSCI USA Value Factor ESG UCITS ETF USD (Acc),IE000OKVTDF7,1500827623.17,Ireland,2021-06-29,0.2,-,Equity,Large/Mid Cap,North America,USD,Developed,"Smart Beta, Sustainable",United States,-,308000000,Yes,iShares IV plc,Accumulating,MSCI USA Value ESG Reduced Carbon Target Select Index,4.872816,2022-08-11,4212.884954,Yes,Index,2022-06-30 00:00:00,-,-,-,-,-12.602227,2022-07-31 00:00:00,-5.177531,-,-,-,-4.348986,2022-07-31 00:00:00,-10.586081,-7.315241,-,-,-4.714518,-,0,0.43529,-,-,-,AAA,9.75,90.65,ESG Broad,319241.0,https://www.ishares.com/uk/individual/en/products/319241/ishares-msci-usa-value-factor-advanced-ucits-etf
CSINDU,iShares Dow Jones Industrial Average UCITS ETF USD (Acc),IE00B53L4350,906629946.43,Ireland,2010-01-26,0.33,-,Equity,Large Cap,North America,USD,Developed,-,United States,-,2349995,Yes,iShares VII plc,Accumulating,Dow Jones Industrial Average,385.800798,2022-08-11,67452.3354372127,Yes,Index,2022-06-30 00:00:00,15.557004,11.434131,-1.071402,35.470388,-9.619192,2022-07-31 00:00:00,-4.731983,12.959188,8.568096,10.167479,11.715057,2022-07-31 00:00:00,-8.923019,-5.834905,27.969557,62.280768,299.881172,-,0,0.80895,-,-,-,AAA,9.4442,42.41,-,253713.0,https://www.ishares.com/ch/professionals/en/products/253713/ishares-dow-jones-industrial-average-ucits-etf
CSSX5E,iShares Core EURO STOXX 50 UCITS ETF EUR (Acc),IE00B53L3W79,3202207121.5,Ireland,2010-01-26,0.1,-,Equity,Large Cap,Europe,EUR,Developed,-,Broad,-,24524637,Yes,iShares VII plc,Accumulating,EURO STOXX® 50,130.57103,2022-08-11,8480.5657801462,Yes,Index,2022-06-30 00:00:00,1.820216,5.68461,-4.728156,28.604338,-12.239537,2022-07-31 00:00:00,-6.386586,10.983939,4.959255,4.391674,5.619928,2022-07-31 00:00:00,-11.470827,-8.960199,15.627787,23.973626,98.192484,-,0,0.01851,-,-,-,AAA,8.8058,165.39,-,253712.0,https://www.ishares.com/ch/professionals/en/products/253712/ishares-euro-stoxx-50-b-ucits-etf-acc-fund
CSMIB,iShares FTSE MIB UCITS ETF EUR (Acc),IE00B53L4X51,142822162.12,Ireland,2010-01-26,0.33,-,Equity,Large Cap,Europe,EUR,Developed,-,Italy,-,1500078,Yes,iShares VII plc,Accumulating,FTSE MIB Index,95.209823,2022-08-11,41500.84667207,Yes,Index,2022-06-30 00:00:00,7.936852,1.481164,-7.12948,31.937555,-11.178963,2022-07-31 00:00:00,-7.402819,11.980994,4.426889,3.805226,2.941097,2022-07-31 00:00:00,-15.22629,-13.851612,13.877263,20.530262,43.714234,-,0,0.00106,-,-,-,AA,7.8276,195.25,-,253717.0,https://www.ishares.com/ch/professionals/en/products/253717/ishares-ftse-mib-ucits-etf-acc-fund
CSUKX,iShares Core FTSE 100 UCITS ETF GBP (Acc),IE00B53HP851,1827241629.24,Ireland,2010-01-26,0.07,-,Equity,Large Cap,Europe,GBP,Developed,-,United Kingdom,-,13725158,Yes,iShares VII plc,Accumulating,FTSE 100 Index (Total Return GBP),133.130826,2022-08-11,7564.74309809,Yes,Index,2022-06-30 00:00:00,8.630634,1.430472,-13.878836,17.863816,5.646734,2022-07-31 00:00:00,9.461891,16.080364,2.832311,3.964412,6.487286,2022-07-31 00:00:00,2.628316,1.508583,8.739866,21.457269,119.545877,-,0,0.10254,-,-,-,AAA,10,122.25,-,253716.0,https://www.ishares.com/ch/professionals/en/products/253716/ishares-ftse-100-ucits-etf-acc-fund
CSEMAS,iShares MSCI EM Asia UCITS ETF USD (Acc),IE00B5L8K969,1819622688.89,Ireland,2010-08-06,0.2,-,Equity,Large/Mid Cap,Asia Pacific,USD,Emerging,-,Broad,-,11628886,Yes,iShares VII plc,Accumulating,MSCI Emerging Markets Asia Index,156.474376,2022-08-11,594.545698,Yes,Index,2022-06-30 00:00:00,9.329887,-2.864498,4.137127,40.489056,-25.843427,2022-07-31 00:00:00,-20.324647,-3.102857,2.90305,1.522199,3.701057,2022-07-31 00:00:00,-18.192252,-15.259186,8.964428,7.846258,54.526728,-,0,-1.6559,-,-,-,A,5.7477,309.81,-,253723.0,https://www.ishares.com/ch/professionals/en/products/253723/ishares-msci-em-asia-ucits-etf
CSCA,iShares MSCI Canada UCITS ETF USD (Acc),IE00B52SF786,1626402153.09,Ireland,2010-01-12,0.48,-,Equity,Large/Mid Cap,North America,USD,Developed,-,Canada,-,9402008,Yes,iShares VII plc,Accumulating,MSCI Canada Index,172.984553,2022-08-11,7307.291797,Yes,Index,2022-06-30 00:00:00,8.771988,3.080167,-8.439302,45.525983,-8.264507,2022-07-31 00:00:00,-3.672978,14.933325,8.842702,6.697333,4.186087,2022-07-31 00:00:00,-7.759529,-6.936607,28.943051,38.282688,67.306217,-,0,0.49784,-,-,-,AAA,10,359.09,-,253721.0,https://www.ishares.com/ch/professionals/en/products/253721/ishares-msci-canada-b-ucits-etf
CSEMU,iShares Core MSCI EMU UCITS ETF EUR (Acc),IE00B53QG562,2336040577.07,Ireland,2010-01-12,0.12,-,Equity,Large/Mid Cap,Europe,EUR,Developed,-,Broad,-,17250399,Yes,iShares VII plc,Accumulating,MSCI EMU Index,135.419509,2022-08-11,230.432497,Yes,Index,2022-06-30 00:00:00,3.57548,2.641742,-5.313052,30.650248,-13.306021,2022-07-31 00:00:00,-8.15446,11.025139,4.750663,4.054162,5.90377,2022-07-31 00:00:00,-12.336175,-9.200265,14.939773,21.982432,105.417912,-,0,-0.03906,-,-,-,AAA,8.9475,136.02,-,253729.0,https://www.ishares.com/ch/professionals/en/products/253729/ishares-msci-emu-ucits-etf
CSPXJ,iShares Core MSCI Pacific ex-Japan UCITS ETF USD (Acc),IE00B52MJY50,2841695897.96,Ireland,2010-01-12,0.2,-,Equity,Large/Mid Cap,Asia Pacific,USD,Developed,-,Broad,-,17125285,Yes,iShares VII plc,Accumulating,MSCI Pacific ex-Japan Index,165.935685,2022-08-11,7196.771952,Yes,Index,2022-06-30 00:00:00,8.61321,7.881644,-12.850281,34.064166,-14.943384,2022-07-31 00:00:00,-10.313889,7.452913,1.294202,2.997415,4.309381,2022-07-31 00:00:00,-7.521612,-2.016112,3.933071,15.912859,69.808042,-,0,0.09835,-,-,-,AAA,9.7673,224.01,-,253735.0,https://www.ishares.com/ch/professionals/en/products/253735/ishares-msci-pacific-ex-japan-ucits-etf-acc-fund
HYLC,iShares Global High Yield Corp Bond UCITS ETF CHF Hedged (Acc),IE00BKBF4J08,151373782.7,Ireland,2019-06-05,0.55,-,Fixed Income,High Yield,Global,CHF,Developed,Currency Hedged,Broad,Hedged,30039049,Yes,iShares plc,Accumulating,Markit iBoxx Global Developed Markets Liquid High Yield Capped (USD) Index,5.039233,2022-08-11,149.929823785471,Yes,Index,2022-06-30 00:00:00,-,-,-3.642676,11.411238,-13.386829,2022-07-31 00:00:00,-8.938053,-0.871998,-0.786454,-,-0.110677,2022-07-31 00:00:00,-8.957719,-6.861548,-2.340856,-,-0.348526,-,4.48,4.25125,3.70225,6.04,6.02,BBB,5.6986,224.46,-,309025.0,https://www.ishares.com/ch/professionals/en/products/309025/ishares-global-high-yield-corp-bond-ucits-etf
CSKR,iShares MSCI Korea UCITS ETF USD (Acc),IE00B5W4TY14,107776047.64,Ireland,2010-08-24,0.65,-,Equity,Large/Mid Cap,Asia Pacific,USD,Emerging,-,South Korea,-,684000,Yes,iShares VII plc,Accumulating,MSCI Korea 20/35 Index,157.567321,2022-08-11,1236.974592,Yes,Index,2022-06-30 00:00:00,2.705873,-9.60389,0.114629,65.695567,-38.667095,2022-07-31 00:00:00,-31.218717,0.198193,4.664087,-0.655572,3.748755,2022-07-31 00:00:00,-24.285322,-15.614822,14.655017,-3.235162,55.126078,-,0,2.36928,-,-,-,A,5.9623,174.82,-,253733.0,https://www.ishares.com/uk/individual/en/products/253733/ishares-msci-korea-ucits-etf-acc-fund
CSJP,iShares MSCI Japan UCITS ETF USD (Acc),IE00B53QDK08,501016368.84,Ireland,2010-01-11,0.48,-,Equity,Large/Mid Cap,Asia Pacific,USD,Developed,-,Japan,-,3212322,Yes,iShares VII plc,Accumulating,MSCI Japan Index,155.967044,2022-08-11,6713.471775,Yes,Index,2022-06-30 00:00:00,10.021466,-4.609659,2.656351,24.25308,-20.285265,2022-07-31 00:00:00,-14.658935,3.145328,2.385249,2.027,3.94312,2022-07-31 00:00:00,-15.923656,-11.398494,7.327787,10.554286,62.475031,-,0,-0.11941,-,-,-,AAA,8.8046,80.23,-,253732.0,https://www.ishares.com/ch/professionals/en/products/253732/ishares-msci-japan-b-ucits-etf-acc-fund
IAUM,iShares Gold Trust Micro,US46436F1030,1083404127.99,United States,2021-06-15,0.15,-,Commodity,Precious Metals,Global,USD,Developed,-,Broad,-,60350000,No,ishare Delaware Trust Sponsor LLC,NA ,LBMA Gold Price,17.952015,2022-08-11,1796.7,No,Index,2022-06-30 00:00:00,-,-,-,-,2.99,2022-07-31 00:00:00,-4.05,-,-,-,-5.4,2022-07-31 00:00:00,-3.68,-2.34,-,-,-6.06,-,0,0,-,-,-,-,-,-,-,306979.0,https://www.ishares.com/us/products/306979/ishares-gold-trust-micro
CORC,iShares Global Corp Bond UCITS ETF CHF Hedged (Acc),IE00BK0TB144,85614214.25,Ireland,2019-06-05,0.25,-,Fixed Income,Credit,Global,CHF,Developed,Currency Hedged,Broad,Hedged,18119877,Yes,iShares plc,Accumulating,BBG Global Aggregate Corporate Index,4.724878,2022-08-11,248.330211,Yes,Index,2022-06-30 00:00:00,-,-,3.848155,2.209901,-14.4743,2022-07-31 00:00:00,-12.807953,-6.197503,-2.37056,-,-1.561914,2022-07-31 00:00:00,-11.214107,-8.751935,-6.944427,-,-4.842073,-,9.27,3.08597,6.52368,4.02,3.64,AAA,8.645,233.77,-,309027.0,https://www.ishares.com/de/privatanleger/de/produkte/309027/ishares-global-corp-bond-ucits-etf
CSUK,iShares MSCI UK UCITS ETF GBP (Acc),IE00B539F030,114682708.8,Ireland,2010-01-12,0.33,-,Equity,Large/Mid Cap,Europe,GBP,Developed,-,United Kingdom,-,924653,Yes,iShares VII plc,Accumulating,MSCI United Kingdom Index,124.027834,2022-08-11,13692.985144,Yes,Index,2022-06-30 00:00:00,7.880601,1.229719,-15.567615,16.989641,8.764268,2022-07-31 00:00:00,12.311989,17.466978,2.903998,3.744616,5.890741,2022-07-31 00:00:00,5.006234,3.139668,8.967439,20.178793,105.100983,-,0,0.12041,-,-,-,AAA,10,106.72,-,253739.0,https://www.ishares.com/uk/individual/en/products/253739/ishares-msci-uk-ucits-etf
ESMV,iShares ESG MSCI USA Min Vol Factor ETF,US46436E4456,4712040.79,United States,2021-11-02,0.18,-,Equity,Large/Mid Cap,North America,USD,Developed,-,United States,-,200000,No,BlackRock Fund Advisors,Distributing,MSCI USA Minimum Volatility Extended ESG Reduced Carbon Target Index,23.560204,2022-08-11,4739.742435,No,Index,2022-06-30 00:00:00,-,-,-,-,-,2022-07-31 00:00:00,-,-,-,-,-,2022-07-31 00:00:00,-10.412564,-3.881414,-,-,-6.834629,1.5403,0,0.18168,-,-,-,AAA,9.3819,128.77,ESG Broad,321324.0,https://www.ishares.com/us/products/321324/ishares-esg-optimized-msci-usa-min-vol-factor-etf
CSPX,iShares Core S&P 500 UCITS ETF USD (Acc),IE00B5BMR087,55945966503.22,Ireland,2010-05-19,0.07,-,Equity,Large Cap,North America,USD,Developed,-,United States,-,129274665,Yes,iShares VII plc,Accumulating,S&P 500,432.768218,2022-08-11,7784.31770872246,Yes,Index,2022-06-30 00:00:00,13.986778,10.014731,7.133172,40.399785,-10.863817,2022-07-31 00:00:00,-4.903658,13.750196,13.019174,12.467329,13.104982,2022-07-31 00:00:00,-12.720723,-7.941042,44.363164,79.941737,349.238688,-,0,0.46377,-,-,-,AA,8.46,151.36,-,253743.0,https://www.ishares.com/uk/individual/en/products/253743/ishares-sp-500-b-ucits-etf-acc-fund
CSNKY,iShares Nikkei 225 UCITS ETF JPY (Acc),IE00B52MJD48,31108646962.28,Ireland,2010-01-25,0.48,-,Equity,Large Cap,Asia Pacific,JPY,Developed,-,Japan,-,1148746,Yes,iShares VII plc,Accumulating,Nikkei 225®,27080.526906,2022-08-11,27819.33,Yes,Index,2022-06-30 00:00:00,12.633814,-3.217945,6.162073,30.332141,-7.212085,2022-07-31 00:00:00,3.135915,14.365379,10.162633,8.188559,9.496083,2022-07-31 00:00:00,-2.739148,3.726461,33.691231,48.219957,211.114373,-,0,0.77586,-,-,-,AAA,8.7592,63.02,-,253742.0,https://www.ishares.com/ch/professionals/en/products/253742/ishares-nikkei-225-ucits-etf
CEUU,iShares Core MSCI EMU UCITS ETF USD Hedged (Acc),IE00BKBF6616,448559907.47,Ireland,2019-06-05,0.15,-,Equity,Large/Mid Cap,Europe,USD,Developed,"-, Currency Hedged",Broad,Hedged,70696675,Yes,iShares VII plc,Accumulating,MSCI EMU Net Index in EUR,6.344851,2022-08-11,230.432497,Yes,Index,2022-06-30 00:00:00,-,-,-3.715187,31.906038,-11.852479,2022-07-31 00:00:00,-6.693117,12.50606,6.183179,-,7.231726,2022-07-31 00:00:00,-11.436492,-8.327013,19.720126,-,24.624267,-,0,-0.03906,-,-,-,AAA,8.9475,136.02,-,309033.0,https://www.ishares.com/uk/individual/en/products/309033/ishares-core-msci-emu-ucits-etf
CSNDX,iShares NASDAQ 100 UCITS ETF USD (Acc),IE00B53SZB19,7865958218.49,Ireland,2010-01-26,0.33,-,Equity,Large Cap,North America,USD,Developed,-,United States,-,10450527,Yes,iShares VII plc,Accumulating,NASDAQ-100® Index,752.685316,2022-08-11,15155.3794461514,Yes,Index,2022-06-30 00:00:00,25.421303,9.616428,33.123638,43.698864,-20.707633,2022-07-31 00:00:00,-13.156458,9.295741,18.610281,17.653235,17.740617,2022-07-31 00:00:00,-20.489616,-13.087334,66.865673,125.433977,671.555004,-,0,-0.18175,-,-,-,AA,8.3863,55.8,-,253741.0,https://www.ishares.com/ch/professionals/en/products/253741/ishares-nasdaq-100-ucits-etf
CSUS,iShares MSCI USA UCITS ETF USD (Acc),IE00B52SFT06,535009671.36,Ireland,2010-01-12,0.33,-,Equity,Large/Mid Cap,North America,USD,Developed,-,United States,-,1282281,Yes,iShares VII plc,Accumulating,MSCI USA Index,417.232783,2022-08-11,11698.971961,Yes,Index,2022-06-30 00:00:00,13.849047,9.533363,7.718175,41.763129,-13.169036,2022-07-31 00:00:00,-7.272979,12.702517,12.59765,12.118069,12.318768,2022-07-31 00:00:00,-13.945781,-8.752217,42.753898,77.165045,329.711259,-,0,0.42534,-,-,-,AA,8.406,146.85,-,253740.0,https://www.ishares.com/uk/individual/en/products/253740/ishares-msci-usa-b-ucits-etf
IWLE,iShares Core MSCI World UCITS ETF EUR Hedged (Dist),IE00BKBF6H24,577102335.38,Ireland,2019-06-05,0.3,-,Equity,Large/Mid Cap,Global,EUR,Developed,"-, Currency Hedged",Broad,Hedged,87331443,Yes,iShares III plc,Distributing,MSCI World Net TR Index,6.608185,2022-08-11,8546.516273,Yes,Index,2022-06-30 00:00:00,-,-,1.729185,35.644736,-12.408149,2022-07-31 00:00:00,-6.920031,11.462098,8.928336,-,10.037401,2022-07-31 00:00:00,-12.578165,-8.001968,29.247637,-,35.19711,1.5617,0,0.28198,-,-,-,AAA,8.7464,147.29,-,309035.0,https://www.ishares.com/uk/individual/en/products/309035/ishares-core-msci-world-ucits-etf
CSBGU0,iShares $ Treasury Bond 7-10yr UCITS ETF USD (Acc),IE00B3VWN518,1667866400.53,Ireland,2009-06-03,0.07,-,Fixed Income,Government,North America,USD,Developed,-,United States,-,11313070,Yes,iShares VII plc,Accumulating,ICE U.S. Treasury 7-10 Year Bond Index,147.428275,2022-08-11,109.432,Yes,Index,2022-06-30 00:00:00,-1.892249,9.960224,12.728849,-4.397191,-10.478237,2022-07-31 00:00:00,-9.559082,-6.495707,-0.161581,1.33591,3.122824,2022-07-31 00:00:00,-7.952792,-5.864701,-0.483961,6.860414,49.874197,-,8.58,1.44872,7.89488,2.88,2.11,A,5.823,3.19,-,253745.0,https://www.ishares.com/ch/professionals/en/products/253745/ishares-usd-government-bond-710-ucits-etf-acc-fund
CSBGU7,iShares $ Treasury Bond 3-7yr UCITS ETF USD (Acc),IE00B3VWN393,4146931386.97,Ireland,2009-06-03,0.07,-,Fixed Income,Government,North America,USD,Developed,-,United States,-,32044767,Yes,iShares VII plc,Accumulating,ICE U.S. Treasury 3-7 Year Bond Index,129.410564,2022-08-11,107.821,Yes,Index,2022-06-30 00:00:00,-1.276471,7.095696,8.222636,-1.451369,-7.810831,2022-07-31 00:00:00,-7.124744,-4.0435,0.09664,1.048194,2.078029,2022-07-31 00:00:00,-5.326175,-3.908238,0.2902,5.351997,31.079216,-,4.83,1.62318,4.54902,3.06,2.07,A,5.8188,3.19,-,253744.0,https://www.ishares.com/ch/professionals/en/products/253744/ishares-usd-government-bond-37-ucits-etf-acc-fund
SPAG,iShares Agribusiness UCITS ETF USD (Acc),IE00B6R52143,974221564.7,Ireland,2011-09-16,0.55,-,Equity,All Cap,Global,USD,Developed,"Alternatives, Sectors, Thematic ETFs",Broad,-,18500000,Yes,iShares V plc,Accumulating,S&P Commodity Producers Agribusiness,52.660625,2022-08-11,4833.46950759769,Yes,Index,2022-06-30 00:00:00,8.390934,3.177282,-15.109198,56.369916,4.780161,2022-07-31 00:00:00,12.819126,28.816931,14.060866,9.959735,6.739075,2022-07-31 00:00:00,4.925467,4.477008,48.391831,60.756459,103.20701,-,0,-3.87033,-,-,-,AA,8.4371,346.59,-,251707.0,https://www.ishares.com/uk/individual/en/products/251707/ishares-agribusiness-ucits-etf
EXXV,iShares Dow Jones Eurozone Sustainability Screened UCITS ETF (DE),DE000A0F5UG3,126379047.67,Germany,2006-03-27,0.41,-,Equity,Large Cap,Europe,EUR,Developed,Sustainable,Broad,-,9405000,No,BlackRock Asset Management Deutschland AG,Distributing,"Dow Jones Sustainability Eurozone Index ex Alcohol, Tobacco, Gambling, Armaments & Firearms and Adult Entertainment",13.4374,2022-08-11,215.883275901854,Yes,Index,2022-06-30 00:00:00,3.487927,4.896443,-6.226583,29.200851,-15.504732,2022-07-31 00:00:00,-10.778065,8.154834,3.29938,3.428683,3.492958,2022-07-31 00:00:00,-15.642217,-12.293782,10.22831,18.360002,75.25375,2.609046,0,0.00084,-,-,0,AAA,10,109.92,ESG Broad,251706.0,https://www.ishares.com/de/privatanleger/de/produkte/251706/ishares-dow-jones-eurozone-sustainability-screened-ucits-etf-de-fund
WOOAX,iShares Global Timber & Forestry UCITS ETF USD (Acc),IE0003ZXNJY5,1872500.08,Ireland,2021-11-03,0.65,-,Equity,All Cap,Global,USD,Developed,"Alternatives, Sectors",Broad,-,64126,Yes,iShares II plc,Accumulating,S&P Global Timber and Forestry NET Index in USD,29.200325,2022-08-11,3080.29162653465,Yes,Index,2022-06-30 00:00:00,-,-,-,-,-,2022-07-31 00:00:00,-,-,-,-,-,2022-07-31 00:00:00,-12.573252,-9.825967,-,-,-6.800778,-,0,0.38733,-,-,-,A,7.0768,321.62,-,321341.0,https://www.ishares.com/uk/individual/en/products/321341/ishares-global-timber-forestry-ucits-etf
WIGG,iShares Fallen Angels High Yield Corp Bond UCITS ETF GBP Hedged (Dist),IE00BDFK1680,113723432.43,Ireland,2018-04-10,0.55,-,Fixed Income,High Yield,Global,GBP,Developed,Currency Hedged,Broad,Hedged,23234255,Yes,iShares IV plc,Distributing,Bloomberg Global Corporate ex EM Fallen Angels 3% Issuer Capped Index,4.894645,2022-08-11,394.139845,Yes,Index,2022-06-30 00:00:00,-,5.992634,5.790337,15.761962,-13.884669,2022-07-31 00:00:00,-10.614996,0.039232,2.952778,-,3.490446,2022-07-31 00:00:00,-10.832037,-7.937891,9.122476,-,15.918805,4.253628,6.93,4.67975,4.87255,5.88,-,A,6.4414,341.9,-,296766.0,https://www.ishares.com/uk/individual/en/products/296766/ishares-fallen-angels-high-yield-corp-bond-ucits-etf
WHCA,iShares MSCI World Health Care Sector ESG UCITS ETF USD (Acc),IE0009QS7W62,3702547.26,Ireland,2021-11-03,0.25,-,Equity,Large/Mid Cap,Global,USD,Developed,Sectors,Broad,-,782787,Yes,iShares V plc,Accumulating,MSCI World Health Care ESG Reduced Carbon Select 20 35 Capped Index,4.729954,2022-08-11,1767.909225,Yes,Index,2022-06-30 00:00:00,-,-,-,-,-,2022-07-31 00:00:00,-,-,-,-,-,2022-07-31 00:00:00,-7.458022,-0.064001,-,-,-5.727098,-,0,-3.35025,-,-,-,AAA,8.6447,13.02,ESG Broad,321342.0,https://www.ishares.com/uk/individual/en/products/321342/ishares-msci-world-health-care-sector-advanced-ucits-etf
WIAU,iShares Fallen Angels High Yield Corp Bond UCITS ETF USD (Acc),IE00BDFJYP58,105086175.57,Ireland,2018-04-10,0.5,-,Fixed Income,High Yield,Global,USD,Developed,-,Broad,-,18136872,Yes,iShares IV plc,Accumulating,Bloomberg Global Corporate ex EM Fallen Angels 3% Issuer Capped Index,5.794062,2022-08-11,394.139845,Yes,Index,2022-06-30 00:00:00,-,6.30368,7.268236,18.369951,-16.895187,2022-07-31 00:00:00,-14.339399,-1.791335,2.975519,-,3.03747,2022-07-31 00:00:00,-13.629839,-10.45856,9.194804,-,13.750023,-,6.93,4.67975,4.87255,5.88,-,A,6.4414,341.9,-,296767.0,https://www.ishares.com/uk/individual/en/products/296767/ishares-fallen-angels-high-yield-corp-bond-ucits-etf
AGSKX,iShares Global Aggregate Bond ESG UCITS ETF SEK Hedged (Acc),IE000BCCS0X1,66314320.52,Ireland,2021-11-03,0.15,-,Fixed Income,Credit,Global,SEK,Developed,"Currency Hedged, Sustainable",Broad,Hedged,1447282,Yes,iShares III plc,Accumulating,Bloomberg MSCI Global Aggregate Sustainable and Green Bond SRI Index,45.819902,2022-08-11,105.463968,Yes,Index,2022-06-30 00:00:00,-,-,-,-,-,2022-07-31 00:00:00,-,-,-,-,-,2022-07-31 00:00:00,-7.533266,-5.948659,-,-,-7.563618,-,8.69,1.85883,6.99904,2.7,-,A,6.9023,124.49,ESG Broad,321343.0,https://www.ishares.com/uk/individual/en/products/321343/ishares-global-aggregate-bond-esg-sri-ucits-etf
IGLB,iShares 10+ Year Investment Grade Corporate Bond ETF,US4642895118,1451183331.06,United States,2009-12-08,0.06,-,Fixed Income,Credit,North America,USD,Developed,Income,United States,-,26600000,No,-,Distributing,ICE BofA 10+ Year US Corporate Index,54.555764,2022-08-11,3092.682,Yes,Index,2022-06-30 00:00:00,-1.44,14.53,13.35,4.4,-21.65,2022-07-31 00:00:00,-19.92,-10.25,-1.49,1.65,5.07,2022-07-31 00:00:00,-18.89,-14.4,-4.4,8.52,86.91,3.9581,22.93,4.44428,13.39194,4.96,-,AA,7.7321,492.35,-,239423.0,https://www.ishares.com/us/products/239423/ishares-10-year-credit-bond-etf
HIGH,iShares € High Yield Corp Bond UCITS ETF EUR (Acc),IE00BF3N7094,313875784.14,Ireland,2017-09-21,0.5,-,Fixed Income,High Yield,Europe,EUR,Developed,-,Broad,-,61996312,Yes,iShares plc,Accumulating,Markit iBoxx Euro Liquid High Yield Index,5.062813,2022-08-11,192.601854639188,Yes,Index,2022-06-30 00:00:00,-,4.323748,-3.485239,10.321988,-13.203099,2022-07-31 00:00:00,-9.570705,-0.751401,-1.367771,-,-0.08421,2022-07-31 00:00:00,-9.615018,-8.303832,-4.047444,-,-0.408458,-,3.79,3.48605,3.16033,6.14,5.2,BBB,5.3554,208.45,-,290618.0,https://www.ishares.com/uk/individual/en/products/290618/ishares-high-yield-corp-bond-ucits-etf
IEAA,iShares Core € Corp Bond UCITS ETF EUR (Acc),IE00BF11F565,1065415820.25,Ireland,2017-09-21,0.2,-,Fixed Income,Credit,Europe,EUR,Developed,-,Broad,-,217935321,Yes,iShares III plc,Accumulating,Bloomberg Euro Corporate Bond Index,4.888678,2022-08-11,242.045934,Yes,Index,2022-06-30 00:00:00,-,4.627886,-0.628409,3.437775,-12.580585,2022-07-31 00:00:00,-9.505287,-3.427225,-2.47486,-,-0.346559,2022-07-31 00:00:00,-7.864467,-6.610705,-7.242348,-,-1.672479,-,5.28,1.44051,4.84124,2.47,3.01,AAA,9.2178,131.26,-,290619.0,https://www.ishares.com/uk/individual/en/products/290619/ishares-core-corp-bond-ucits-etf
IBTS,iShares $ Treasury Bond 1-3yr UCITS ETF USD (Dist),IE00B14X4S71,4044598073.37,Ireland,2006-06-02,0.07,-,Fixed Income,Government,North America,USD,Developed,-,United States,-,31454585,Yes,iShares plc,Distributing,ICE U.S. Treasury 1-3 Year Bond Index,128.585326,2022-08-11,105.891,Yes,Index,2022-06-30 00:00:00,-0.078812,3.89671,4.100889,0.03753,-3.515546,2022-07-31 00:00:00,-3.287123,-1.603906,0.341468,0.891855,1.691837,2022-07-31 00:00:00,-2.609263,-1.914358,1.027906,4.53953,31.144884,0.400979,1.91,1.45373,1.85314,3.24,0.61,A,5.8124,-,-,251715.0,https://www.ishares.com/uk/individual/en/products/251715/ishares-treasury-bond-13yr-ucits-etf
IBTE,iShares $ Treasury Bond 1-3yr UCITS ETF EUR Hedged (Acc),IE00BDFK1573,957440523.35,Ireland,2018-04-10,0.1,-,Fixed Income,Government,North America,EUR,Developed,Currency Hedged,United States,Hedged,198894078,Yes,iShares plc,Accumulating,ICE U.S. Treasury 1-3 Year Bond Index,4.813821,2022-08-11,105.891,Yes,Index,2022-06-30 00:00:00,-,0.844317,1.750935,-0.829417,-4.632612,2022-07-31 00:00:00,-4.505331,-2.643395,-1.062229,-,-0.72246,2022-07-31 00:00:00,-3.455991,-2.698408,-3.152956,-,-3.073656,-,1.91,1.45373,1.85314,3.24,0.61,A,5.8124,-,-,296772.0,https://www.ishares.com/uk/individual/en/products/296772/ishares-treasury-bond-1-3yr-ucits-etf
ITPS,iShares $ TIPS UCITS ETF,IE00B1FZSC47,2826571200.88,Ireland,2006-12-08,0.1,-,Fixed Income,Inflation,North America,USD,Developed,-,United States,-,11780889,Yes,iShares II plc,Accumulating,Bloomberg US Government Inflation-Linked Bond Index,239.928514,2022-08-11,352.1796,Yes,Index,2022-06-30 00:00:00,2.13152,4.706899,8.502344,6.366765,-5.804305,2022-07-31 00:00:00,-4.236839,1.070031,4.217888,3.886641,3.886669,2022-07-31 00:00:00,-5.623721,-3.47549,13.194885,21.003667,81.580489,-,8.13,0.75365,7.51048,3.07,1.03,A,5.8124,-,-,251714.0,https://www.ishares.com/uk/individual/en/products/251714/ishares-tips-ucits-etf
EXXX,iShares ATX UCITS ETF (DE),DE000A0D8Q23,99572794.12,Germany,2005-08-04,0.32,-,Equity,Large Cap,Europe,EUR,Developed,-,Austria,-,2950000,No,BlackRock Asset Management Deutschland AG,Distributing,ATX®,33.7535,2022-08-11,3088.23119838441,Yes,Index,2022-06-30 00:00:00,7.200075,-5.710405,-24.208419,55.546063,-11.742444,2022-07-31 00:00:00,-9.081079,23.700001,2.978282,1.338345,1.929272,2022-07-31 00:00:00,-18.978371,-18.577912,9.203592,6.873256,38.353283,2.316779,0,0,-,-,0,AAA,10,280.77,-,251713.0,https://www.ishares.com/de/privatanleger/de/produkte/251713/ishares-atx-ucits-etf-de-fund
LQEE,iShares $ Corp Bond UCITS ETF EUR Hedged (Dist),IE00BF3N6Y61,417047418.41,Ireland,2017-09-21,0.25,-,Fixed Income,Credit,North America,EUR,Developed,Currency Hedged,United States,Hedged,99498904,Yes,iShares plc,Distributing,Markit iBoxx USD Liquid Investment Grade Index,4.191477,2022-08-11,301.716007827015,Yes,Index,2022-06-30 00:00:00,-,9.046776,8.171841,1.862705,-17.441108,2022-07-31 00:00:00,-15.298232,-8.006615,-1.892737,-,-0.319471,2022-07-31 00:00:00,-13.738748,-10.196434,-5.571415,-,-1.54256,3.297167,13.5,3.69319,8.82962,4.55,3.99,AAA,8.9532,154.16,-,290630.0,https://www.ishares.com/uk/individual/en/products/290630/ishares-corp-bond-ucits-etf
ILTB,iShares Core 10+ Year USD Bond ETF,US4642894798,296522779.6,United States,2009-12-08,0.06,-,Fixed Income,Multi Sectors,North America,USD,Developed,"-, Income",United States,-,5250000,No,-,Distributing,Bloomberg U.S. Universal 10+ Year Index,56.480529,2022-08-11,133.219091,No,Index,2022-06-30 00:00:00,-1.05,13.97,17.57,-0.17,-20.7,2022-07-31 00:00:00,-19.77,-11.71,-1.44,1.65,4.97,2022-07-31 00:00:00,-19.07,-15.13,-4.25,8.5,84.74,3.8736,22.87,3.64926,14.4817,4.53,-,A,6.5386,513.42,-,239424.0,https://www.ishares.com/us/products/239424/ishares-core-longterm-us-bond-etf
IAEX,iShares AEX UCITS ETF EUR (Dist),IE00B0M62Y33,557576766.28,Ireland,2005-11-18,0.3,-,Equity,Large Cap,Europe,EUR,Developed,-,Netherlands,-,7677588,Yes,iShares plc,Distributing,AEX-Index,72.623949,2022-08-11,2320.5959976,Yes,Index,2022-06-30 00:00:00,11.798706,4.500575,1.835354,32.395029,-7.768269,2022-07-31 00:00:00,-1.296043,17.729675,10.495606,9.161797,6.124629,2022-07-31 00:00:00,-7.406568,-2.145192,34.907167,55.00774,169.854873,2.180823,0,0.10861,-,-,-,AAA,10,120.89,-,251712.0,https://www.ishares.com/uk/individual/en/products/251712/ishares-aex-ucits-etf
IUGA,iShares US Aggregate Bond UCITS ETF GBP Hedged (Dist),IE00BDFGJ841,39844511.06,Ireland,2018-04-10,0.3,-,Fixed Income,Multi Sectors,North America,GBP,Developed,Currency Hedged,United States,Hedged,8670628,Yes,iShares II plc,Distributing,Bloomberg US Aggregate Bond Index,4.595343,2022-08-11,2137.948787,Yes,Index,2022-06-30 00:00:00,-,5.695942,6.864356,-0.940812,-10.831415,2022-07-31 00:00:00,-9.690293,-5.550889,-1.150385,-,0.372793,2022-07-31 00:00:00,-8.452797,-6.451172,-3.411607,-,1.614998,1.893221,8.72,2.52567,6.48864,3.66,2.9,A,6.6688,233.91,-,296775.0,https://www.ishares.com/uk/individual/en/products/296775/ishares-us-aggregate-bond-ucits-etf
QLTA,iShares Aaa - A Rated Corporate Bond ETF,US46429B2916,855599044.75,United States,2012-02-14,0.15,-,Fixed Income,Credit,North America,USD,Developed,Income,United States,-,17450000,No,-,Distributing,Bloomberg Barclays U.S. Corporate Aaa - A Capped Index,49.031464,2022-08-11,374.065274,No,Index,2022-06-30 00:00:00,-1.2,9.85,10.34,0.93,-13.33,2022-07-31 00:00:00,-11.65,-6.38,-0.28,1.43,2.46,2022-07-31 00:00:00,-10.43,-7.52,-0.83,7.38,29,2.3337,11.28,3.24285,7.58174,4.1,-,AAA,9.351,214.89,-,239431.0,https://www.ishares.com/us/products/239431/ishares-aaa-a-rated-corporate-bond-etf
INXG,iShares £ Index-Linked Gilts UCITS ETF GBP (Dist),IE00B1FZSD53,775810496.69,Ireland,2006-12-01,0.1,-,Fixed Income,Inflation,Europe,GBP,Developed,-,United Kingdom,-,45834560,Yes,iShares II plc,Distributing,Bloomberg UK Government Inflation-Linked Bond Index,16.926321,2022-08-11,485.7146,Yes,Index,2022-06-30 00:00:00,1.616518,8.631856,10.598366,-4.060731,-17.422833,2022-07-31 00:00:00,-17.999859,-8.860382,-3.746664,0.704943,5.343093,2022-07-31 00:00:00,-18.585816,-16.254098,-10.824127,3.574763,125.995031,0,19.55,0.55045,18.48112,2.32,0.61,A,5.8996,3.86,-,251717.0,https://www.ishares.com/uk/individual/en/products/251717/ishares-indexlinked-gilts-ucits-etf
IBTM,iShares $ Treasury Bond 7-10yr UCITS ETF USD (Dist),IE00B1FZS798,4241199977.04,Ireland,2006-12-08,0.07,-,Fixed Income,Government,North America,USD,Developed,-,United States,-,22471327,Yes,iShares II plc,Distributing,ICE U.S. Treasury 7-10 Year Bond Index,188.738296,2022-08-11,109.432,Yes,Index,2022-06-30 00:00:00,-1.871163,9.951252,12.761611,-4.393335,-10.471758,2022-07-31 00:00:00,-9.554342,-6.488861,-0.150627,1.346417,3.871943,2022-07-31 00:00:00,-7.948613,-5.862861,-0.451201,6.915825,81.178244,1.411478,8.58,1.46542,7.88318,2.87,2.12,A,5.8124,-,-,251716.0,https://www.ishares.com/uk/individual/en/products/251716/ishares-treasury-bond-710yr-ucits-etf
IBTG,iShares $ Treasury Bond 1-3yr UCITS ETF GBP Hedged (Dist),IE00BDFK1N50,121454898.02,Ireland,2018-04-10,0.1,-,Fixed Income,Government,North America,GBP,Developed,Currency Hedged,United States,Hedged,25550447,Yes,iShares plc,Distributing,ICE U.S. Treasury 1-3 Year Bond Index,4.753533,2022-08-11,105.891,Yes,Index,2022-06-30 00:00:00,-,2.078643,2.872692,-0.23717,-3.712439,2022-07-31 00:00:00,-3.52476,-1.847403,-0.17705,-,0.251909,2022-07-31 00:00:00,-2.742683,-2.038403,-0.530211,-,1.089134,0.378666,1.91,1.45373,1.85314,3.24,0.61,A,5.8124,-,-,296771.0,https://www.ishares.com/uk/individual/en/products/296771/ishares-treasury-bond-1-3yr-ucits-etf
SGEA,iShares Emerging Asia Local Govt Bond UCITS ETF USD (Dist),IE00B6QGFW01,207963646.84,Ireland,2012-03-02,0.5,-,Fixed Income,Government,Asia Pacific,USD,Emerging,-,Broad,-,2413918,Yes,iShares III plc,Distributing,Bloomberg Emerging Markets Asia Local Currency Govt Country Capped Index,86.15191,2022-08-11,163.54406,Yes,Index,2022-06-30 00:00:00,0.5508,8.463292,4.347172,3.861979,-10.14338,2022-07-31 00:00:00,-9.239098,-3.380322,-0.771146,1.207602,1.075709,2022-07-31 00:00:00,-8.641957,-7.663552,-2.295645,6.18561,11.783654,2.958031,9.12,3.60453,6.96948,3.99,4.35,BBB,4.9223,-,-,251723.0,https://www.ishares.com/uk/individual/en/products/251723/ishares-emerging-asia-local-government-bond-ucits-etf
IUAE,iShares US Aggregate Bond UCITS ETF EUR Hedged (Acc),IE00BDFJYM28,212557947.78,Ireland,2018-04-10,0.3,-,Fixed Income,Multi Sectors,North America,EUR,Developed,Currency Hedged,United States,Hedged,44148055,Yes,iShares II plc,Accumulating,Bloomberg US Aggregate Bond Index,4.814661,2022-08-11,2137.948787,Yes,Index,2022-06-30 00:00:00,-,4.354033,5.895349,-1.586809,-11.687064,2022-07-31 00:00:00,-10.594766,-6.339013,-1.975,-,-0.579579,2022-07-31 00:00:00,-9.11592,-7.067806,-5.80875,-,-2.471614,-,8.72,2.52567,6.48864,3.66,2.9,A,6.6688,233.91,-,296776.0,https://www.ishares.com/uk/individual/en/products/296776/ishares-us-aggregate-bond-ucits-etf
IEAC,iShares Core € Corp Bond UCITS ETF EUR (Dist),IE00B3F81R35,7929173313.92,Ireland,2009-03-06,0.2,-,Fixed Income,Credit,Europe,EUR,Developed,-,Broad,-,65265011,Yes,iShares III plc,Distributing,Bloomberg Euro Corporate Bond Index,121.491947,2022-08-11,242.045934,Yes,Index,2022-06-30 00:00:00,0.979855,4.626956,-0.628699,3.437596,-12.580645,2022-07-31 00:00:00,-9.50517,-3.427337,-2.475293,-0.273312,3.637693,2022-07-31 00:00:00,-7.864241,-6.610442,-7.243583,-1.359112,61.412692,0.865133,5.28,1.44051,4.84124,2.47,3.01,AAA,9.2178,131.26,-,251726.0,https://www.ishares.com/uk/individual/en/products/251726/ishares-euro-corporate-bond-ucits-etf
IEAG,iShares € Aggregate Bond ESG UCITS ETF EUR (Dist),IE00B3DKXQ41,1487956094.41,Ireland,2009-03-06,0.16,-,Fixed Income,Multi Sectors,Europe,EUR,Developed,-,Broad,-,13114014,Yes,iShares III plc,Distributing,Bloomberg MSCI Euro Aggregate Sustainable and Green Bond SRI Index,113.463055,2022-08-11,101.469926,Yes,Index,2022-06-30 00:00:00,1.291092,5.38137,1.609134,0.200857,-12.857501,2022-07-31 00:00:00,-10.570793,-5.086595,-3.047959,-0.315316,2.704213,2022-07-31 00:00:00,-8.580411,-7.507216,-8.868007,-1.56667,42.982421,0.566792,7.94,1.43673,6.92633,1.66,2.71,AA,7.3089,82.08,ESG Broad,251725.0,https://www.ishares.com/ch/professionals/en/products/251725/ishares-euro-aggregate-bond-ucits-etf
SEML,iShares J.P. Morgan EM Local Govt Bond UCITS ETF USD (Dist),IE00B5M4WH52,4060188684.44,Ireland,2011-06-20,0.5,-,Fixed Income,Government,Global,USD,Emerging,-,Broad,-,93165574,Yes,iShares III plc,Distributing,J.P. Morgan GBI-EM Global Diversified 10% Cap 1% Floor,43.580353,2022-08-11,125.22732,Yes,Index,2022-06-30 00:00:00,-3.54694,8.097267,-4.569601,5.626842,-19.671302,2022-07-31 00:00:00,-19.257655,-9.260027,-7.034158,-3.740865,-2.383897,2022-07-31 00:00:00,-13.940255,-14.147423,-19.652897,-17.356296,-23.51578,5.571088,6.95,5.26839,4.8383,7.53,6.45,BBB,4.4622,-,-,251724.0,https://www.ishares.com/uk/individual/en/products/251724/ishares-emerging-markets-local-government-bond-ucits-etf
DVYA,iShares Asia/Pacific Dividend ETF,US4642862936,35434510.56,United States,2012-02-23,0.49,-,Equity,All Cap,Asia Pacific,USD,Developed,"Factors, Equity Income, Income",Broad,-,1000000,No,-,Distributing,Dow Jones Asia/Pacific Select Dividend 50 Index,35.434511,2022-08-11,749.819430817105,Yes,Index,2022-06-30 00:00:00,-2.05,4.04,-20.81,27.7,-12.19,2022-07-31 00:00:00,-6.06,9.54,-1.89,-1.48,1.52,2022-07-31 00:00:00,-2.54,-5.47,-5.55,-7.2,17.11,14.2003,0,0.09484,-,-,-,AA,8.3229,326.68,-,239443.0,https://www.ishares.com/us/products/239443/ishares-asiapacific-dividend-etf
EUNS,iShares € Corp Bond ex-Financials 1-5yr ESG UCITS ETF EUR (Dist),IE00B4L5ZY03,1321656451.09,Ireland,2009-09-25,0.2,-,Fixed Income,Credit,Europe,EUR,Developed,-,Broad,-,12539751,Yes,iShares III plc,Distributing,BBG MSCI Euro Corporate ex Financials 1-5 Year Sustainable SRI Bond Index,105.397344,2022-08-11,102.013246,Yes,Index,2022-06-30 00:00:00,0.619207,1.738007,-1.25126,2.139533,-6.468817,2022-07-31 00:00:00,-4.527332,-1.489081,-1.267337,-0.298001,1.752844,2022-07-31 00:00:00,-3.701108,-3.176774,-3.754031,-1.481152,25.012161,0.429802,2.97,1.26644,2.88958,1.79,3.51,AAA,8.9714,167.44,ESG Broad,251730.0,https://www.ishares.com/uk/individual/en/products/251730/ishares-euro-corporate-bond-exfinancials-15yr-ucits-etf
EEXF,iShares € Corp Bond ex-Financials UCITS ETF EUR (Dist),IE00B4L5ZG21,1339185247.75,Ireland,2009-09-25,0.2,-,Fixed Income,Credit,Europe,EUR,Developed,-,Broad,-,12286402,Yes,iShares III plc,Distributing,Bloomberg Barclays Euro Corporate ex-Financials Bond Index,108.997349,2022-08-11,225.773839,Yes,Index,2022-06-30 00:00:00,1.161546,4.67134,-0.60615,3.436161,-12.74396,2022-07-31 00:00:00,-9.6119,-3.530249,-2.507254,-0.209051,2.667963,2022-07-31 00:00:00,-7.817959,-6.556928,-7.334748,-1.040893,40.25143,0.852773,5.68,1.46643,5.24174,2.31,2.96,AA,7.9396,211.56,-,251729.0,https://www.ishares.com/uk/individual/en/products/251729/ishares-euro-corporate-bond-exfinancials-ucits-etf
SE15,iShares € Corp Bond 1-5yr UCITS ETF EUR (Dist),IE00B4L60045,3682172435.32,Ireland,2009-09-25,0.2,-,Fixed Income,Credit,Europe,EUR,Developed,-,Broad,-,34953128,Yes,iShares III plc,Distributing,Bloomberg Euro Corporate 1-5 Year Bond Index,105.346006,2022-08-11,217.259905,Yes,Index,2022-06-30 00:00:00,0.499528,1.978085,-1.020945,2.302931,-7.182282,2022-07-31 00:00:00,-5.093703,-1.684337,-1.347757,-0.318581,1.89026,2022-07-31 00:00:00,-4.279204,-3.685259,-3.989022,-1.582788,27.198575,0.495605,3.08,1.40785,2.89605,2.23,3.42,AAA,9.3752,116.72,-,251728.0,https://www.ishares.com/uk/individual/en/products/251728/ishares-euro-corporate-bond-15yr-ucits-etf
IBGL,iShares € Govt Bond 15-30yr UCITS ETF EUR (Dist),IE00B1FZS913,387992638.88,Ireland,2006-12-08,0.2,-,Fixed Income,Government,Europe,EUR,Developed,-,Broad,-,1790990,Yes,iShares II plc,Distributing,Bloomberg Euro Government Bond 30 Year Term Index,216.635848,2022-08-11,332.6178,Yes,Index,2022-06-30 00:00:00,4.566273,13.901988,6.799095,-0.784455,-24.342465,2022-07-31 00:00:00,-20.938841,-10.709825,-5.55045,0.736145,4.532652,2022-07-31 00:00:00,-17.686598,-16.146708,-15.744225,3.735318,100.072028,0.70787,21.94,2.56458,17.01873,2.14,2.99,BBB,5.5863,3.39,-,251735.0,https://www.ishares.com/uk/individual/en/products/251735/ishares-euro-government-bond-1530yr-ucits-etf
IEGZ,iShares € Govt Bond 10-15yr UCITS ETF EUR (Dist),IE00B4WXJH41,55824848.5,Ireland,2009-04-17,0.2,-,Fixed Income,Government,Europe,EUR,Developed,-,Broad,-,334970,Yes,iShares III plc,Distributing,Bloomberg Euro Government Bond 10-15 yr Term Index,166.656263,2022-08-11,354.4309,Yes,Index,2022-06-30 00:00:00,2.418896,9.638371,4.565439,0.755548,-17.782074,2022-07-31 00:00:00,-15.298737,-7.190639,-3.864385,0.457528,4.37514,2022-07-31 00:00:00,-12.312302,-11.030177,-11.150923,2.30867,76.637425,0.451468,12.33,3.06045,10.41029,1.99,3.49,BBB,5.4398,3.39,-,251734.0,https://www.ishares.com/uk/individual/en/products/251734/ishares-euro-government-bond-1015yr-ucits-etf
IBGS,iShares € Govt Bond 1-3yr UCITS ETF EUR (Dist),IE00B14X4Q57,1801028065.36,Ireland,2006-06-05,0.2,-,Fixed Income,Government,Europe,EUR,Developed,-,Broad,-,12840737,Yes,iShares plc,Distributing,Bloomberg Euro Government Bond 1-3 Year Term Index,140.258932,2022-08-11,174.4087,Yes,Index,2022-06-30 00:00:00,-0.359911,0.468999,-0.508134,-0.234923,-2.52728,2022-07-31 00:00:00,-2.168778,-1.187778,-0.981092,-0.566108,1.630558,2022-07-31 00:00:00,-1.645111,-1.512444,-2.914495,-2.798675,29.856028,0,1.72,0.05721,1.71366,0.79,1.35,A,5.8798,3.39,-,251733.0,https://www.ishares.com/uk/individual/en/products/251733/ishares-euro-government-bond-13yr-ucits-etf
IRCP,iShares € Corp Bond Interest Rate Hedged ESG UCITS ETF EUR (Dist),IE00B6X2VY59,585189576.3,Ireland,2012-10-22,0.25,-,Fixed Income,Credit,Europe,EUR,Developed,-,Broad,-,6398409,Yes,iShares V plc,Distributing,Bloomberg MSCI EUR Corporate Interest Rate Hedged Sustainable SRI Index,91.458607,2022-08-11,124.54693,Yes,Index,2022-06-30 00:00:00,-1.539334,1.018214,-1.329322,3.969586,-6.600659,2022-07-31 00:00:00,-4.951982,-1.225038,-1.117906,-0.743544,0.210258,2022-07-31 00:00:00,-4.316148,-3.727092,-3.316366,-3.662845,2.073735,0.571843,5.18,1.36133,0.02976,1.58,2.99,AAA,10,86.51,ESG Broad,251732.0,https://www.ishares.com/uk/individual/en/products/251732/ishares-euro-corporate-bond-interest-rate-hedged-ucits-etf
IGSB,iShares 1-5 Year Investment Grade Corporate Bond ETF,US4642886463,21485863465.55,United States,2007-01-05,0.06,-,Fixed Income,Credit,North America,USD,Developed,Income,United States,-,423150000,No,-,Distributing,ICE BofA 1-5 Year US Corporate Index,50.775998,2022-08-11,1733.097,Yes,Index,2022-06-30 00:00:00,0.33,6.12,5.34,2.26,-6.23,2022-07-31 00:00:00,-5.25,-1.78,0.75,1.68,2.44,2022-07-31 00:00:00,-4.3,-3.17,2.27,8.68,45.59,1.9497,3.14,3.04158,2.73022,4.2,-,AAA,8.8468,215.53,-,239451.0,https://www.ishares.com/us/products/239451/ishares-13-year-credit-bond-etf
IBCI,iShares € Inflation Linked Govt Bond UCITS ETF EUR (Acc),IE00B0M62X26,1926162775.63,Ireland,2005-11-18,0.09,-,Fixed Income,Inflation,Europe,EUR,Developed,-,Broad,-,8114594,Yes,iShares plc,Accumulating,Bloomberg Euro Government Inflation-Linked Bond Index,237.370196,2022-08-11,245.8485,Yes,Index,2022-06-30 00:00:00,3.456371,1.745219,0.480769,6.282474,-1.904195,2022-07-31 00:00:00,0.618548,3.879217,2.404535,2.902606,2.527077,2022-07-31 00:00:00,-1.016159,-0.654448,7.388448,15.380354,51.706499,-,8.92,1.08237,8.43361,1.39,1.18,A,5.7879,3.39,-,251739.0,https://www.ishares.com/uk/individual/en/products/251739/ishares-euro-inflation-linked-government-bond-ucits-etf
STIP,iShares 0-5 Year TIPS Bond ETF,US46429B7477,12763403020.24,United States,2010-12-01,0.03,-,Fixed Income,Inflation,North America,USD,Developed,Income,United States,-,126550000,No,-,Distributing,Bloomberg Barclays U.S. Treasury Inflation-Protected Securities (TIPS) 0-5 Years Index (Series-L),100.856602,2022-08-11,183.731483,Yes,Index,2022-06-30 00:00:00,1.32,3.14,3.71,5.98,1.1,2022-07-31 00:00:00,1.54,4.04,4.14,3.33,2,2022-07-31 00:00:00,0.34,0.88,12.94,17.78,26.02,10.4779,2.68,0.25563,2.62782,3.02,-,A,5.8124,-,-,239450.0,https://www.ishares.com/us/products/239450/ishares-05-year-tips-bond-etf
IBGM,iShares € Govt Bond 7-10yr UCITS ETF EUR (Dist),IE00B1FZS806,537219744.92,Ireland,2006-12-08,0.2,-,Fixed Income,Government,Europe,EUR,Developed,-,Broad,-,2638610,Yes,iShares II plc,Distributing,Bloomberg Euro Government Bond 10 Year Term Index,203.599525,2022-08-11,272.0421,Yes,Index,2022-06-30 00:00:00,2.154841,7.033909,1.974368,0.09562,-13.719481,2022-07-31 00:00:00,-11.323725,-5.35587,-3.217759,0.09405,3.903613,2022-07-31 00:00:00,-8.805084,-7.584057,-9.34599,0.471137,82.044382,0,8.44,0.44682,8.24571,1.61,2.45,BBB,5.6902,3.39,-,251738.0,https://www.ishares.com/uk/individual/en/products/251738/ishares-euro-government-bond-710yr-ucits-etf
IEGY,iShares € Govt Bond 5-7yr UCITS ETF EUR (Dist),IE00B4WXJG34,331777914.77,Ireland,2009-04-17,0.2,-,Fixed Income,Government,Europe,EUR,Developed,-,Broad,-,2185730,Yes,iShares III plc,Distributing,Bloomberg Euro Government Bond 5-7yr Term Index,151.792725,2022-08-11,234.818,Yes,Index,2022-06-30 00:00:00,0.87347,4.327341,1.506836,0.559533,-9.801835,2022-07-31 00:00:00,-7.949334,-3.542351,-2.119161,-0.057398,2.48682,2022-07-31 00:00:00,-6.165904,-5.172463,-6.223709,-0.286658,38.591465,0,5.94,0.8311,5.78115,1.33,3.03,BBB,5.6041,3.39,-,251737.0,https://www.ishares.com/ch/professionals/en/products/251737/ishares-euro-government-bond-57yr-ucits-etf
IBGX,iShares € Govt Bond 3-5yr UCITS ETF EUR (Dist),IE00B1FZS681,1989353576.69,Ireland,2006-12-08,0.2,-,Fixed Income,Government,Europe,EUR,Developed,-,Broad,-,12040050,Yes,iShares II plc,Distributing,Bloomberg Euro Government Bond 5 Year Term Index,165.228016,2022-08-11,210.591,Yes,Index,2022-06-30 00:00:00,0.661369,2.118853,0.245225,0.092067,-6.513445,2022-07-31 00:00:00,-5.124061,-2.429608,-1.657046,-0.368429,2.560173,2022-07-31 00:00:00,-3.918216,-3.345864,-4.88922,-1.828622,48.510226,0,3.91,0.08569,3.89388,1.05,1.44,A,6.1629,3.39,-,251736.0,https://www.ishares.com/uk/individual/en/products/251736/ishares-euro-government-bond-35yr-ucits-etf
IEI,iShares 3-7 Year Treasury Bond ETF,US4642886612,12188556809.05,United States,2007-01-05,0.15,-,Fixed Income,Government,North America,USD,Developed,Income,United States,-,102000000,No,-,Distributing,ICE US Treasury 3-7 Year Index,119.495655,2022-08-11,107.789,Yes,Index,2022-06-30 00:00:00,-1.26,7.11,8.11,-1.56,-7.89,2022-07-31 00:00:00,-7.2,-4.13,-0.01,0.99,3.04,2022-07-31 00:00:00,-5.38,-3.97,-0.03,5.05,59.32,1.4081,4.86,1.69454,4.5594,3.07,-,A,5.8124,-,-,239455.0,https://www.ishares.com/us/products/239455/ishares-37-year-treasury-bond-etf
IFRB,iShares France Govt Bond UCITS ETF EUR (Dist),IE00B7LGZ558,237978900.22,Ireland,2012-05-08,0.2,-,Fixed Income,Government,Europe,EUR,Developed,-,France,-,1680320,Yes,iShares V plc,Distributing,Bloomberg France Treasury Bond Index,141.62713,2022-08-11,246.112148,Yes,Index,2022-06-30 00:00:00,2.639298,5.400251,1.846509,-2.27338,-13.111482,2022-07-31 00:00:00,-10.596181,-5.951397,-3.633917,-0.400611,1.758479,2022-07-31 00:00:00,-8.471277,-7.269727,-10.51039,-1.987068,19.517222,0,9.88,1.69107,8.28999,1.25,2.71,A,5.9236,3.39,-,251743.0,https://www.ishares.com/uk/individual/en/products/251743/ishares-france-government-bond-ucits-etf
TLT,iShares 20+ Year Treasury Bond ETF,US4642874329,24976626163.09,United States,2002-07-22,0.15,-,Fixed Income,Government,North America,USD,Developed,Income,United States,-,218500000,No,-,Distributing,ICE US Treasury 20+ Year Index,114.309502,2022-08-11,109.799,Yes,Index,2022-06-30 00:00:00,0.03,12.07,25.77,-10.71,-19.2,2022-07-31 00:00:00,-20.09,-15.82,-2.43,0.99,5.23,2022-07-31 00:00:00,-19.96,-16.76,-7.11,5.07,177.66,2.1432,25.74,2.4225,18.0099,3.33,-,A,5.8124,-,-,239454.0,https://www.ishares.com/us/products/239454/ishares-20-year-treasury-bond-etf
TLH,iShares 10-20 Year Treasury Bond ETF,US4642886539,4702422182.92,United States,2007-01-05,0.15,-,Fixed Income,Government,North America,USD,Developed,Income,United States,-,39100000,No,-,Distributing,ICE US Treasury 10-20 Year Bond Index,120.266552,2022-08-11,103.251,Yes,Index,2022-06-30 00:00:00,-1.75,11.66,19.19,-9.88,-17,2022-07-31 00:00:00,-17.27,-13.45,-2.89,0.12,4.01,2022-07-31 00:00:00,-16.24,-13.29,-8.41,0.6,84.42,2.1812,17.81,2.1102,14.06147,3.36,-,A,5.8124,-,-,239453.0,https://www.ishares.com/us/products/239453/ishares-1020-year-treasury-bond-etf
IEGE,iShares € Govt Bond 0-1yr UCITS ETF EUR (Dist),IE00B3FH7618,604785514.27,Ireland,2009-03-06,0.2,-,Fixed Income,Government,Europe,EUR,Developed,-,Broad,-,6276783,Yes,iShares III plc,Distributing,Bloomberg Euro Short Treasury (0-12 Months) Bond Index,96.352783,2022-08-11,120.263299,Yes,Index,2022-06-30 00:00:00,-0.72584,-0.491925,-0.611592,-0.669809,-0.946848,2022-07-31 00:00:00,-0.932295,-0.803008,-0.747451,-0.687231,-0.011746,2022-07-31 00:00:00,-0.638463,-0.522837,-2.225633,-3.389249,-0.157277,0,0.5,2.41385,0.4983,0.37,2.79,BBB,5.648,3.39,-,251741.0,https://www.ishares.com/uk/individual/en/products/251741/ishares-euro-government-bond-01yr-ucits-etf
SHY,iShares 1-3 Year Treasury Bond ETF,US4642874576,26430970735.72,United States,2002-07-22,0.15,-,Fixed Income,Government,North America,USD,Developed,Income,United States,-,320400000,No,-,Distributing,ICE US Treasury 1-3 Year Index,82.493666,2022-08-11,105.884,Yes,Index,2022-06-30 00:00:00,-0.1,3.84,3.97,-0.06,-3.57,2022-07-31 00:00:00,-3.33,-1.67,0.25,0.82,1.74,2022-07-31 00:00:00,-2.61,-1.93,0.74,4.17,41.26,1.2591,1.91,1.20722,1.85345,3.24,-,A,5.8124,-,-,239452.0,https://www.ishares.com/us/products/239452/ishares-13-year-treasury-bond-etf
IEGA,iShares Core € Govt Bond UCITS ETF EUR (Dist),IE00B4WXJJ64,3944454173.06,Ireland,2009-04-17,0.09,-,Fixed Income,Government,Europe,EUR,Developed,-,Broad,-,33446927,Yes,iShares III plc,Distributing,Bloomberg Euro Treasury Bond Index,117.931736,2022-08-11,250.211888,Yes,Index,2022-06-30 00:00:00,1.546718,6.247266,2.684186,-0.258753,-12.73654,2022-07-31 00:00:00,-10.783538,-5.296533,-2.911726,0.039643,2.771358,2022-07-31 00:00:00,-8.68261,-7.657651,-8.483301,0.198374,43.791754,0.248449,9.35,1.83515,7.85382,1.44,2.86,A,5.7546,3.39,-,251740.0,https://www.ishares.com/ch/professionals/en/products/251740/ishares-euro-government-bond-ucits-etf
CMBS,iShares CMBS ETF,US46429B3666,667277073.52,United States,2012-02-14,0.25,-,Fixed Income,Mortgages,North America,USD,Developed,Income,United States,-,13850000,No,-,Distributing,Bloomberg Barclays U.S. CMBS (ERISA Only) Index,48.17885,2022-08-11,304.676907,No,Index,2022-06-30 00:00:00,-0.42,8.7,6.55,1.87,-9.17,2022-07-31 00:00:00,-8.36,-3.5,0.06,1.55,2.27,2022-07-31 00:00:00,-6.7,-5.25,0.18,8,26.48,2.5271,5.15,3.08033,4.63748,4.1,-,-,-,-,-,239459.0,https://www.ishares.com/us/products/239459/ishares-cmbs-etf
IITB,iShares Italy Govt Bond UCITS ETF EUR (Dist),IE00B7LW6Y90,1256256351.02,Ireland,2012-05-08,0.2,-,Fixed Income,Government,Europe,EUR,Developed,-,Italy,-,8222535,Yes,iShares V plc,Distributing,Bloomberg Italy Treasury Bond Index,152.782122,2022-08-11,280.281831,Yes,Index,2022-06-30 00:00:00,-1.341177,6.725707,6.433144,4.239197,-12.836724,2022-07-31 00:00:00,-12.633888,-4.712524,-1.60536,0.581535,3.675325,2022-07-31 00:00:00,-10.09355,-9.528587,-4.739177,2.94169,44.652038,0.754997,8.39,2.52262,6.75658,2.28,3.46,BBB,5.1495,3.39,-,251747.0,https://www.ishares.com/uk/individual/en/products/251747/ishares-italy-government-bond-ucits-etf
AGG,iShares Core U.S. Aggregate Bond ETF,US4642872265,83346071025.1,United States,2003-09-22,0.04,-,Fixed Income,Multi Sectors,North America,USD,Developed,"-, Income",United States,-,813000000,No,-,Distributing,Bloomberg US Aggregate Bond Index,102.516693,2022-08-11,2137.948787,Yes,Index,2022-06-30 00:00:00,-0.47,7.84,8.64,-0.37,-10.29,2022-07-31 00:00:00,-9.13,-5.03,-0.26,1.23,3.32,2022-07-31 00:00:00,-8.09,-6.13,-0.77,6.28,85.22,2.2911,8.73,2.57085,6.46695,3.64,-,A,6.5972,282.25,-,239458.0,https://www.ishares.com/us/products/239458/ishares-core-total-us-bond-market-etf
IGIL,iShares Global Inflation Linked Govt Bond UCITS ETF USD (Acc),IE00B3B8PX14,777165248.33,Ireland,2008-08-01,0.2,-,Fixed Income,Inflation,Global,USD,Developed,-,Broad,-,4741219,Yes,iShares III plc,Accumulating,Bloomberg World Government Inflation-Linked Bond Index,163.916758,2022-08-11,342.3769,Yes,Index,2022-06-30 00:00:00,3.108594,3.4896760000000002,5.562076,7.574718,-14.197596,2022-07-31 00:00:00,-13.708926,-4.050342,0.563871,1.439122,1.960787,2022-07-31 00:00:00,-13.318538,-10.926628,1.701171,7.405718,31.232406,-,11.19,0.8032,10.46392,2.46,0.96,A,5.9105,-,-,251746.0,https://www.ishares.com/uk/individual/en/products/251746/ishares-global-inflation-linked-government-bond-ucits-etf
MAGG,BlackRock ESG Multi-Asset Growth Portfolio UCITS ETF GBP Hedged (Acc),IE00BLLZQ912,9405473.68,Ireland,2020-09-14,0.25,-,Multi Asset,Risk Rated,Global,GBP,Developed,"Currency Hedged, Sustainable, Multi-Asset Solutions",Broad,Hedged,1627433,Yes,iShares III plc,Accumulating,Placeholder for prolonged perf holidays (No Benchmark applicable),5.77933,2022-08-11,-,Yes,Active,2022-06-30 00:00:00,-,-,-,-,-10.989017,2022-07-31 00:00:00,-4.581055,-,-,-,7.144576,2022-07-31 00:00:00,-10.54143,-6.205953,-,-,13.835406,-,1.65,1.15215,-,-,-,AAA,8.9093,100.3,ESG Broad,313189.0,https://www.ishares.com/uk/individual/en/products/313189/ishares-growth-portfolio-ucits-etf
AGZ,iShares Agency Bond ETF,US4642881662,620516584.37,United States,2008-11-05,0.2,-,Fixed Income,Government,North America,USD,Developed,Income,United States,-,5650000,No,-,Distributing,Bloomberg U.S. Agency Bond Index,109.825944,2022-08-11,1829.039629,Yes,Index,2022-06-30 00:00:00,-0.15,5.95,7.15,-0.34,-6.16,2022-07-31 00:00:00,-5.78,-3.03,0.42,1.35,2.25,2022-07-31 00:00:00,-4.77,-3.63,1.27,6.91,35.68,1.3682,4.13,2.72866,3.56775,3.42,-,A,7.0356,688.59,-,239457.0,https://www.ishares.com/us/products/239457/ishares-agency-bond-etf
MAGR,BlackRock ESG Multi-Asset Growth Portfolio UCITS ETF EUR (Acc),IE00BLLZQ805,31009790.56,Ireland,2020-09-08,0.25,-,Multi Asset,Risk Rated,Global,EUR,Developed,"Sustainable, Multi-Asset Solutions",Broad,-,5403968,Yes,iShares III plc,Accumulating,Placeholder for prolonged perf holidays (No Benchmark applicable),5.738337,2022-08-11,-,Yes,Active,2022-06-30 00:00:00,-,-,-,-,-11.663603,2022-07-31 00:00:00,-5.257608,-,-,-,7.116818,2022-07-31 00:00:00,-11.013987,-6.628861,-,-,13.910481,-,1.65,1.15215,-,-,-,AAA,8.9093,100.3,ESG Broad,313190.0,https://www.ishares.com/uk/individual/en/products/313190/ishares-growth-portfolio-ucits-etf
IEF,iShares 7-10 Year Treasury Bond ETF,US4642874402,23205704813.85,United States,2002-07-22,0.15,-,Fixed Income,Government,North America,USD,Developed,Income,United States,-,224900000,No,-,Distributing,ICE US Treasury 7-10 Year Index,103.182325,2022-08-11,109.445,Yes,Index,2022-06-30 00:00:00,-1.92,10,12.61,-4.48,-10.55,2022-07-31 00:00:00,-9.65,-6.58,-0.26,1.28,4.01,2022-07-31 00:00:00,-8.01,-5.96,-0.78,6.54,119.67,2.0851,8.53,1.32488,7.88844,2.89,-,A,5.8124,-,-,239456.0,https://www.ishares.com/us/products/239456/ishares-710-year-treasury-bond-etf
SDEU,iShares Germany Govt Bond UCITS ETF EUR (Dist),IE00B5V94313,587326363.54,Ireland,2012-05-08,0.2,-,Fixed Income,Government,Europe,EUR,Developed,-,Germany,-,4422459,Yes,iShares V plc,Distributing,Bloomberg Germany Treasury Bond Index,132.805383,2022-08-11,232.468036,Yes,Index,2022-06-30 00:00:00,1.901744,4.815234,0.951881,-2.26676,-11.233322,2022-07-31 00:00:00,-8.953219,-5.040079,-3.191124,-0.424922,0.88916,2022-07-31 00:00:00,-7.215093,-6.179357,-9.271123,-2.10663,9.47646,0,8.74,1.1813,7.81786,0.75,2.12,AA,7.4121,3.39,-,251744.0,https://www.ishares.com/uk/individual/en/products/251744/ishares-germany-government-bond-ucits-etf
IGIB,iShares 5-10 Year Investment Grade Corporate Bond ETF,US4642886380,9700273788.91,United States,2007-01-05,0.06,-,Fixed Income,Credit,North America,USD,Developed,Income,United States,-,186300000,No,-,Distributing,ICE BofA 5-10 Year US Corporate Index,52.068029,2022-08-11,3505.251,Yes,Index,2022-06-30 00:00:00,-0.54,11.24,9.16,3.1,-13.29,2022-07-31 00:00:00,-11.57,-4.98,0.09,2.07,3.73,2022-07-31 00:00:00,-10,-7.67,0.26,10.77,76.75,2.8913,7.64,3.38051,6.32062,4.6,-,AA,8.3057,283.71,-,239463.0,https://www.ishares.com/us/products/239463/ishares-intermediate-credit-bond-etf
GBF,iShares Government/Credit Bond ETF,US4642885960,162224979.89,United States,2007-01-05,0.2,-,Fixed Income,Multi Sectors,North America,USD,Developed,Income,United States,-,1500000,No,-,Distributing,Bloomberg Barclays U.S. Government/Credit Bond Index,108.149987,2022-08-11,2467.83462,Yes,Index,2022-06-30 00:00:00,-0.81,8.36,9.75,-0.67,-11.03,2022-07-31 00:00:00,-10.29,-5.92,-0.36,1.18,3.28,2022-07-31 00:00:00,-9.12,-6.93,-1.08,6.06,65.19,2.2198,9.04,2.36622,6.70168,3.68,-,A,7.0066,286.59,-,239462.0,https://www.ishares.com/us/products/239462/ishares-governmentcredit-bond-etf
SUAG,iShares US Aggregate Bond UCITS ETF USD (Dist),IE00B44CGS96,818812348.96,Ireland,2011-09-13,0.25,-,Fixed Income,Multi Sectors,North America,USD,Developed,-,United States,-,8395332,Yes,iShares II plc,Distributing,Bloomberg US Aggregate Bond Index,97.53186,2022-08-11,2137.948787,Yes,Index,2022-06-30 00:00:00,-0.717563,7.574225,8.36338,-0.590989,-10.46779,2022-07-31 00:00:00,-9.317392,-5.236597,-0.479719,0.992128,1.702645,2022-07-31 00:00:00,-8.1957,-6.207969,-1.432263,5.060051,20.165265,1.854881,8.72,2.52567,6.48864,3.66,2.9,A,6.6688,233.91,-,251750.0,https://www.ishares.com/uk/individual/en/products/251750/ishares-us-aggregate-bond-ucits-etf
GNMA,iShares GNMA Bond ETF,US46429B3336,341317671.66,United States,2012-02-14,0.11,-,Fixed Income,Mortgages,North America,USD,Developed,Income,United States,-,7350000,No,-,Distributing,Bloomberg Barclays U.S. GNMA Bond Index,46.437778,2022-08-11,2111.837535,No,Index,2022-06-30 00:00:00,-0.24,6.03,4.85,-0.87,-8.25,2022-07-31 00:00:00,-5.61,-3.08,-0.65,0.71,1.08,2022-07-31 00:00:00,-4.81,-3.67,-1.95,3.61,11.87,1.908,7.74,2.86024,6.34663,3.47,-,-,-,-,-,239461.0,https://www.ishares.com/us/products/239461/ishares-gnma-bond-etf
IS0P,iShares Spain Govt Bond UCITS ETF EUR (Dist),IE00B428Z604,427882986.1,Ireland,2012-05-08,0.2,-,Fixed Income,Government,Europe,EUR,Developed,-,Spain,-,2692260,Yes,iShares V plc,Distributing,Bloomberg Spain Treasury Bond Index,158.930781,2022-08-11,275.495401,Yes,Index,2022-06-30 00:00:00,3.037906,8.618523,0.719983,0.152968,-12.216727,2022-07-31 00:00:00,-9.756335,-4.638345,-2.853267,0.666487,4.099466,2022-07-31 00:00:00,-7.984436,-6.80024,-8.317891,3.37715,50.820161,0.50802,9.22,2.23756,7.55626,1.56,3.5,BBB,5.1443,3.39,-,251749.0,https://www.ishares.com/uk/individual/en/products/251749/ishares-spain-government-bond-ucits-etf
USIG,iShares Broad USD Investment Grade Corporate Bond ETF,US4642886208,7017320768.53,United States,2007-01-05,0.04,-,Fixed Income,Credit,North America,USD,Developed,Income,United States,-,135600000,No,-,Distributing,ICE BofA US Corporate Index,51.750153,2022-08-11,3099.626,Yes,Index,2022-06-30 00:00:00,-0.83,10.33,9.1,3.26,-13.88,2022-07-31 00:00:00,-12.51,-5.78,-0.26,1.64,4.02,2022-07-31 00:00:00,-11.32,-8.52,-0.77,8.49,84.71,2.9407,10.98,3.64085,7.28783,4.57,-,AA,8.2827,331.63,-,239460.0,https://www.ishares.com/us/products/239460/ishares-credit-bond-etf
TIP,iShares TIPS Bond ETF,US4642871762,29745424401.07,United States,2003-12-04,0.19,-,Fixed Income,Inflation,North America,USD,Developed,Income,United States,-,258900000,No,-,Distributing,Bloomberg U.S. Treasury Inflation Protected Securities (TIPS) Index (Series-L),114.891558,2022-08-11,348.426752,Yes,Index,2022-06-30 00:00:00,2.01,4.59,8.32,6.11,-5.33,2022-07-31 00:00:00,-3.83,1.19,4.15,3.8,3.98,2022-07-31 00:00:00,-5.09,-3.18,12.98,20.51,107.22,11.7813,7.63,0.52493,7.14984,3.05,-,A,5.8124,-,-,239467.0,https://www.ishares.com/us/products/239467/ishares-tips-bond-etf
MACV,BlackRock ESG Multi-Asset Conservative Portfolio UCITS ETF EUR (Acc),IE00BLP53M98,13016137.51,Ireland,2020-09-08,0.25,-,Multi Asset,Risk Rated,Global,EUR,Developed,"Sustainable, Multi-Asset Solutions",Broad,-,2668647,Yes,iShares III plc,Accumulating,Placeholder for prolonged perf holidays (No Benchmark applicable),4.877429,2022-08-11,-,Yes,Active,2022-06-30 00:00:00,-,-,-,-,-9.392881,2022-07-31 00:00:00,-6.75515,-,-,-,-1.102269,2022-07-31 00:00:00,-7.586292,-5.444335,-,-,-2.07789,-,5.09,2.07051,-,-,-,A,7.0523,105.51,ESG Broad,313196.0,https://www.ishares.com/uk/individual/en/products/313196/ishares-conservative-portfolio-ucits-etf
SHV,iShares Short Treasury Bond ETF,US4642886794,19491735777.87,United States,2007-01-05,0.15,-,Fixed Income,Government,North America,USD,Developed,Income,United States,-,177200000,No,-,Distributing,ICE Short US Treasury Securities Index,109.998509,2022-08-11,126.949,Yes,Index,2022-06-30 00:00:00,1.14,2.35,1.85,-0.02,-0.28,2022-07-31 00:00:00,-0.17,-0.11,0.49,1,0.9,2022-07-31 00:00:00,-0.1,-0.05,1.49,5.1,14.88,1.4058,0.32,0.59338,0.31054,2.48,-,A,5.8124,-,-,239466.0,https://www.ishares.com/us/products/239466/ishares-short-treasury-bond-etf
MBB,iShares MBS ETF,US4642885887,21624608712.34,United States,2007-03-13,0.05,-,Fixed Income,Mortgages,North America,USD,Developed,Income,United States,-,218600000,No,-,Distributing,Bloomberg US Mortgage Backed Securities Index,98.923187,2022-08-11,2136.370816,Yes,Index,2022-06-30 00:00:00,-0.08,6.19,5.6,-0.41,-9.07,2022-07-31 00:00:00,-6.84,-3.48,-0.6,0.81,2.8,2022-07-31 00:00:00,-5.89,-4.45,-1.79,4.14,52.88,2.1821,8.03,2.72156,6.06724,3.53,-,-,-,-,-,239465.0,https://www.ishares.com/us/products/239465/ishares-mbs-etf
IGLO,iShares Global Govt Bond UCITS ETF USD (Dist),IE00B3F81K65,1011978060.71,Ireland,2009-03-06,0.2,-,Fixed Income,Government,Global,USD,Developed,-,Broad,-,10467470,Yes,iShares III plc,Distributing,FTSE G7 Government Bond Index,96.678381,2022-08-11,862.0351,Yes,Index,2022-06-30 00:00:00,1.400006,5.397157,5.234227,-0.309333,-16.137096,2022-07-31 00:00:00,-16.146525,-9.25853,-3.526825,-1.208193,1.006492,2022-07-31 00:00:00,-12.982848,-11.151564,-10.211706,-5.896746,14.361656,0.742979,9.54,1.62843,7.95959,2.21,1.97,A,5.9525,-,-,251753.0,https://www.ishares.com/uk/individual/en/products/251753/ishares-global-government-bond-ucits-etf
GVI,iShares Intermediate Government/Credit Bond ETF,US4642886125,2367181105.31,United States,2007-01-05,0.2,-,Fixed Income,Multi Sectors,North America,USD,Developed,Income,United States,-,22350000,No,-,Distributing,Bloomberg U.S. Intermediate Government/Credit Bond Index,105.914143,2022-08-11,2202.568294,Yes,Index,2022-06-30 00:00:00,-0.75,6.73,6.99,-0.04,-7.43,2022-07-31 00:00:00,-6.63,-3.38,0.21,1.19,2.86,2022-07-31 00:00:00,-5.29,-3.9,0.63,6.09,55.18,1.7984,4.34,2.14187,3.94314,3.48,-,A,6.8503,186.11,-,239464.0,https://www.ishares.com/us/products/239464/ishares-intermediate-governmentcredit-bond-etf
MAMG,BlackRock ESG Multi-Asset Moderate Portfolio UCITS ETF GBP Hedged (Acc),IE00BLLZQ797,7979353.79,Ireland,2020-09-14,0.25,-,Multi Asset,Risk Rated,Global,GBP,Developed,"Currency Hedged, Sustainable, Multi-Asset Solutions",Broad,Hedged,1465648,Yes,iShares III plc,Accumulating,Placeholder for prolonged perf holidays (No Benchmark applicable),5.444249,2022-08-11,-,Yes,Active,2022-06-30 00:00:00,-,-,-,-,-9.234421,2022-07-31 00:00:00,-4.670818,-,-,-,4.174035,2022-07-31 00:00:00,-8.679923,-5.29317,-,-,7.981255,-,3.09,2.33047,-,-,-,AA,7.993,104.95,ESG Broad,313192.0,https://www.ishares.com/uk/individual/en/products/313192/ishares-moderate-portfolio-ucits-etf
MODR,BlackRock ESG Multi-Asset Moderate Portfolio UCITS ETF EUR (Acc),IE00BLLZQS08,20334268.43,Ireland,2020-09-08,0.25,-,Multi Asset,Risk Rated,Global,EUR,Developed,"Sustainable, Multi-Asset Solutions",Broad,-,3770660,Yes,iShares III plc,Accumulating,Placeholder for prolonged perf holidays (No Benchmark applicable),5.392761,2022-08-11,-,Yes,Active,2022-06-30 00:00:00,-,-,-,-,-9.973963,2022-07-31 00:00:00,-5.426037,-,-,-,3.925955,2022-07-31 00:00:00,-9.203152,-5.744754,-,-,7.56791,-,3.09,2.33047,-,-,-,AA,7.993,104.95,ESG Broad,313193.0,https://www.ishares.com/uk/individual/en/products/313193/ishares-moderate-portfolio-ucits-etf
GOVT,iShares U.S. Treasury Bond ETF,US46429B2676,22655431317.26,United States,2012-02-14,0.05,-,Fixed Income,Government,North America,USD,Developed,Income,United States,-,948100000,No,-,Distributing,ICE US Treasury Core Bond Index,23.895614,2022-08-11,107.215,No,Index,2022-06-30 00:00:00,-0.81,7.1,10.33,-3.29,-9.04,2022-07-31 00:00:00,-8.82,-6.01,-0.44,0.9,1.16,2022-07-31 00:00:00,-7.69,-6.02,-1.31,4.59,12.88,1.8277,7.86,1.8405,6.30647,3.17,-,A,5.8124,-,-,239468.0,https://www.ishares.com/us/products/239468/ishares-us-treasury-bond-etf
MACG,BlackRock ESG Multi-Asset Conservative Portfolio UCITS ETF GBP Hedged (Acc),IE00BLP53N06,1646340.94,Ireland,2020-09-14,0.25,-,Multi Asset,Risk Rated,Global,GBP,Developed,"Currency Hedged, Sustainable, Multi-Asset Solutions",Broad,Hedged,333506,Yes,iShares III plc,Accumulating,Placeholder for prolonged perf holidays (No Benchmark applicable),4.936465,2022-08-11,-,Yes,Active,2022-06-30 00:00:00,-,-,-,-,-8.610275,2022-07-31 00:00:00,-5.938979,-,-,-,-0.617216,2022-07-31 00:00:00,-7.010378,-4.910934,-,-,-1.155855,-,5.09,2.07051,-,-,-,A,7.0523,105.51,ESG Broad,313195.0,https://www.ishares.com/uk/individual/en/products/313195/ishares-conservative-portfolio-ucits-etf
EXSB,iShares DivDAX® UCITS ETF (DE),DE0002635273,483869426.63,Germany,2005-04-04,0.31,-,Equity,Large Cap,Europe,EUR,Developed,Equity Income,Germany,-,28150000,No,BlackRock Asset Management Deutschland AG,Distributing,DivDAX®,17.189,2022-08-11,375.05,Yes,Index,2022-06-30 00:00:00,0.089877,0.915494,-2.518411,29.810972,-16.22854,2022-07-31 00:00:00,-11.422658,8.187689,4.335051,2.810567,6.732549,2022-07-31 00:00:00,-11.643748,-14.452677,13.577081,14.865276,209.146896,3.179126,0,0,-,-,0,A,5.8592,313.79,-,251763.0,https://www.ishares.com/de/privatanleger/de/produkte/251763/ishares-divdax-ucits-etf-de-fund
IESE,iShares MSCI Europe SRI UCITS ETF EUR (Acc),IE00B52VJ196,3524725501.19,Ireland,2011-02-25,0.2,-,Equity,Large Cap,Europe,EUR,Developed,Sustainable,Broad,-,60531378,Yes,iShares II plc,Accumulating,MSCI Europe SRI Select Reduced Fossil Fuel Index,58.229725,2022-08-11,2973.705847,Yes,Index,2022-06-30 00:00:00,4.399413,7.807144,2.950628,28.598304,-9.092986,2022-07-31 00:00:00,-4.2459,12.985008,9.455632,8.007367,7.60203,2022-07-31 00:00:00,-10.414839,-4.903359,31.133705,46.98293,131.060432,-,0,0.04484,-,-,-,AAA,10,64.26,ESG Broad,251767.0,https://www.ishares.com/ch/professionals/en/products/251767/ishares-msci-europe-sri-ucits-etf
SEDY,iShares EM Dividend UCITS ETF USD (Dist),IE00B652H904,402675331.19,Ireland,2011-11-25,0.65,-,Equity,All Cap,Global,USD,Emerging,Equity Income,Broad,-,28362404,Yes,iShares V plc,Distributing,Dow Jones Emerging Markets Select Dividend Index,14.197503,2022-08-11,2546.57712859864,Yes,Index,2022-06-30 00:00:00,3.821854,9.449881,-17.926957,32.592842,-27.60542,2022-07-31 00:00:00,-28.837341,-4.404426,-8.41817,-3.47095,-0.276119,2022-07-31 00:00:00,-31.193723,-31.163791,-23.188198,-16.191094,-2.910008,10.234194,0,0.34826,-,-,-,BB,3.9112,553.35,-,251766.0,https://www.ishares.com/uk/individual/en/products/251766/ishares-emerging-markets-dividend-ucits-etf
EXXU,iShares Dow Jones China Offshore 50 UCITS ETF (DE),DE000A0F5UE8,74700424.89,Germany,2006-03-27,0.61,-,Equity,Large Cap,Asia Pacific,USD,Emerging,-,China,-,1850000,No,BlackRock Asset Management Deutschland AG,Distributing,DJ China Offshore 50SM,40.3786,2022-08-11,7114.98869308902,Yes,Index,2022-06-30 00:00:00,17.07412,-6.395993,11.724964,24.955775,-34.375263,2022-07-31 00:00:00,-29.256864,-16.813362,-5.755202,-3.5554,5.435574,2022-07-31 00:00:00,-19.543821,-19.431631,-16.290998,-16.557064,137.491792,1.274314,0,0.21461,-,-,0,A,6.7704,95.51,-,251765.0,https://www.ishares.com/de/privatanleger/de/produkte/251765/ishares-dow-jones-china-offshore-50-ucits-etf-de-fund
EXXW,iShares Dow Jones Asia Pacific Select Dividend 50 UCITS ETF (DE),DE000A0H0744,256529571.84,Germany,2006-03-27,0.31,-,Equity,All Cap,Asia Pacific,EUR,Developed,Equity Income,Broad,-,10325000,No,BlackRock Asset Management Deutschland AG,Distributing,Dow Jones Asia/Pacific Select Dividend 50 Index,24.8455,2022-08-11,846.903489330121,Yes,Index,2022-06-30 00:00:00,-4.210085,6.719604,-19.624926,20.991686,-0.628183,2022-07-31 00:00:00,8.819725,17.647545,0.892023,1.361118,5.30572,2022-07-31 00:00:00,8.217984,3.969968,2.70001,6.993394,132.75685,5.407539,0,0.07457,-,-,0.01,AA,8.3251,326.81,-,251764.0,https://www.ishares.com/de/privatanleger/de/produkte/251764/ishares-dow-jones-asia-pacific-select-dividend-30-ucits-etf-de-fund
EXX5,iShares Dow Jones U.S. Select Dividend UCITS ETF (DE),DE000A0D8Q49,435797821.63,Germany,2005-09-28,0.31,-,Equity,Large Cap,North America,USD,Developed,Equity Income,United States,-,4925000,No,BlackRock Asset Management Deutschland AG,Distributing,Dow Jones U.S. Select Dividend IndexSM,88.4869,2022-08-11,2992.84367321155,Yes,Index,2022-06-30 00:00:00,8.424142,4.371388,-16.322847,48.256157,2.830846,2022-07-31 00:00:00,7.893139,24.169065,9.579451,8.317959,7.082324,2022-07-31 00:00:00,0.650715,-0.544479,31.579237,49.108477,216.529732,2.217075,0,0.33176,-,-,0,AA,8.2747,664.69,-,251771.0,https://www.ishares.com/de/privatanleger/de/produkte/251771/ishares-dow-jones-us-select-dividend-ucits-etf-de-fund
ITWAX,iShares MSCI Taiwan UCITS ETF USD (Acc),IE000AJFZ9E4,38038137.47,Ireland,2021-06-28,0.74,-,Equity,Large/Mid Cap,Asia Pacific,USD,Emerging,-,Taiwan,-,450764,Yes,iShares plc,Accumulating,MSCI Taiwan 20/35 Index (Net),84.385925,2022-08-11,6047.099375,Yes,Index,2022-06-30 00:00:00,-,-,-,-,-20.294609,2022-07-31 00:00:00,-16.69233,-,-,-,-16.256024,2022-07-31 00:00:00,-23.139908,-20.695336,-,-,-17.56626,-,0,-0.00038,-,-,-,A,6.3225,224,-,319356.0,https://www.ishares.com/uk/individual/en/products/319356/ishares-msci-taiwan-ucits-etf
ICF,iShares Cohen & Steers REIT ETF,US4642875649,2758843615.23,United States,2001-01-29,0.33,-,Real Estate,Real Estate Securities,North America,USD,Developed,"Sectors, Income",United States,-,41600000,No,-,Distributing,Cohen & Steers Realty Majors Index,66.318356,2022-08-11,2571.75992354153,Yes,Index,2022-06-30 00:00:00,2.01,16.02,-7.97,32.28,-5.38,2022-07-31 00:00:00,-2.36,13.98,7.09,7.89,9.76,2022-07-31 00:00:00,-12.98,-4.81,22.83,46.17,640.38,1.3909,0,0.11664,-,-,-,AA,8.2399,110.57,-,239482.0,https://www.ishares.com/us/products/239482/ishares-cohen-steers-reit-etf
EXI3,iShares Dow Jones Industrial Average UCITS ETF (DE),DE0006289390,251866819.22,Germany,2001-09-19,0.51,-,Equity,Large Cap,North America,USD,Developed,-,United States,-,760000,No,BlackRock Asset Management Deutschland AG,Distributing,Dow Jones Industrial Average,331.4037,2022-08-11,79473.8081349861,Yes,Index,2022-06-30 00:00:00,14.908217,10.83836,-1.662727,34.826592,-10.058184,2022-07-31 00:00:00,-5.19764,12.418686,8.005424,9.584478,7.843023,2022-07-31 00:00:00,-9.175911,-6.071014,25.990181,58.032066,383.247669,0.824986,0,0.77089,-,-,0,AAA,9.4451,42.43,-,251770.0,https://www.ishares.com/de/privatanleger/de/produkte/251770/ishares-dow-jones-industrial-average-ucits-etf-de-fund
EXI2,iShares Dow Jones Global Titans 50 UCITS ETF (DE),DE0006289382,1051155454.55,Germany,2001-08-14,0.51,-,Equity,Large Cap,Global,EUR,Developed,-,Broad,-,17860000,No,BlackRock Asset Management Deutschland AG,Distributing,DJ Global Titans 50SM,58.8553,2022-08-11,1246.11314435152,Yes,Index,2022-06-30 00:00:00,9.640672,14.034938,13.828154,29.050656,-3.861805,2022-07-31 00:00:00,5.257458,17.630612,15.137326,14.809291,4.99157,2022-07-31 00:00:00,-6.409892,-2.754748,52.632991,99.473489,177.600579,0.604625,0,0.50738,-,-,0,AA,8.211,53.38,-,251769.0,https://www.ishares.com/de/privatanleger/de/produkte/251769/ishares-dow-jones-global-titans-50-ucits-etf-de-fund
MVEA,iShares Edge MSCI USA Minimum Volatility ESG UCITS ETF USD (Acc),IE00BKVL7331,1766031107.61,Ireland,2020-04-20,0.2,-,Equity,Large/Mid Cap,North America,USD,Developed,"Smart Beta, Sustainable",United States,-,268000000,Yes,iShares VI plc,Accumulating,MSCI USA Minimum Volatility ESG Reduced Carbon Target Index,6.589668,2022-08-11,4379.872497,Yes,Index,2022-06-30 00:00:00,-,-,-,27.517974,-6.986481,2022-07-31 00:00:00,-4.558113,9.761492,-,-,13.146394,2022-07-31 00:00:00,-10.684307,-4.132334,-,-,32.489554,-,0,0.79246,-,-,-,AAA,9.4815,112.66,ESG Broad,313214.0,https://www.ishares.com/uk/individual/en/products/313214/ishares-edge-msci-usa-minimum-volatility-advanced-ucits-etf
IGSG,iShares Dow Jones Global Sustainability Screened UCITS ETF USD (Acc),IE00B57X3V84,743872564.64,Ireland,2011-02-25,0.6,-,Equity,Large Cap,Global,USD,Developed,Sustainable,Broad,-,13600000,Yes,iShares II plc,Accumulating,"Dow Jones Sustainability World Enlarged Index ex Alcohol, Tobacco, Gambling, Armaments & Firearms and Adult Entertainment",54.696512,2022-08-11,2717.39111104712,Yes,Index,2022-06-30 00:00:00,8.939757,6.265112,3.861669,35.751643,-13.935192,2022-07-31 00:00:00,-9.616715,9.196169,8.681897,7.753435,6.856967,2022-07-31 00:00:00,-14.708796,-10.615021,28.37239,45.263205,113.418708,-,0,0.43751,-,-,-,AAA,9.1446,163.06,ESG Broad,251768.0,https://www.ishares.com/uk/individual/en/products/251768/ishares-dow-jones-global-sustainability-screened-ucits-etf
EXX6,iShares eb.rexx® Government Germany 10.5+yr UCITS ETF (DE),DE000A0D8Q31,35813966.61,Germany,2005-09-28,0.16,-,Fixed Income,Government,Europe,EUR,Developed,-,Germany,-,224520,No,BlackRock Asset Management Deutschland AG,Distributing,eb.rexx® Government Germany 10.5+ ,159.5135,2022-08-11,334.098461442641,Yes,Index,2022-06-30 00:00:00,5.455593,13.09263,4.26073,-4.553686,-21.261914,2022-07-31 00:00:00,-17.576544,-10.035568,-5.67675,0.522082,4.296864,2022-07-31 00:00:00,-15.433403,-13.669845,-16.081779,2.63781,103.080185,1.998912,19.53,2.09631,16.50105,1.16,2.76,AA,7.4075,-,-,251775.0,https://www.ishares.com/de/privatanleger/de/produkte/251775/ishares-ebrexx-government-germany-105yr-ucits-etf-de-fund
EXHB,iShares eb.rexx® Government Germany 1.5-2.5yr UCITS ETF (DE) EUR (Dist),DE0006289473,216543546.94,Germany,2003-06-11,0.16,-,Fixed Income,Government,Europe,EUR,Developed,-,Germany,-,2713060,No,BlackRock Asset Management Deutschland AG,Distributing,eb.rexx® Government Germany 1.5-2.5,79.8152,2022-08-11,142.24080967755,Yes,Index,2022-06-30 00:00:00,-0.410093,-0.526467,-1.052715,-0.957139,-2.775992,2022-07-31 00:00:00,-2.126658,-1.491571,-1.345502,-1.020062,0.999512,2022-07-31 00:00:00,-1.584089,-1.302147,-3.98244,-4.997312,20.963431,1.175077,1.8,0.65035,1.78307,0.4,1.64,AA,7.4075,-,-,251774.0,https://www.ishares.com/de/privatanleger/de/produkte/251774/ishares-ebrexx-government-germany-1525yr-ucits-etf-de-fund
IEBB,iShares € Corp Bond BBB-BB UCITS ETF EUR (Dist),IE00BSKRK281,584866540.73,Ireland,2015-02-03,0.25,-,Fixed Income,High Yield,Europe,EUR,Developed,-,Broad,-,124200573,Yes,iShares III plc,Distributing,Markit iBoxx EUR Corporates BBB-BB (5% Issuer Cap),4.709048,2022-08-11,163.591739428474,Yes,Index,2022-06-30 00:00:00,0.570644,5.002736,-1.028109,5.09809,-13.087106,2022-07-31 00:00:00,-10.187372,-3.168542,-2.377947,-0.237963,0.624462,2022-07-31 00:00:00,-8.845968,-7.568946,-6.965546,-1.184167,4.774179,1.289008,4.76,1.83307,4.35734,3.03,2.66,AA,8.1006,224.4,-,272249.0,https://www.ishares.com/uk/individual/en/products/272249/ishares-euro-corporate-bond-bbb-bb-ucits-etf
EXHA,iShares eb.rexx® Government Germany UCITS ETF (DE),DE0006289465,192837911.23,Germany,2003-02-04,0.16,-,Fixed Income,Government,Europe,EUR,Developed,-,Germany,-,1494678,No,BlackRock Asset Management Deutschland AG,Distributing,eb.rexx® Government Germany,129.0164,2022-08-11,189.809576004395,Yes,Index,2022-06-30 00:00:00,0.988709,2.2436,-0.281988,-1.329843,-7.7127,2022-07-31 00:00:00,-5.862169,-3.283385,-2.379488,-0.750505,2.418933,2022-07-31 00:00:00,-4.421928,-3.588973,-6.969953,-3.696622,59.330719,0.779361,4.91,0.30189,4.87501,0.61,2.01,AA,7.4075,-,-,251773.0,https://www.ishares.com/de/privatanleger/de/produkte/251773/ishares-ebrexx-government-germany-ucits-etf-de-fund
EXXY,iShares Diversified Commodity Swap UCITS ETF (DE),DE000A0H0728,442666756.35,Germany,2007-08-07,0.46,-,Commodity,Multi Commodity,Global,EUR,Developed,Alternatives,Broad,-,14664357,No,BlackRock Asset Management Deutschland AG,No Income,Bloomberg Commodity℠ (Total Return Index),30.1866,2022-08-11,353.61838749,Yes,Index,2022-06-30 00:00:00,3.856749,-5.251989,-17.021277,36.504723,39.621849,2022-07-31 00:00:00,46.624393,42.596494,18.530778,10.959842,-0.511876,2022-07-31 00:00:00,36.973672,24.229312,66.530353,68.201226,-7.399793,-,0,0.007,-,-,0,-,-,-,-,251772.0,https://www.ishares.com/de/privatanleger/de/produkte/251772/ishares-diversified-commodity-swap-ucits-etf-de-fund
CBUC,iShares MSCI USA ESG Enhanced UCITS ETF EUR Hedged (Acc),IE000U7L59A3,30715745.29,Ireland,2021-06-28,0.1,-,Equity,Large/Mid Cap,North America,EUR,Developed,"Currency Hedged, Sustainable",United States,Hedged,6550005,Yes,iShares IV plc,Accumulating,MSCI USA ESG Enhanced Focus NET Index,4.689423,2022-08-11,3432.264067,Yes,Index,2022-06-30 00:00:00,-,-,-,-,-16.491236,2022-07-31 00:00:00,-10.720481,-,-,-,-7.945239,2022-07-31 00:00:00,-16.81663,-11.218854,-,-,-8.620166,-,0,0.42623,-,-,-,AA,8.3595,81.69,ESG Broad,319355.0,https://www.ishares.com/uk/individual/en/products/319355/ishares-msci-usa-ctb-enhanced-esg-ucits-etf
EXVM,iShares eb.rexx® Government Germany 0-1yr UCITS ETF (DE) EUR (Dist),DE000A0Q4RZ9,935433364.3,Germany,2008-07-29,0.13,-,Fixed Income,Government,Europe,EUR,Developed,-,Germany,-,12789170,No,BlackRock Asset Management Deutschland AG,Distributing,eb.rexx® Government Germany 0-1,73.1426,2022-08-11,115.36433316638,Yes,Index,2022-06-30 00:00:00,-0.85764,-0.767868,-0.837583,-0.795075,-0.997148,2022-07-31 00:00:00,-0.965851,-0.874389,-0.866809,-0.84251,-0.044099,2022-07-31 00:00:00,-0.624596,-0.50786,-2.577952,-4.142165,-0.615744,0.699569,0.45,0.56184,0.45337,0.22,1.64,AA,7.4075,-,-,251779.0,https://www.ishares.com/de/privatanleger/de/produkte/251779/ishares-ebrexx-government-germany-0-1yr-ucits-etf-de-fund
EXHE,iShares Pfandbriefe UCITS ETF (DE),DE0002635265,930309560.49,Germany,2004-12-02,0.1,-,Fixed Income,Credit,Europe,EUR,Developed,-,Germany,-,9576856,No,BlackRock Asset Management Deutschland AG,Distributing,Markit iBoxx Pfandbriefe Index,97.1414,2022-08-11,188.518845907253,Yes,Index,2022-06-30 00:00:00,0.713309,2.978085,0.596893,-0.718764,-9.587891,2022-07-31 00:00:00,-7.844845,-4.140305,-2.722375,-0.781635,1.809991,2022-07-31 00:00:00,-6.314185,-5.421596,-7.946802,-3.847558,37.273634,0.32955,5.33,0.51291,5.18966,1.57,2.04,AA,8.4483,2.46,-,251778.0,https://www.ishares.com/de/privatanleger/de/produkte/251778/ishares-pfandbriefe-ucits-etf-de-fund
CMDY,iShares Bloomberg Roll Select Commodity Strategy ETF,US46431W5985,323558481.04,United States,2018-04-03,0.29,-,Commodity,Multi Commodity,Global,USD,Developed,-,Broad,-,5400000,No,BlackRock Fund Advisors,Distributing,Bloomberg Roll Select Commodity Total Return Index,59.918237,2022-08-11,681.02860826,No,Index,2022-06-30 00:00:00,-,-8.37,-13.19,43.12,23.47,2022-07-31 00:00:00,23.39,30.59,16.32,-,8.74,2022-07-31 00:00:00,19.77,10.92,57.4,-,43.69,13.4771,0.12,0.32695,-,-,-,-,-,-,-,292741.0,https://www.ishares.com/us/products/292741/ishares-bloomberg-roll-select-commodity-strategy-etf
EXHD,iShares eb.rexx® Government Germany 5.5-10.5yr UCITS ETF (DE),DE0006289499,150239473.87,Germany,2003-06-11,0.16,-,Fixed Income,Government,Europe,EUR,Developed,-,Germany,-,1162220,No,BlackRock Asset Management Deutschland AG,Distributing,eb.rexx® Government Germany 5.5-10.5,129.2694,2022-08-11,230.960693977296,Yes,Index,2022-06-30 00:00:00,2.045226,4.910059,0.414366,-1.601127,-10.7987,2022-07-31 00:00:00,-8.304006,-4.47639,-3.038529,-0.338471,3.162088,2022-07-31 00:00:00,-6.316821,-5.135061,-8.841412,-1.680937,81.435626,1.460799,7.53,0.86037,7.26205,0.79,1.8,AA,7.4075,-,-,251777.0,https://www.ishares.com/de/privatanleger/de/produkte/251777/ishares-ebrexx-government-germany-55105yr-ucits-etf-de-fund
EXHC,iShares eb.rexx® Government Germany 2.5-5.5yr UCITS ETF (DE),DE0006289481,423635193.63,Germany,2003-06-11,0.16,-,Fixed Income,Government,Europe,EUR,Developed,-,Germany,-,4346380,No,BlackRock Asset Management Deutschland AG,Distributing,eb.rexx® Government Germany 2.5-5.5,97.4685,2022-08-11,174.442652194789,Yes,Index,2022-06-30 00:00:00,0.46662,0.926969,-0.866798,-1.033075,-6.101577,2022-07-31 00:00:00,-4.43084,-2.533333,-2.020418,-0.952553,1.835972,2022-07-31 00:00:00,-3.251363,-2.570508,-5.939616,-4.672891,41.644105,0.45013,4.01,0.74899,3.91741,0.56,1.99,AA,7.4075,-,-,251776.0,https://www.ishares.com/de/privatanleger/de/produkte/251776/ishares-ebrexx-government-germany-2555yr-ucits-etf-de-fund
EXW1,iShares Core EURO STOXX 50 UCITS ETF (DE),DE0005933956,4745919135.8,Germany,2000-12-27,0.1,-,Equity,Large Cap,Europe,EUR,Developed,-,Broad,-,124027000,No,BlackRock Asset Management Deutschland AG,Distributing,EURO STOXX® 50,38.2652,2022-08-11,8480.5657801462,Yes,Index,2022-06-30 00:00:00,1.746727,5.670943,-4.733079,28.583555,-12.26275,2022-07-31 00:00:00,-6.4094,10.966031,4.941011,4.364685,2.044406,2022-07-31 00:00:00,-11.478432,-8.972291,15.567505,23.813451,54.800928,2.985258,0,0,-,-,0,AAA,8.8065,165.41,-,251783.0,https://www.ishares.com/de/privatanleger/de/produkte/251783/ishares-euro-stoxx-50-ucits-etf-de-fund
MVEE,iShares Edge MSCI Europe Minimum Volatility ESG UCITS ETF EUR (Acc),IE00BKVL7D31,78494689.87,Ireland,2020-04-17,0.25,-,Equity,Large/Mid Cap,Europe,EUR,Developed,"Smart Beta, Sustainable",Broad,-,11887009,Yes,iShares VI plc,Accumulating,MSCI Europe Minimum Volatility ESG Reduced Carbon Target Index,6.603401,2022-08-11,2936.984119,Yes,Index,2022-06-30 00:00:00,-,-,-,20.318824,-5.147367,2022-07-31 00:00:00,-1.170637,10.580813,-,-,12.008741,2022-07-31 00:00:00,-7.493821,-2.449356,-,-,29.59712,-,0,-0.06035,-,-,-,AAA,9.8646,84.66,ESG Broad,313216.0,https://www.ishares.com/uk/individual/en/products/313216/ishares-edge-msci-europe-minimum-volatility-advanced-ucits-etf
BNKT,iShares S&P U.S. Banks UCITS ETF USD (Dist),IE000ZPUEP93,9417402.57,Ireland,2021-06-28,0.35,-,Equity,All Cap,North America,USD,Developed,"Currency Hedged, Sustainable",United States,-,2031171,Yes,iShares V plc,Distributing,S&P 900 Banks (Industry) 7/4 Capped Index (USD) NTR,4.63644,2022-08-11,342.387242002338,Yes,Index,2022-06-30 00:00:00,-,-,-,-,-14.814885,2022-07-31 00:00:00,-4.655344,-,-,-,-7.756739,2022-07-31 00:00:00,-14.046808,-16.128871,-,-,-8.416397,1.83546,0,0.07041,-,-,-,AA,7.1853,7.14,-,319360.0,https://www.ishares.com/uk/individual/en/products/319360/ishares-s-p-u-s-banks-ucits-etf
EUE,iShares Core EURO STOXX 50 UCITS ETF EUR (Dist),IE0008471009,3737498560.25,Ireland,2000-04-03,0.1,-,Equity,Large Cap,Europe,EUR,Developed,-,Broad,-,97987047,Yes,iShares II plc,Distributing,EURO STOXX® 50,38.142781,2022-08-11,8480.5657801462,Yes,Index,2022-06-30 00:00:00,1.8591,5.721467,-4.726736,28.61218,-12.236832,2022-07-31 00:00:00,-6.382283,10.98964,4.964954,4.409866,1.47506,2022-07-31 00:00:00,-11.465994,-8.955945,15.646623,24.08169,38.666555,4.190832,0,0.01623,-,-,-,AAA,8.8035,165.41,-,251781.0,https://www.ishares.com/uk/individual/en/products/251781/ishares-euro-stoxx-50-ucits-etf-inc-fund
EXSI,iShares EURO STOXX UCITS ETF (DE),DE000A0D8Q07,2198742568.16,Germany,2005-05-03,0.2,-,Equity,All Cap,Europe,EUR,Developed,-,Broad,-,52404500,No,BlackRock Asset Management Deutschland AG,Distributing,EURO STOXX®,41.9571,2022-08-11,884.5892508983,Yes,Index,2022-06-30 00:00:00,3.904859,2.717563,-4.346159,30.927493,-12.895013,2022-07-31 00:00:00,-7.873119,11.139461,5.345831,4.462233,5.509692,2022-07-31 00:00:00,-12.283531,-8.886345,16.910107,24.393164,152.115179,2.59582,0,0.00035,-,-,0,AAA,8.9151,174.03,-,251780.0,https://www.ishares.com/de/privatanleger/de/produkte/251780/ishares-euro-stoxx-ucits-etf-de-fund
MVEW,iShares Edge MSCI World Minimum Volatility ESG UCITS ETF USD (Acc),IE00BKVL7778,813798060.01,Ireland,2020-04-20,0.3,-,Equity,Large/Mid Cap,Global,USD,Developed,"Smart Beta, Sustainable",Broad,-,134410695,Yes,iShares VI plc,Accumulating,MSCI World Minimum Volatility ESG Reduced Carbon Target Index,6.054563,2022-08-11,3239.197449,Yes,Index,2022-06-30 00:00:00,-,-,-,19.351394,-7.386262,2022-07-31 00:00:00,-6.638762,5.346513,-,-,7.811619,2022-07-31 00:00:00,-11.049592,-5.528905,-,-,18.687479,-,0,0.16713,-,-,-,AAA,9.3924,93.95,ESG Broad,313219.0,https://www.ishares.com/uk/individual/en/products/313219/ishares-edge-msci-world-minimum-volatility-advanced-ucits-etf
IDV,iShares International Select Dividend ETF,US4642884484,4648777359.05,United States,2007-06-11,0.49,-,Equity,All Cap,Global,USD,Developed,"Factors, Equity Income, Income",Broad,-,164200000,No,-,Distributing,Dow Jones EPAC Select Dividend Index,28.311677,2022-08-11,547.763214526167,Yes,Index,2022-06-30 00:00:00,3.36,1.58,-12.44,34.97,-11.03,2022-07-31 00:00:00,-8.73,10.09,3.07,1.96,1.55,2022-07-31 00:00:00,-8.68,-10.76,9.49,10.2,26.17,11.1245,0,0.14509,-,-,-,AAA,9.222,339.05,-,239499.0,https://www.ishares.com/us/products/239499/ishares-international-select-dividend-etf
IDVY,iShares Euro Dividend UCITS ETF EUR (Dist),IE00B0M62S72,777641369.79,Ireland,2005-10-28,0.4,-,Equity,All Cap,Europe,EUR,Developed,Equity Income,Broad,-,43750141,Yes,iShares plc,Distributing,EURO STOXX® Select Dividend 30,17.774602,2022-08-11,4051.5922808865,Yes,Index,2022-06-30 00:00:00,1.435558,1.966511,-23.355494,37.435055,-13.849791,2022-07-31 00:00:00,-11.384784,11.888422,-1.558849,-0.705627,2.712484,2022-07-31 00:00:00,-14.723302,-15.128941,-4.604026,-3.478694,56.58627,5.73515,0,0.00573,-,-,-,AAA,10,124,-,251787.0,https://www.ishares.com/uk/individual/en/products/251787/ishares-euro-dividend-ucits-etf
DJMC,iShares EURO STOXX Mid UCITS ETF EUR (Dist),IE00B02KXL92,308787905.0,Ireland,2004-10-29,0.4,-,Equity,Mid Cap,Europe,EUR,Developed,-,Broad,-,5007602,Yes,iShares plc,Distributing,EURO STOXX® Mid,61.663827,2022-08-11,916.9583716107,Yes,Index,2022-06-30 00:00:00,9.572114,-2.39094,-4.848562,31.632827,-15.50544,2022-07-31 00:00:00,-11.758347,9.136265,3.601683,3.466011,6.961162,2022-07-31 00:00:00,-13.493593,-9.858361,11.198885,18.573743,230.251388,2.557577,0,0.00517,-,-,-,AAA,9.0072,173.46,-,251786.0,https://www.ishares.com/uk/individual/en/products/251786/ishares-euro-stoxx-mid-ucits-etf
EXX1,iShares EURO STOXX Banks 30-15 UCITS ETF (DE) EUR (Dist),DE0006289309,1220825006.31,Germany,2001-04-25,0.52,-,Equity,All Cap,Europe,EUR,Developed,-,Broad,-,151191839,No,BlackRock Asset Management Deutschland AG,Distributing,EURO STOXX Banks 30-15,8.0747,2022-08-11,49.8097812433,Yes,Index,2022-06-30 00:00:00,-12.816843,-16.075255,-27.871203,50.050495,-8.365053,2022-07-31 00:00:00,-7.609248,21.317425,0.446215,-6.896726,-3.367827,2022-07-31 00:00:00,-16.678761,-21.354383,1.344628,-30.044034,-51.735209,8.093762,0,0,-,-,0,AAA,10,3.13,-,251784.0,https://www.ishares.com/de/privatanleger/de/produkte/251784/ishares-euro-stoxx-banks-de-fund
IYM,iShares U.S. Basic Materials ETF,US4642878387,1037115215.75,United States,2000-06-12,0.41,-,Equity,All Cap,North America,USD,Developed,Sectors,United States,-,8100000,No,-,Distributing,Russell 1000 Basic Materials RIC 22.5/45 Capped Gross Index,128.038916,2022-08-11,1062.59707722,Yes,Index,2022-06-30 00:00:00,12.44,-2.33,-4.02,48.38,-8.07,2022-07-31 00:00:00,-4.752218,-,11.91288,8.206892,7.659726,2022-07-31 00:00:00,-10.432691,-4.220879,40.165205,48.345583,412.241785,3.3224,0,0.17396,-,-,-,AA,7.754,872.49,-,239503.0,https://www.ishares.com/us/products/239503/ishares-us-basic-materials-etf
ITA,iShares U.S. Aerospace & Defense ETF,US4642887602,3902414399.88,United States,2006-05-01,0.39,-,Equity,All Cap,North America,USD,Developed,"Sectors, Industry",United States,-,36950000,No,-,Distributing,Dow Jones U.S. Select Aerospace & Defense Index,105.61338,2022-08-11,44259.7694566548,Yes,Index,2022-06-30 00:00:00,23.57,12.59,-21.73,34.29,-8.81,2022-07-31 00:00:00,-3.261546,-,-0.082962,5.882031,10.301082,2022-07-31 00:00:00,1.286276,3.081551,-0.248679,33.079546,392.049475,1.3309,0,0.07052,-,-,-,AAA,9.5211,30.87,-,239502.0,https://www.ishares.com/us/products/239502/ishares-us-aerospace-defense-etf
IYT,iShares U.S. Transportation ETF,US4642871929,912269267.67,United States,2003-10-06,0.41,-,Equity,All Cap,North America,USD,Developed,"Sectors, Industry",United States,-,3700000,No,-,Distributing,S&P Transportation Select Industry FMC Capped Index (USD),246.559262,2022-08-11,7461.16146643713,Yes,Index,2022-06-30 00:00:00,9.36,2.28,-12.24,61.13,-17.28,2022-07-31 00:00:00,-6.171219,-,7.749448,8.319154,9.694149,2022-07-31 00:00:00,-15.298152,-9.315225,25.096502,49.116707,470.597482,1.5035,0,0.05393,-,-,-,AA,8.0557,415.58,-,239501.0,https://www.ishares.com/us/products/239501/ishares-transportation-average-etf
DJSC,iShares EURO STOXX Small UCITS ETF EUR (Dist),IE00B02KXM00,466789908.29,Ireland,2004-10-29,0.4,-,Equity,Small Cap,Europe,EUR,Developed,-,Broad,-,11001345,Yes,iShares plc,Distributing,EURO STOXX® Small,42.430258,2022-08-11,614.7570090703,Yes,Index,2022-06-30 00:00:00,4.199789,3.936768,-1.481798,38.806272,-12.799045,2022-07-31 00:00:00,-8.912009,13.410264,8.325461,6.36824,7.408782,2022-07-31 00:00:00,-10.929047,-7.391722,27.113489,36.163239,255.666127,2.02332,0,0.00578,-,-,-,AA,7.9621,144.57,-,251789.0,https://www.ishares.com/uk/individual/en/products/251789/ishares-euro-stoxx-small-ucits-etf
DVY,iShares Select Dividend ETF,US4642871689,22408827019.43,United States,2003-11-03,0.38,-,Equity,All Cap,North America,USD,Developed,Smart Beta,United States,-,179450000,No,-,Distributing,Dow Jones U.S. Select Dividend IndexSM,124.875046,2022-08-11,2992.84367321155,Yes,Index,2022-06-30 00:00:00,9.5,5.41,-15.44,50,3.78,2022-07-31 00:00:00,8.87,25.46,10.73,9.43,8.58,2022-07-31 00:00:00,1.09,-0.17,35.77,56.93,367.91,3.3631,0,0.29505,-,-,-,AA,8.2741,664.66,-,239500.0,https://www.ishares.com/us/products/239500/ishares-select-dividend-etf
EXSG,iShares EURO STOXX Select Dividend 30 UCITS ETF (DE) EUR (Dist),DE0002635281,560041757.27,Germany,2005-05-03,0.31,-,Equity,All Cap,Europe,EUR,Developed,Equity Income,Broad,-,35212360,No,BlackRock Asset Management Deutschland AG,Distributing,EURO STOXX® Select Dividend 30,15.9047,2022-08-11,4051.5922808865,Yes,Index,2022-06-30 00:00:00,1.659038,1.966643,-23.423227,37.540192,-13.813822,2022-07-31 00:00:00,-11.384622,11.955928,-1.55029,-0.66094,3.471836,2022-07-31 00:00:00,-14.747796,-15.170484,-4.57914,-3.261301,80.118651,5.789037,0,0,-,-,0,AAA,10,124.02,-,251788.0,https://www.ishares.com/de/privatanleger/de/produkte/251788/ishares-euro-stoxx-select-dividend-30-ucits-etf-de-fund
IYE,iShares U.S. Energy ETF,US4642877967,2139581915.28,United States,2000-06-12,0.41,-,Equity,All Cap,North America,USD,Developed,Sectors,United States,-,50450000,No,-,Distributing,Russell 1000 Energy RIC 22.5/45 Capped Gross Index,42.409949,2022-08-11,1691.73293066,Yes,Index,2022-06-30 00:00:00,21.7,-15.46,-37.23,50.89,35.81,2022-07-31 00:00:00,64.349191,-,13.45996,7.498655,6.490429,2022-07-31 00:00:00,42.86144,22.755746,46.05885,43.553951,302.252803,4.2585,0,0.28871,-,-,-,AAA,9.0396,586.33,-,239507.0,https://www.ishares.com/us/products/239507/ishares-us-energy-etf
ISF,iShares Core FTSE 100 UCITS ETF GBP (Dist),IE0005042456,10701788110.05,Ireland,2000-04-27,0.07,-,Equity,Large Cap,Europe,GBP,Developed,-,United Kingdom,-,1460416924,Yes,iShares plc,Distributing,FTSE 100 Index (Net TR GBP),7.327899,2022-08-11,7564.74309809,Yes,Index,2022-06-30 00:00:00,8.657508,1.443563,-13.895419,17.876356,5.651595,2022-07-31 00:00:00,9.462056,16.088728,2.831863,3.970869,4.169889,2022-07-31 00:00:00,2.617743,1.499583,8.738445,21.494993,148.262929,3.659985,0,0.10092,-,-,-,AAA,10,122.24,-,251795.0,https://www.ishares.com/uk/individual/en/products/251795/ishares-ftse-100-ucits-etf-inc-fund
IYC,iShares U.S. Consumer Discretionary ETF,US4642875805,789400574.89,United States,2000-06-12,0.41,-,Equity,All Cap,North America,USD,Developed,Sectors,United States,-,11650000,No,-,Distributing,Russell 1000 Consumer Disc 40 Act 15/22.5 Daily Capped Index,67.759706,2022-08-11,920.67505939,Yes,Index,2022-06-30 00:00:00,19.15,13.35,1.52,42.65,-26.53,2022-07-31 00:00:00,-15.750763,-,6.737854,10.264738,7.748502,2022-07-31 00:00:00,-21.81267,-13.499647,21.606111,62.998364,421.779673,0.7772,0,0.07266,-,-,-,AA,7.3086,57.29,-,239506.0,https://www.ishares.com/us/products/239506/ishares-us-consumer-discretionary-etf
IYK,iShares U.S. Consumer Staples ETF,US4642878122,1493111142.45,United States,2000-06-12,0.41,-,Equity,All Cap,North America,USD,Developed,Sectors,United States,-,7400000,No,-,Distributing,Russell 1000 Consumer Staples RIC 22.5/45 Capped Index,201.771776,2022-08-11,1184.52948798,Yes,Index,2022-06-30 00:00:00,-0.72,5.35,7.34,46.07,8.03,2022-07-31 00:00:00,8.68456,-,19.102619,12.529454,9.51603,2022-07-31 00:00:00,0.093633,-0.63586,68.952233,80.439268,648.026779,1.9539,0,-0.0296,-,-,-,AA,8.3763,59.18,-,239505.0,https://www.ishares.com/us/products/239505/ishares-us-consumer-staples-etf
GILE,iShares Global Inflation Linked Govt Bond UCITS ETF EUR Hedged,IE00BD8PH174,136939552.31,Ireland,2017-09-22,0.2,-,Fixed Income,Inflation,Global,EUR,Developed,Currency Hedged,Broad,Hedged,27272356,Yes,iShares III plc,Distributing,Bloomberg World Government Inflation-Linked Bond Index,5.021185,2022-08-11,342.3769,Yes,Index,2022-06-30 00:00:00,-,3.285315,5.488892,2.118077,-8.984249,2022-07-31 00:00:00,-7.97044,-2.102569,0.378252,-,1.370295,2022-07-31 00:00:00,-8.934431,-6.949543,1.139053,-,6.831611,0.707004,11.19,0.8032,10.46392,2.46,0.96,A,5.9105,-,-,290710.0,https://www.ishares.com/uk/individual/en/products/290710/ishares-global-inflation-linked-govt-bond-ucits-etf
IAI,iShares U.S. Broker-Dealers & Securities Exchanges ETF,US4642887941,515319288.56,United States,2006-05-01,0.39,-,Equity,All Cap,North America,USD,Developed,"Sectors, Industry",United States,-,5300000,No,-,Distributing,Dow Jones U.S. Select Investment Services Index,97.230054,2022-08-11,28916.2646374912,Yes,Index,2022-06-30 00:00:00,21.91,0.23,-3.33,72.79,-16.06,2022-07-31 00:00:00,-8.206476,-,14.500446,12.980251,5.639816,2022-07-31 00:00:00,-14.778202,-12.301509,50.114116,84.082573,143.920359,2.2387,0,0.21313,-,-,-,AAA,9.7823,4.5,-,239504.0,https://www.ishares.com/us/products/239504/ishares-us-brokerdealers-etf
IDJG,iShares Euro Total Market Growth Large UCITS ETF EUR (Dist),IE00B0M62V02,113674525.48,Ireland,2005-11-04,0.4,-,Equity,Large Cap,Europe,EUR,Developed,-,Broad,-,2400000,Yes,iShares plc,Distributing,EURO STOXX® Total Market Growth Large,47.364385,2022-08-11,3796.1560691167,Yes,Index,2022-06-30 00:00:00,7.207838,7.435439,0.866799,30.882998,-16.921365,2022-07-31 00:00:00,-8.800421,10.728761,7.444073,7.617465,5.909265,2022-07-31 00:00:00,-14.148802,-5.196231,24.035896,44.349002,161.436801,0.912078,0,0.09648,-,-,-,AA,8.4238,180.66,-,251792.0,https://www.ishares.com/uk/individual/en/products/251792/ishares-euro-total-market-growth-large-ucits-etf
IYH,iShares U.S. Healthcare ETF,US4642877629,3115599784.95,United States,2000-06-12,0.41,-,Equity,All Cap,North America,USD,Developed,Sectors,United States,-,11250000,No,-,Distributing,Russell 1000 Health Care RIC 22.5/45 Capped Gross Index,276.942203,2022-08-11,1133.29850795,Yes,Index,2022-06-30 00:00:00,8.4,11.77,11.91,28.19,-0.57,2022-07-31 00:00:00,-1.668435,-,14.358353,12.175605,8.518506,2022-07-31 00:00:00,-6.958785,0.77519,49.555942,77.620095,510.731011,1.0562,0,-0.09363,-,-,-,AA,7.5481,16.34,-,239511.0,https://www.ishares.com/us/products/239511/ishares-us-healthcare-etf
IHF,iShares U.S. Healthcare Providers ETF,US4642888287,1504844264.86,United States,2006-05-01,0.39,-,Equity,All Cap,North America,USD,Developed,"Sectors, Industry",United States,-,5350000,No,-,Distributing,Dow Jones U.S. Select Healthcare Providers Index,281.279302,2022-08-11,44992.2251561935,Yes,Index,2022-06-30 00:00:00,18.45,1.57,13.31,39.21,-3.62,2022-07-31 00:00:00,3.525778,-,16.732104,15.126571,11.833713,2022-07-31 00:00:00,-4.480503,3.473232,59.063649,102.245021,515.753537,0.316,0,-0.00624,-,-,-,AAA,8.6474,10.47,-,239510.0,https://www.ishares.com/us/products/239510/ishares-us-healthcare-providers-etf
FXC,iShares China Large Cap UCITS ETF USD (Dist),IE00B02KXK85,640920664.81,Ireland,2004-10-21,0.74,-,Equity,Large Cap,Asia Pacific,USD,Emerging,-,China,-,7455807,Yes,iShares plc,Distributing,FTSE China 50 Index,85.962614,2022-08-11,24961.09970581,Yes,Index,2022-06-30 00:00:00,12.309346,0.952133,-4.106341,18.186416,-26.069007,2022-07-31 00:00:00,-23.457322,-12.918761,-8.026482,-4.28351,5.437625,2022-07-31 00:00:00,-16.514958,-16.602473,-22.198425,-19.659632,156.299062,2.179901,0,0.24085,-,-,-,A,6.6697,144.42,-,251798.0,https://www.ishares.com/uk/individual/en/products/251798/ishares-china-large-cap-ucits-etf
IYG,iShares U.S. Financial Services ETF,US4642877702,1542371759.9,United States,2000-06-12,0.41,-,Equity,All Cap,North America,USD,Developed,"Sectors, Industry",United States,-,9200000,No,-,Distributing,Dow Jones U.S. Financial Services Index,167.649104,2022-08-11,1641.58365324122,Yes,Index,2022-06-30 00:00:00,15.93,5.33,-9.11,57.54,-18.67,2022-07-31 00:00:00,-11.830008,-,7.017275,8.837615,4.652198,2022-07-31 00:00:00,-15.54396,-15.521333,22.563643,52.719703,173.5993,2.444,0,0.34397,-,-,-,AAA,9.1148,5.07,-,239509.0,https://www.ishares.com/us/products/239509/ishares-us-financial-services-etf
IYF,iShares U.S. Financials ETF,US4642877884,2071171106.38,United States,2000-05-22,0.41,-,Equity,All Cap,North America,USD,Developed,Sectors,United States,-,26550000,No,-,Distributing,Russell 1000 Financials 40 Act 15/22.5 Daily Capped Index,78.010211,2022-08-11,1059.4708442,Yes,Index,2022-06-30 00:00:00,10.82,9.22,-10.48,49.42,-12.38,2022-07-31 00:00:00,-7.34193,-,7.092451,8.353644,5.31257,2022-07-31 00:00:00,-12.772148,-12.418786,22.822115,49.354261,215.410306,1.9238,0,-0.02156,-,-,-,AA,8.0546,31.49,-,239508.0,https://www.ishares.com/us/products/239508/ishares-us-financials-etf
MIDD,iShares FTSE 250 UCITS ETF GBP (Dist),IE00B00FV128,988304585.17,Ireland,2004-03-26,0.4,-,Equity,Mid Cap,Europe,GBP,Developed,-,United Kingdom,-,51871080,Yes,iShares plc,Distributing,FTSE 250 Index,19.053094,2022-08-11,16683.92107675,Yes,Index,2022-06-30 00:00:00,10.123841,-4.2149,-10.392124,32.80247,-14.995675,2022-07-31 00:00:00,-10.402184,11.096104,2.637078,2.432993,9.035281,2022-07-31 00:00:00,-12.961974,-6.846171,8.121692,12.771486,388.817353,2.699824,0,0.0717,-,-,-,AA,8.3811,124.7,-,251796.0,https://www.ishares.com/uk/individual/en/products/251796/ishares-ftse-250-ucits-etf
IAK,iShares U.S. Insurance ETF,US4642887867,339864184.57,United States,2006-05-01,0.39,-,Equity,All Cap,North America,USD,Developed,"Sectors, Industry",United States,-,3950000,No,-,Distributing,Dow Jones U.S. Select Insurance Index,86.041566,2022-08-11,16667.0131466672,Yes,Index,2022-06-30 00:00:00,0.49,17.27,-20.57,44.28,9.37,2022-07-31 00:00:00,8.448311,-,6.913596,7.221715,5.018479,2022-07-31 00:00:00,-0.839897,-2.793187,22.207766,41.714321,121.621394,1.4872,0,0.05754,-,-,-,A,6.378,2.57,-,239515.0,https://www.ishares.com/us/products/239515/ishares-us-insurance-etf
IUSP,iShares US Property Yield UCITS ETF USD (Dist),IE00B1FZSF77,651863789.8,Ireland,2006-11-03,0.4,-,Real Estate,Real Estate Securities,North America,USD,Developed,"Alternatives, Sectors",United States,-,20675000,Yes,iShares II plc,Distributing,FTSE EPRA/NAREIT United States Dividend+ Index,31.529082,2022-08-11,4319.7303683,Yes,Index,2022-06-30 00:00:00,3.037502,9.399644,-17.163672,38.345483,-6.471157,2022-07-31 00:00:00,-3.192636,16.733145,4.675318,5.387873,4.69897,2022-07-31 00:00:00,-12.239076,-6.544445,14.691932,30.00295,106.028244,3.766364,0,-1.91066,-,-,-,A,6.1081,104.39,-,251803.0,https://www.ishares.com/uk/individual/en/products/251803/ishares-us-property-yield-ucits-etf
IYJ,iShares U.S. Industrials ETF,US4642877546,1182301206.05,United States,2000-06-12,0.41,-,Equity,All Cap,North America,USD,Developed,Sectors,United States,-,11800000,No,-,Distributing,Russell 1000 Industrials 40 Act 15/22.5 Daily Capped Index,100.195017,2022-08-11,980.23136678,Yes,Index,2022-06-30 00:00:00,10.65,11.77,-3.47,48.8,-19.95,2022-07-31 00:00:00,-12.434413,-,8.126888,9.290359,7.012569,2022-07-31 00:00:00,-12.840171,-8.530333,26.415728,55.922672,348.329746,1.181,0,0.33095,-,-,-,AAA,8.5775,76.61,-,239514.0,https://www.ishares.com/us/products/239514/ishares-us-industrials-etf
IUKP,iShares UK Property UCITS ETF GBP (Dist),IE00B1TXLS18,477822555.05,Ireland,2007-03-16,0.4,-,Real Estate,Real Estate Securities,Europe,GBP,Developed,"Alternatives, Sectors",United Kingdom,-,83036714,Yes,iShares II plc,Distributing,FTSE EPRA/NAREIT UK Index,5.754352,2022-08-11,3441.72556978,Yes,Index,2022-06-30 00:00:00,8.572344,-6.69976,-9.799229,22.045235,-6.368114,2022-07-31 00:00:00,-5.482901,10.290436,4.805466,2.246524,-0.578121,2022-07-31 00:00:00,-12.313289,-9.001073,15.120271,11.748774,-8.527139,3.319227,0,0.00877,-,-,-,AAA,10,36.96,-,251802.0,https://www.ishares.com/uk/individual/en/products/251802/ishares-uk-property-ucits-etf
IYY,iShares Dow Jones U.S. ETF,US4642878460,1563649270.28,United States,2000-06-12,0.2,-,Equity,All Cap,North America,USD,Developed,-,United States,-,15150000,No,-,Distributing,Dow Jones U.S. Index,103.211173,2022-08-11,1837.30446358436,Yes,Index,2022-06-30 00:00:00,14.26,9.46,6.77,42.78,-13.49,2022-07-31 00:00:00,-7.440612,-,12.406281,12.082652,6.846981,2022-07-31 00:00:00,-13.889654,-8.567933,42.02727,76.885398,333.22117,1.3848,0,0.24774,-,-,-,AA,8.241,150.12,-,239513.0,https://www.ishares.com/us/products/239513/ishares-dow-jones-us-etf
IWDP,iShares Developed Markets Property Yield UCITS ETF USD (Dist),IE00B1FZS350,1590717520.47,Ireland,2006-10-20,0.59,-,Real Estate,Real Estate Securities,Global,USD,Developed,"Alternatives, Sectors",Broad,-,61574493,Yes,iShares II plc,Distributing,FTSE EPRA/NAREIT Developed Dividend+ Index,25.834033,2022-08-11,3932.27603068,Yes,Index,2022-06-30 00:00:00,5.687889,7.882546,-16.52207,33.602147,-12.951133,2022-07-31 00:00:00,-10.027029,10.195,1.261291,3.11218,3.52431,2022-07-31 00:00:00,-13.449274,-8.687078,3.831799,16.56008,72.716885,3.73577,0,-0.11003,-,-,-,A,6.9052,95.85,-,251801.0,https://www.ishares.com/uk/individual/en/products/251801/ishares-developed-markets-property-yield-ucits-etf
ITB,iShares U.S. Home Construction ETF,US4642887529,1592631759.48,United States,2006-05-01,0.39,-,Equity,All Cap,North America,USD,Developed,"Sectors, Industry",United States,-,25700000,No,-,Distributing,Dow Jones U.S. Select Home Construction Index,61.970107,2022-08-11,14605.8001789425,Yes,Index,2022-06-30 00:00:00,12.79,0.89,16.33,57.26,-23.72,2022-07-31 00:00:00,-14.052183,-,16.873643,13.117223,1.998944,2022-07-31 00:00:00,-25.92724,-13.26699,59.642951,85.201148,37.942284,0.9185,0,0.00278,-,-,-,AA,7.5469,60.02,-,239512.0,https://www.ishares.com/us/products/239512/ishares-us-home-construction-etf
IASP,iShares Asia Property Yield UCITS ETF USD (Dist),IE00B1FZS244,448459797.53,Ireland,2006-10-20,0.59,-,Real Estate,Real Estate Securities,Asia Pacific,USD,Developed,"Alternatives, Sectors",Broad,-,18432502,Yes,iShares II plc,Distributing,FTSE EPRA/NAREIT Developed Asia Dividend+ Index,24.329838,2022-08-11,3926.01446945,Yes,Index,2022-06-30 00:00:00,8.181287,14.434825,-19.558623,24.843007,-15.224109,2022-07-31 00:00:00,-11.165568,5.427609,-3.635391,1.129635,3.263783,2022-07-31 00:00:00,-7.145243,-2.910481,-10.514497,5.777233,65.985029,4.237595,0,0.08206,-,-,-,AA,7.5056,88.16,-,251800.0,https://www.ishares.com/uk/individual/en/products/251800/ishares-asia-property-yield-ucits-etf
IHE,iShares U.S. Pharmaceuticals ETF,US4642888360,442464949.82,United States,2006-05-01,0.39,-,Equity,All Cap,North America,USD,Developed,"Sectors, Industry",United States,-,2350000,No,-,Distributing,Dow Jones U.S. Select Pharmaceuticals Index,188.282957,2022-08-11,16497.7610764337,Yes,Index,2022-06-30 00:00:00,-1.31,0.97,3.48,22.49,4.99,2022-07-31 00:00:00,0.971945,-,11.326767,5.646891,10.131798,2022-07-31 00:00:00,-3.79072,0.775802,37.974489,31.608399,379.919049,1.7733,0,0.17992,-,-,-,AA,7.3083,30.02,-,239519.0,https://www.ishares.com/us/products/239519/ishares-us-pharmaceuticals-etf
IUKD,iShares UK Dividend UCITS ETF GBP (Dist),IE00B0M63060,892702404.08,Ireland,2005-11-04,0.4,-,Equity,Large/Mid Cap,Europe,GBP,Developed,Equity Income,United Kingdom,-,120971889,Yes,iShares plc,Distributing,FTSE UK Dividend+ Index,7.37942,2022-08-11,6000.08021856,Yes,Index,2022-06-30 00:00:00,2.531083,-11.369083,-18.54017,32.18638,4.149654,2022-07-31 00:00:00,5.072201,23.340693,4.447316,1.019398,3.411444,2022-07-31 00:00:00,-0.74211,-3.971634,13.944104,5.201971,75.33241,6.351448,0,0.07647,-,-,-,AAA,10,122.71,-,251807.0,https://www.ishares.com/uk/individual/en/products/251807/ishares-uk-dividend-ucits-etf
DMFC,iShares Edge MSCI World Multifactor UCITS ETF CHF Hedged (Acc),IE00BF450720,3066154.1,Ireland,2017-09-28,0.55,-,Equity,Large/Mid Cap,Global,CHF,Developed,"Currency Hedged, Smart Beta",Broad,Hedged,481027,Yes,iShares IV plc,Accumulating,MSCI World Diversified Multiple-Factor Index,6.374182,2022-08-11,1748.915921,Yes,Index,2022-06-30 00:00:00,-,-2.06521,-4.179082,35.660398,-13.853133,2022-07-31 00:00:00,-8.125222,10.15874,6.331648,-,4.79005,2022-07-31 00:00:00,-11.918547,-6.488574,20.223021,-,25.424651,-,0,0.36629,-,-,-,AAA,8.6892,133.47,-,290712.0,https://www.ishares.com/ch/professionals/en/products/290712/ishares-stoxx-world-equity-multifactor-ucits-etf
IEZ,iShares U.S. Oil Equipment & Services ETF,US4642888444,176964372.08,United States,2006-05-01,0.39,-,Equity,All Cap,North America,USD,Developed,"Sectors, Industry",United States,-,10800000,No,-,Distributing,Dow Jones U.S. Select Oil Equipment & Services Index,16.38559,2022-08-11,2955.34515662426,Yes,Index,2022-06-30 00:00:00,12.11,-39.58,-58.88,80.9,5.05,2022-07-31 00:00:00,23.760398,-,-6.395012,-11.446533,-5.594789,2022-07-31 00:00:00,28.388561,6.426479,-17.984304,-45.546243,-60.768668,1.1016,0,0.02435,-,-,-,A,6.7437,202.98,-,239518.0,https://www.ishares.com/us/products/239518/ishares-us-oil-equipment-services-etf
IGLT,iShares Core UK Gilts UCITS ETF GBP (Dist),IE00B1FZSB30,1361862838.35,Ireland,2006-12-01,0.07,-,Fixed Income,Government,Europe,GBP,Developed,-,United Kingdom,-,112783840,Yes,iShares II plc,Distributing,FTSE Actuaries UK Conventional Gilts All Stocks Index,12.074982,2022-08-11,3454.8,Yes,Index,2022-06-30 00:00:00,1.777639,4.733434,11.116052,-6.293957,-13.617111,2022-07-31 00:00:00,-13.754482,-9.051157,-3.299276,-0.384291,3.540852,2022-07-31 00:00:00,-11.822651,-8.291563,-9.574862,-1.906742,72.467992,0.944101,14.19,2.23383,10.58614,2.18,3.23,A,5.9019,3.86,-,251806.0,https://www.ishares.com/uk/individual/en/products/251806/ishares-uk-gilts-ucits-etf
DTLE,iShares $ Treasury Bond 20+yr UCITS ETF EUR Hedged (Dist),IE00BD8PGZ49,274608239.29,Ireland,2017-09-21,0.1,-,Fixed Income,Government,North America,EUR,Developed,Currency Hedged,United States,Hedged,66954709,Yes,iShares IV plc,Distributing,ICE U.S. Treasury 20+ Year Bond Index,4.101402,2022-08-11,109.601,Yes,Index,2022-06-30 00:00:00,-,8.703101,22.921521,-11.56279,-20.360717,2022-07-31 00:00:00,-21.29128,-16.770326,-3.895907,-,-1.408098,2022-07-31 00:00:00,-20.819958,-17.568708,-11.238292,-,-6.657652,2.513775,25.9,2.48559,18.01342,3.33,3.05,A,5.8316,3.19,-,290713.0,https://www.ishares.com/uk/individual/en/products/290713/ishares-treasury-bond-20+yr-ucits-etf
IEO,iShares U.S. Oil & Gas Exploration & Production ETF,US4642888519,895600787.1,United States,2006-05-01,0.39,-,Equity,All Cap,North America,USD,Developed,"Sectors, Industry",United States,-,10250000,No,-,Distributing,Dow Jones U.S. Select Oil Exploration & Production Index,87.375687,2022-08-11,19358.8439580388,Yes,Index,2022-06-30 00:00:00,37.34,-23.27,-38.12,75.42,40.3,2022-07-31 00:00:00,74.56349,-,20.330003,11.468327,4.604801,2022-07-31 00:00:00,42.341508,22.321654,74.229539,72.090702,107.851877,3.5016,0,0.14572,-,-,-,AA,8.55,646.38,-,239517.0,https://www.ishares.com/us/products/239517/ishares-us-oil-gas-exploration-production-etf
IMIB,iShares FTSE MIB UCITS ETF EUR (Dist),IE00B1XNH568,103291490.93,Ireland,2007-07-06,0.35,-,Equity,Large Cap,Europe,EUR,Developed,-,Italy,-,7481321,Yes,iShares II plc,Distributing,FTSE MIB Index,13.806584,2022-08-11,41500.84667207,Yes,Index,2022-06-30 00:00:00,7.851426,1.484893,-7.024619,31.827412,-11.239967,2022-07-31 00:00:00,-7.460293,11.904828,4.416149,3.782948,-1.233922,2022-07-31 00:00:00,-15.274787,-13.903596,13.842131,20.400979,-17.061217,4.361687,0,0.0057,-,-,-,AA,7.8271,195.24,-,251805.0,https://www.ishares.com/uk/individual/en/products/251805/ishares-ftse-mib-ucits-etf-inc-fund
IHI,iShares U.S. Medical Devices ETF,US4642888105,6886956880.83,United States,2006-05-01,0.39,-,Equity,All Cap,North America,USD,Developed,"Sectors, Industry",United States,-,125950000,No,-,Distributing,Dow Jones U.S. Select Medical Equipment Index,54.680086,2022-08-11,55227.5030317044,Yes,Index,2022-06-30 00:00:00,20.83,20.38,10.34,36.72,-15.93,2022-07-31 00:00:00,-15.379504,-,9.753841,14.753943,12.629039,2022-07-31 00:00:00,-18.255119,-8.929525,32.20844,98.993132,590.915275,0.4522,0,0.15515,-,-,-,BBB,5.1902,20,-,239516.0,https://www.ishares.com/us/products/239516/ishares-us-medical-devices-etf
IGLS,iShares UK Gilts 0-5yr UCITS ETF GBP (Dist),IE00B4WXJK79,1313818757.26,Ireland,2009-04-17,0.07,-,Fixed Income,Government,Europe,GBP,Developed,-,United Kingdom,-,10182182,Yes,iShares III plc,Distributing,FTSE UK Conventional Gilts - Up To 5 Years Index,129.03116,2022-08-11,2400.52,Yes,Index,2022-06-30 00:00:00,-0.358192,1.132414,1.66754,-0.670297,-3.08884,2022-07-31 00:00:00,-2.53511,-1.607623,-0.654622,-0.180991,1.118122,2022-07-31 00:00:00,-1.4887,-0.707872,-1.951038,-0.901683,15.920054,0.29489,2.41,1.36765,2.33981,1.96,3.17,A,5.9002,3.86,-,251804.0,https://www.ishares.com/uk/individual/en/products/251804/ishares-uk-gilts-05yr-ucits-etf
IYZ,iShares U.S. Telecommunications ETF,US4642877132,427936805.94,United States,2000-05-22,0.39,-,Equity,All Cap,North America,USD,Developed,Sectors,United States,-,16200000,No,-,Distributing,Russell 1000 Telecommunications RIC 22.5/45 Capped Index,26.415852,2022-08-11,838.07229143,Yes,Index,2022-06-30 00:00:00,-11.79,8.8,-3.77,23.85,-22.62,2022-07-31 00:00:00,-22.827077,-,-2.710211,-1.83495,-1.030363,2022-07-31 00:00:00,-21.559687,-16.591998,-7.912265,-8.84417,-20.534081,2.8848,0,0.00287,-,-,-,AA,8.1238,25.22,-,239523.0,https://www.ishares.com/us/products/239523/ishares-us-telecommunications-etf
IYW,iShares U.S. Technology ETF,US4642877215,7378993840.78,United States,2000-05-15,0.41,-,Equity,All Cap,North America,USD,Developed,Sectors,United States,-,80200000,No,-,Distributing,Russell 1000 Technology RIC 22.5/45 Capped Index,92.007405,2022-08-11,1080.15889957,Yes,Index,2022-06-30 00:00:00,28.78,11.88,37.45,48.17,-19.37,2022-07-31 00:00:00,-13.3962,-,20.529284,20.543785,5.807479,2022-07-31 00:00:00,-22.251361,-15.330649,75.096606,154.521292,250.374094,0.4499,0,0.2066,-,-,-,AAA,8.9479,20.75,-,239522.0,https://www.ishares.com/us/products/239522/ishares-us-technology-etf
IAT,iShares U.S. Regional Banks ETF,US4642887784,907004934.33,United States,2006-05-01,0.39,-,Equity,All Cap,North America,USD,Developed,"Sectors, Industry",United States,-,16400000,No,-,Distributing,Dow Jones U.S. Select Regional Banks Index,55.305179,2022-08-11,1019.13906568285,Yes,Index,2022-06-30 00:00:00,9.76,-4.13,-23.9,74.97,-12.43,2022-07-31 00:00:00,-3.100422,-,6.101823,5.525473,2.751416,2022-07-31 00:00:00,-13.654029,-15.029577,19.445154,30.85386,55.444811,3.2772,0,0.23766,-,-,-,AA,7.2049,7.4,-,239521.0,https://www.ishares.com/us/products/239521/ishares-us-regional-banks-etf
INFR,iShares Global Infrastructure UCITS ETF USD (Dist),IE00B1FZS467,2160445914.5,Ireland,2006-10-20,0.65,-,Equity,All Cap,Global,USD,Developed,"Alternatives, Sectors",Broad,-,63716057,Yes,iShares II plc,Distributing,FTSE Global Core Infrastructure Index,33.907401,2022-08-11,3678.85876643,Yes,Index,2022-06-30 00:00:00,4.266269,15.588812,-5.56982,19.31717,1.752431,2022-07-31 00:00:00,6.328895,11.435933,6.75901,7.57463,4.659661,2022-07-31 00:00:00,-0.307723,3.173635,21.678435,44.061953,105.151059,2.57053,0,-0.02818,-,-,-,AA,8.3352,1256.72,-,251809.0,https://www.ishares.com/uk/individual/en/products/251809/ishares-global-infrastructure-ucits-etf
IYR,iShares U.S. Real Estate ETF,US4642877397,4405336257.65,United States,2000-06-12,0.39,-,Real Estate,Real Estate Securities,North America,USD,Developed,"Sectors, Income",United States,-,43600000,No,BlackRock Fund Advisors,Distributing,Dow Jones U.S. Real Estate Capped Index,101.039822,2022-08-11,729.939041766721,Yes,Index,2022-06-30 00:00:00,4.76,12.49,-7.19,32.23,-7.87,2022-07-31 00:00:00,-4.224789,-,6.530515,7.460142,9.401319,2022-07-31 00:00:00,-13.116793,-5.39184,20.898826,43.296987,630.872887,1.7782,0,-1.31022,-,-,-,A,6.6853,93.94,-,239520.0,https://www.ishares.com/us/products/239520/ishares-us-real-estate-etf
IPRP,iShares European Property Yield UCITS ETF EUR (Dist),IE00B0M63284,1081366829.16,Ireland,2005-11-04,0.4,-,Real Estate,Real Estate Securities,Europe,EUR,Developed,"Alternatives, Sectors",Broad,-,32882565,Yes,iShares plc,Distributing,FTSE EPRA/NAREIT Developed Europe ex UK Dividend+ Index,32.88572,2022-08-11,4290.74902999,Yes,Index,2022-06-30 00:00:00,9.370011,-0.5822,-6.307227,19.021521,-28.405295,2022-07-31 00:00:00,-24.482141,-2.891397,-4.689801,-0.637354,5.0949,2022-07-31 00:00:00,-22.265532,-20.422714,-13.41989,-3.146404,129.748496,3.281059,0,0.03164,-,-,-,AAA,9.6615,85.1,-,251808.0,https://www.ishares.com/uk/individual/en/products/251808/ishares-european-property-yield-ucits-etf
EMHY,iShares J.P. Morgan EM High Yield Bond ETF,US4642862852,317330948.43,United States,2012-04-03,0.5,-,Fixed Income,High Yield,Global,USD,Emerging,Income,Broad,-,8900000,No,-,Distributing,J.P. Morgan USD Emerging Markets High Yield Bond Index,35.655163,2022-08-11,151.753552,No,Index,2022-06-30 00:00:00,-3.64,11.39,-4.49,12.44,-20.46,2022-07-31 00:00:00,-18.28,-5.6,-4.76,-1.37,2.43,2022-07-31 00:00:00,-15.72,-14.12,-13.6,-6.66,28.18,7.1759,9.33,5.33338,5.26758,9.41,-,BB,3.2652,847.86,-,239527.0,https://www.ishares.com/us/products/239527/ishares-emerging-markets-high-yield-bond-etf
DVYE,iShares Emerging Markets Dividend ETF,US4642863199,559653901.85,United States,2012-02-23,0.49,-,Equity,All Cap,Global,USD,Emerging,"Factors, Equity Income, Income",Broad,-,21450000,No,-,Distributing,Dow Jones Emerging Markets Select Dividend Index,26.091091,2022-08-11,2546.57712859864,Yes,Index,2022-06-30 00:00:00,3.96,9.89,-17.78,32.89,-27.35,2022-07-31 00:00:00,-28.49,-4.18,-8.21,-3.23,-1.91,2022-07-31 00:00:00,-31.02,-31.32,-22.67,-15.13,-18.21,11.6487,0,0.17904,-,-,-,BB,3.9485,554.93,-,239526.0,https://www.ishares.com/us/products/239526/ishares-emerging-markets-dividend-etf
HYLD,iShares Global High Yield Corp Bond UCITS ETF USD (Dist),IE00B74DQ490,742143390.93,Ireland,2012-11-13,0.5,-,Fixed Income,High Yield,Global,USD,Developed,-,Broad,-,8914045,Yes,iShares plc,Distributing,Markit iBoxx Global Developed Markets Liquid High Yield Capped Index,83.255513,2022-08-11,149.929823785471,Yes,Index,2022-06-30 00:00:00,1.947856,5.631429,-2.318865,14.929832,-17.542931,2022-07-31 00:00:00,-14.267452,-3.2881,-1.086157,0.389664,2.555602,2022-07-31 00:00:00,-12.931626,-10.40829,-3.223208,1.963561,27.77864,4.114682,4.48,4.25125,3.70225,6.04,6.02,BBB,5.6986,224.46,-,251814.0,https://www.ishares.com/uk/individual/en/products/251814/ishares-global-high-yield-corp-bond-ucits-etf
CEMB,iShares J.P. Morgan EM Corporate Bond ETF,US4642862514,308727423.24,United States,2012-04-17,0.5,-,Fixed Income,Credit,Global,USD,Emerging,Income,Broad,-,7050000,No,-,Distributing,J.P. Morgan CEMBI Broad Diversified Core Index,43.791124,2022-08-11,344.425365,No,Index,2022-06-30 00:00:00,-1.12,10.05,3.71,7.55,-14.62,2022-07-31 00:00:00,-13.43,-4.61,-1.45,0.84,2.74,2022-07-31 00:00:00,-12.52,-10.88,-4.28,4.29,32.1,3.3393,7.15,4.44203,4.78571,6.47,-,BBB,5.1066,716.21,-,239525.0,https://www.ishares.com/us/products/239525/ishares-emerging-markets-corporate-bond-etf
CORP,iShares Global Corp Bond UCITS ETF USD (Dist),IE00B7J7TB45,975770632.64,Ireland,2012-09-24,0.2,-,Fixed Income,Credit,Global,USD,Developed,-,Broad,-,10996121,Yes,iShares plc,Distributing,Bloomberg Global Aggregate Corporate Bond Index,88.737713,2022-08-11,248.330211,Yes,Index,2022-06-30 00:00:00,0.214218,7.628866,5.428084,5.498911,-16.559559,2022-07-31 00:00:00,-15.349209,-6.847994,-1.599795,0.233338,1.316811,2022-07-31 00:00:00,-13.105349,-10.400009,-4.723014,1.172145,13.753009,2.433689,9.27,3.08597,6.52368,4.02,3.64,AAA,8.645,233.77,-,251813.0,https://www.ishares.com/uk/individual/en/products/251813/ishares-global-corporate-bond-ucits-etf
IDU,iShares U.S. Utilities ETF,US4642876977,1080778666.8,United States,2000-06-12,0.41,-,Equity,All Cap,North America,USD,Developed,Sectors,United States,-,11650000,No,-,Distributing,Russell 1000 Utilities RIC 22.5/45 Capped Index,92.770701,2022-08-11,1269.07603557,Yes,Index,2022-06-30 00:00:00,4.15,17.67,-4.35,15.41,11.55,2022-07-31 00:00:00,13.880406,-,9.417798,9.306465,7.757539,2022-07-31 00:00:00,3.741588,7.916555,30.997772,56.037593,422.642393,2.2465,0,0.29416,-,-,-,AA,8.524,2118.57,-,239524.0,https://www.ishares.com/us/products/239524/ishares-us-utilities-etf
CHDVD,iShares Swiss Dividend ETF (CH),CH0237935637,1515418250.39,Switzerland,2014-04-28,0.15,-,Equity,All Cap,Europe,CHF,Developed,-,Switzerland,-,10250000,No,iShares ETF (CH),Distributing,SPI® Select Dividend 20 Index,147.8457,2022-08-11,2999.4250048,No,Index,2022-06-30 00:00:00,2.057291,18.67229,3.600517,31.003022,-6.390578,2022-07-31 00:00:00,-3.607642,14.767519,10.330451,9.537481,8.311513,2022-07-31 00:00:00,-7.221163,-3.781333,34.303144,57.693487,93.311757,3.341321,0,0.02673,-,-,-,AAA,10,20.58,-,264108.0,https://www.ishares.com/ch/professionals/en/products/264108/ishares-swiss-dividend-ch-fund
LEMB,iShares J.P. Morgan EM Local Currency Bond ETF,US4642865178,388648860.39,United States,2011-10-18,0.3,-,Fixed Income,Government,Global,USD,Emerging,Income,Broad,-,11200000,No,-,Distributing,J.P. Morgan GBI-EM Global Diversified 15% Cap 4.5% Floor Index,34.700791,2022-08-11,121.693124,No,Index,2022-06-30 00:00:00,-4.89,7.55,-7.35,6.46,-18.56,2022-07-31 00:00:00,-18.66,-8.83,-7.62,-4.42,-1.51,2022-07-31 00:00:00,-13.23,-13.74,-21.16,-20.24,-15.18,4.4324,6.88,5.66379,4.91593,7.76,-,BBB,4.2962,-,-,239528.0,https://www.ishares.com/us/products/239528/ishares-emerging-markets-local-currency-bond-etf
FLOT,iShares Floating Rate Bond ETF,US46429B6552,9338150753.53,United States,2011-06-14,0.15,-,Fixed Income,Credit,North America,USD,Developed,Income,United States,-,186000000,No,-,Distributing,Bloomberg US Floating Rate Note < 5 Years Index,50.205112,2022-08-11,142.909347,Yes,Index,2022-06-30 00:00:00,1.93,2.79,1.61,1.11,-0.69,2022-07-31 00:00:00,-0.58,0.1,0.6,1.33,1.16,2022-07-31 00:00:00,-0.57,-0.61,1.82,6.82,13.68,1.5983,1.77,2.85757,0.06736,3.53,-,AAA,10,118.52,-,239534.0,https://www.ishares.com/us/products/239534/ishares-floating-rate-bond-etf
CHSPI,iShares Core SPI® ETF (CH),CH0237935652,2462806122.29,Switzerland,2014-04-28,0.1,-,Equity,All Cap,Europe,CHF,Developed,-,Switzerland,-,17775000,No,iShares ETF (CH),Distributing,Swiss Performance Index (SPI®),138.5545,2022-08-11,14498.5586544,No,Index,2022-06-30 00:00:00,1.842104,15.885923,3.742315,23.269349,-9.936387,2022-07-31 00:00:00,-7.350053,7.795008,6.088574,6.8754,6.907727,2022-07-31 00:00:00,-12.193602,-6.910193,19.400416,39.44045,73.574614,2.699299,0,0.01834,-,-,-,AAA,9.1376,98.08,-,264107.0,https://www.ishares.com/ch/professionals/en/products/264107/ishares-spi-ch-fund
IEUS,iShares MSCI Europe Small-Cap ETF,US4642884971,110848280.35,United States,2007-11-12,0.4,-,Equity,Small Cap,Europe,USD,Developed,-,Broad,-,2100000,No,-,Distributing,MSCI Europe Small Cap Index,52.784895,2022-08-11,566.1978,Yes,Index,2022-06-30 00:00:00,12.26,-6.72,-5.56,50.88,-27.14,2022-07-31 00:00:00,-24.65,5.16,4.43,2.2,3.22,2022-07-31 00:00:00,-23.88,-17.98,13.88,11.47,59.47,5.0989,0,0.03908,-,-,-,AA,7.9006,128.38,-,239537.0,https://www.ishares.com/us/products/239537/ishares-developed-smallcap-ex-north-america-etf
FXI,iShares China Large-Cap ETF,US4642871846,5245062741.49,United States,2004-10-05,0.74,-,Equity,Large Cap,Asia Pacific,USD,Emerging,-,China,-,174300000,No,-,Distributing,FTSE China 50 Index,30.092156,2022-08-11,24961.09970581,Yes,Index,2022-06-30 00:00:00,12.28,0.93,-4.12,18.31,-25.81,2022-07-31 00:00:00,-23.54,-13.05,-8.13,-4.35,5.18,2022-07-31 00:00:00,-16.41,-19.14,-22.45,-19.95,146.16,0.9853,0,0.24154,-,-,-,A,6.6628,144.53,-,239536.0,https://www.ishares.com/us/products/239536/ishares-china-largecap-etf
SEMB,iShares J.P. Morgan $ EM Bond UCITS ETF USD (Dist),IE00B2NPKV68,5472605237.48,Ireland,2008-02-15,0.45,-,Fixed Income,Government,Global,USD,Emerging,-,Broad,-,62190031,Yes,iShares II plc,Distributing,J.P. Morgan EMBI Global Core Index,87.99811,2022-08-11,527.782939,Yes,Index,2022-06-30 00:00:00,-2.625492,12.543699,0.484076,7.230858,-21.257281,2022-07-31 00:00:00,-19.066277,-8.439318,-4.72176,-0.990141,4.060167,2022-07-31 00:00:00,-17.714613,-15.166755,-13.506956,-4.853631,77.789191,5.56421,12.9,4.69497,7.67277,6.92,5.9,BB,3.3193,1530.02,-,251824.0,https://www.ishares.com/uk/individual/en/products/251824/ishares-jp-morgan-emerging-markets-bond-ucits-etf
IUES,iShares S&P 500 Energy Sector UCITS ETF USD (Acc),IE00B42NKQ00,1382405875.76,Ireland,2015-11-20,0.15,-,Equity,Large Cap,North America,USD,Developed,Sectors,United States,-,189000000,Yes,iShares V plc,Accumulating,S&P 500 Capped 35/20 Energy Index,7.314316,2022-08-11,444.164232705123,Yes,Index,2022-06-30 00:00:00,20.231694,-13.753819,-36.530423,48.496542,39.0899,2022-07-31 00:00:00,66.366002,54.377891,13.531224,7.769817,6.154732,2022-07-31 00:00:00,44.260747,21.022383,46.334241,45.373663,49.183791,-,0,0.46903,-,-,-,AAA,8.8179,610.88,-,280503.0,https://www.ishares.com/uk/individual/en/products/280503/ishares-sp-500-energy-sector-ucits-etf
REM,iShares Mortgage Real Estate ETF,US46435G3424,865364588.76,United States,2007-05-01,0.48,-,Real Estate,Real Estate Securities,North America,USD,Developed,"Sectors, Income",United States,-,28700000,No,-,Distributing, FTSE Nareit All Mortgage Capped Index,30.152076,2022-08-11,2375.34138557,Yes,Index,2022-06-30 00:00:00,3.31,6.37,-34.44,60.22,-23.1,2022-07-31 00:00:00,-9.76,16.05,-3.3,0.26,-1.67,2022-07-31 00:00:00,-9.03,-7.37,-9.59,1.3,-22.66,10.0853,0,0.01149,-,-,-,B,2.6498,5.06,-,239543.0,https://www.ishares.com/us/products/239543/ishares-mortgage-real-estate-capped-etf
IFGL,iShares International Developed Real Estate ETF,US4642884898,198673159.98,United States,2007-11-12,0.48,-,Real Estate,Real Estate Securities,Global,USD,Developed,"Sectors, Income",Broad,-,8300000,No,-,Distributing,FTSE EPRA Nareit Developed ex-U.S. Index,23.936525,2022-08-11,4017.69304398,Yes,Index,2022-06-30 00:00:00,8.8,5.86,-16.04,28.74,-20.71,2022-07-31 00:00:00,-17.71,3.15,-2.68,0.42,0.48,2022-07-31 00:00:00,-14.97,-12.04,-7.84,2.13,7.35,4.3693,0,0.04547,-,-,-,AA,8.1305,77.31,-,239540.0,https://www.ishares.com/us/products/239540/ishares-international-developed-real-estate-etf
EXHF,iShares Euro Government Bond Capped 1.5-10.5yr UCITS ETF (DE),DE000A0H0785,186942099.69,Germany,2006-07-11,0.16,-,Fixed Income,Government,Europe,EUR,Developed,-,Broad,-,1637610,No,BlackRock Asset Management Deutschland AG,Distributing,Markit iBoxx € Liquid Sovereigns Capped 1.5-10.5,114.1554,2022-08-11,228.05592673006,Yes,Index,2022-06-30 00:00:00,0.967356,5.774282,1.423395,0.501521,-12.270942,2022-07-31 00:00:00,-10.134056,-4.592812,-2.846158,-0.180289,2.99766,2022-07-31 00:00:00,-7.923551,-6.851596,-8.297761,-0.8982,60.662574,0.636787,7.25,0.65056,7.05714,1.45,2.61,BBB,5.3195,-,-,251834.0,https://www.ishares.com/de/privatanleger/de/produkte/251834/ishares-euro-government-bond-capped-15105yr-ucits-etf-de-fund
IBTL,iShares® iBonds® Dec 2031 Term Treasury ETF,US46436E4605,29822842.59,United States,2021-07-13,0.07,-,Fixed Income,Government,North America,USD,Developed,iBonds,United States,-,1350000,No,-,Distributing,ICE 2031 Maturity US Treasury Index,22.090995,2022-08-11,148.018,No,Index,2022-06-30 00:00:00,-,-,-,-,-,2022-07-31 00:00:00,-9.87,-,-,-,-7.96,2022-07-31 00:00:00,-8.33,-6.2,-,-,-8.35,1.1397,8.85,1.34556,8.17709,2.86,-,A,5.8124,-,-,319421.0,https://www.ishares.com/us/products/319421/ishares-ibonds-dec-2031-term-treasury-etf
REZ,iShares Residential and Multisector Real Estate ETF,US4642885622,1007892437.52,United States,2007-05-01,0.48,-,Real Estate,Real Estate Securities,North America,USD,Developed,"Sectors, Income",United States,-,11550000,No,-,Distributing, FTSE Nareit All Residential Capped Index,87.263415,2022-08-11,5881.22961048,Yes,Index,2022-06-30 00:00:00,0.4,19.31,-14.74,42.85,-2.3,2022-07-31 00:00:00,-2.7,20.71,7.92,8.93,7.74,2022-07-31 00:00:00,-11.64,-6.63,25.7,53.38,211.71,2.2108,0,0.13405,-,-,-,A,6.3176,71.53,-,239545.0,https://www.ishares.com/us/products/239545/ishares-residential-real-estate-capped-etf
SHYU,iShares $ High Yield Corp Bond UCITS ETF USD (Dist),IE00B4PY7Y77,3145587585.49,Ireland,2011-09-13,0.5,-,Fixed Income,High Yield,North America,USD,Developed,-,United States,-,33350946,Yes,iShares II plc,Distributing,Markit iBoxx USD Liquid High Yield Capped Index,94.317791,2022-08-11,234.304729621378,Yes,Index,2022-06-30 00:00:00,1.852606,7.227798,-1.585873,13.500533,-11.401824,2022-07-31 00:00:00,-5.835557,1.120779,1.654563,2.676062,4.940408,2022-07-31 00:00:00,-6.607869,-3.864868,5.04627,14.11586,68.993006,4.397898,5,5.20059,3.87964,6.16,6.28,BBB,5.712,285.12,-,251833.0,https://www.ishares.com/uk/individual/en/products/251833/ishares-high-yield-corporate-bond-ucits-etf
IUIT,iShares S&P 500 Information Technology Sector UCITS ETF USD (Acc),IE00B3WJKG14,3378537407.95,Ireland,2015-11-20,0.15,-,Equity,Large Cap,North America,USD,Developed,Sectors,United States,-,182750000,Yes,iShares V plc,Accumulating,S&P 500 Capped 35/20 Information Technology Index,18.487208,2022-08-11,390.877396836696,Yes,Index,2022-06-30 00:00:00,30.849018,13.906592,35.098236,41.492049,-14.402139,2022-07-31 00:00:00,-6.321932,14.269935,21.627073,21.577733,21.061769,2022-07-31 00:00:00,-17.271932,-11.102754,79.924689,165.625774,259.680108,-,0,0.46374,-,-,-,AAA,10,20.96,-,280510.0,https://www.ishares.com/uk/individual/en/products/280510/ishares-sp-500-information-technology-sector-ucits-etf
IBHG,iShares® iBonds® 2027 Term High Yield and Income ETF,US46436E4787,13511935.28,United States,2021-07-07,0.35,-,Fixed Income,High Yield,North America,USD,Developed,iBonds,United States,-,600000,No,-,Distributing,Bloomberg 2027 Term High Yield and Income Index,22.519892,2022-08-11,122.508441,No,Index,2022-06-30 00:00:00,-,-,-,-,-,2022-07-31 00:00:00,-6.5,-,-,-,-6.35,2022-07-31 00:00:00,-7.66,-5.83,-,-,-6.76,5.1173,4.45,6.05641,3.32663,7.22,-,BBB,5.6932,375.28,-,319422.0,https://www.ishares.com/us/products/319422/ishares-ibonds-2027-term-high-yield-and-income-etf
USRT,iShares Core U.S. REIT ETF,US4642885218,2156967779.94,United States,2007-05-01,0.08,-,Real Estate,Real Estate Securities,North America,USD,Developed,"-, Sectors, Income",United States,-,36600000,No,-,Distributing, FTSE Nareit Equity REITS Index,58.933546,2022-08-11,23376.15559907,Yes,Index,2022-06-30 00:00:00,3.52,11.19,-13.11,37.97,-6.35,2022-07-31 00:00:00,-2.51,16.4,6.55,6.85,5.17,2022-07-31 00:00:00,-12.98,-6.57,20.95,39.28,115.67,2.1195,0,0.10084,-,-,-,BBB,5.4307,108.87,-,239544.0,https://www.ishares.com/us/products/239544/ishares-real-estate-50-etf
LQDE,iShares $ Corp Bond UCITS ETF USD (Dist),IE0032895942,5942142502.36,Ireland,2003-05-16,0.2,-,Fixed Income,Credit,North America,USD,Developed,-,United States,-,55433593,Yes,iShares plc,Distributing,Markit iBoxx USD Liquid Investment Grade Index,107.19389,2022-08-11,301.716007827015,Yes,Index,2022-06-30 00:00:00,-1.675123,12.452214,10.922811,3.006086,-16.187859,2022-07-31 00:00:00,-13.986514,-6.833794,-0.250777,1.822381,3.928871,2022-07-31 00:00:00,-12.804182,-9.307404,-0.750445,9.450121,109.61783,3.228076,13.5,3.69319,8.82962,4.55,3.99,AAA,8.9532,154.16,-,251832.0,https://www.ishares.com/uk/individual/en/products/251832/ishares-corporate-bond-ucits-etf
BYLD,iShares Yield Optimized Bond ETF,US46434V7872,82452022.78,United States,2014-04-22,0.48,-,Fixed Income,Multi Sectors,North America,USD,Developed,"Factors, Smart Beta, Income",United States,-,3650000,No,-,Distributing,Morningstar U.S. Bond Market Yield-Optimized Index,22.589595,2022-08-11,1240.52,No,Index,2022-06-30 00:00:00,-0.23,9.43,4.82,1.73,-10.52,2022-07-31 00:00:00,-8.35,-3.91,-0.57,1.35,2.11,2022-07-31 00:00:00,-7.63,-5.7,-1.71,6.96,18.88,3.3256,6.4,2.391,4.81722,4.73,-,A,6.1979,284,-,264127.0,https://www.ishares.com/us/products/264127/ishares-yield-optimized-bond-etf
GHYG,iShares US & Intl High Yield Corp Bond ETF,US4642861789,107768981.69,United States,2012-04-03,0.4,-,Fixed Income,High Yield,Global,USD,Developed,Income,Broad,-,2500000,No,-,Distributing,Markit iBoxx Global Developed Markets High Yield Index,43.107593,2022-08-11,155.232905254982,No,Index,2022-06-30 00:00:00,1.99,6.49,-1.8,14.67,-16.12,2022-07-31 00:00:00,-11.75,-1.88,-0.13,1.22,3.43,2022-07-31 00:00:00,-11.36,-8.78,-0.39,6.28,41.72,4.406,5.03,4.92627,3.89239,6.72,-,BBB,5.4069,281.21,-,239551.0,https://www.ishares.com/us/products/239551/ishares-global-high-yield-corporate-bond-etf
SLXX,iShares Core £ Corp Bond UCITS ETF GBP (Dist),IE00B00FV011,1470212616.18,Ireland,2004-03-29,0.2,-,Fixed Income,Credit,Europe,GBP,Developed,-,United Kingdom,-,11131288,Yes,iShares plc,Distributing,Markit iBoxx GBP Liquid Corporates Large Cap Index,132.07929,2022-08-11,135.966626138387,Yes,Index,2022-06-30 00:00:00,0.016037,6.90048,7.203101,1.634419,-14.827307,2022-07-31 00:00:00,-13.082128,-6.152648,-2.078737,0.40554,3.984256,2022-07-31 00:00:00,-11.051355,-7.952005,-6.107476,2.044214,104.700842,2.33587,10.39,3.62697,7.20021,3.93,4.6,AAA,9.6335,103.24,-,251839.0,https://www.ishares.com/uk/individual/en/products/251839/ishares-corporate-bond-ucits-etf
ECAR,iShares Electric Vehicles and Driving Technology UCITS ETF USD (Acc),IE00BGL86Z12,705059413.47,Ireland,2019-02-20,0.4,-,Equity,All Cap,Global,USD,Developed,"Sustainable, Thematic ETFs",Broad,-,103000000,Yes,iShares IV plc,Accumulating,STOXX Global Electric Vehicles & Driving Technology NET Index,6.845237,2022-08-11,3263.2715402498,Yes,Index,2022-06-30 00:00:00,-,-,-6.504887,77.940969,-26.509181,2022-07-31 00:00:00,-17.273796,17.800332,11.197681,-,8.289509,2022-07-31 00:00:00,-19.840885,-13.848411,37.495092,-,31.562123,-,0,0.38592,-,-,-,BBB,4.8572,56.89,Screened,307130.0,https://www.ishares.com/uk/individual/en/products/307130/ishares-electric-vehicles-and-driving-technology-ucits-etf
IUHC,iShares S&P 500 Health Care Sector UCITS ETF USD (Acc),IE00B43HR379,2243547796.64,Ireland,2015-11-20,0.15,-,Equity,Large Cap,North America,USD,Developed,Sectors,United States,-,222675404,Yes,iShares V plc,Accumulating,S&P 500 Capped 35/20 Health Care Index,10.075418,2022-08-11,628.494048867317,Yes,Index,2022-06-30 00:00:00,6.681992,12.561907,10.438499,27.393186,2.974178,2022-07-31 00:00:00,1.430826,13.412028,15.004274,12.268404,11.367907,2022-07-31 00:00:00,-5.502282,1.377136,52.104459,78.35601,105.666,-,0,0.51664,-,-,-,AA,7.7318,15.39,-,280507.0,https://www.ishares.com/uk/individual/en/products/280507/ishares-sp-500-health-care-sector-ucits-etf
IHYG,iShares € High Yield Corp Bond UCITS ETF,IE00B66F4759,4047720270.51,Ireland,2010-09-03,0.5,-,Fixed Income,High Yield,Europe,EUR,Developed,-,Broad,-,43939464,Yes,iShares plc,Distributing,Markit iBoxx Euro Liquid High Yield Index,92.120383,2022-08-11,196.560935174602,Yes,Index,2022-06-30 00:00:00,0.148735,4.325013,-3.487284,10.321455,-13.202897,2022-07-31 00:00:00,-9.570334,-0.751457,-1.368124,0.042107,3.751309,2022-07-31 00:00:00,-9.614103,-8.302991,-4.048476,0.210715,55.044708,3.326734,3.79,3.48605,3.16033,6.14,5.2,BBB,5.3554,208.45,-,251843.0,https://www.ishares.com/uk/individual/en/products/251843/ishares-euro-high-yield-corporate-bond-ucits-etf
ICOV,iShares € Covered Bond UCITS ETF EUR (Dist),IE00B3B8Q275,795740247.84,Ireland,2008-08-01,0.2,-,Fixed Income,Credit,Europe,EUR,Developed,-,Broad,-,5535436,Yes,iShares III plc,Distributing,Markit iBoxx € Covered,143.753852,2022-08-11,208.750624701149,Yes,Index,2022-06-30 00:00:00,0.779068,3.019919,0.760548,-0.771203,-9.689815,2022-07-31 00:00:00,-8.014756,-4.252273,-2.740252,-0.782133,2.638659,2022-07-31 00:00:00,-6.43192,-5.612501,-7.997544,-3.84997,43.986615,0.271784,5.27,0.77116,5.08414,1.64,2.63,AAA,10,7.12,-,251842.0,https://www.ishares.com/uk/individual/en/products/251842/ishares-euro-covered-bond-ucits-etf
ISXF,iShares £ Corp Bond ex-Financials UCITS ETF GBP (Dist),IE00B4L60H17,114511589.32,Ireland,2009-09-25,0.2,-,Fixed Income,Credit,Europe,GBP,Developed,-,United Kingdom,-,1014105,Yes,iShares III plc,Distributing,Markit iBoxx GBP Non-Financials Index,112.918868,2022-08-11,383.759550531458,Yes,Index,2022-06-30 00:00:00,0.203399,6.971797,7.277082,0.952915,-15.410461,2022-07-31 00:00:00,-14.043176,-6.929445,-2.617719,0.209894,4.472263,2022-07-31 00:00:00,-12.037473,-8.785492,-7.649378,1.053885,75.432518,2.685202,11.62,3.90502,7.98754,3.89,4.63,AA,8.2969,182.74,-,251841.0,https://www.ishares.com/uk/individual/en/products/251841/ishares-corporate-bond-exfinancials-ucits-etf
IS15,iShares £ Corp Bond 0-5yr UCITS ETF GBP (Dist),IE00B5L65R35,1506410837.6,Ireland,2011-03-30,0.2,-,Fixed Income,Credit,Europe,GBP,Developed,-,Broad,-,15045283,Yes,iShares plc,Distributing,Markit iBoxx GBP Corporate 0-5 Index,100.125124,2022-08-11,288.751946042312,Yes,Index,2022-06-30 00:00:00,0.591093,2.925635,1.934,2.659371,-5.671864,2022-07-31 00:00:00,-4.590412,-1.371198,-0.26365,0.60785,2.541705,2022-07-31 00:00:00,-3.622624,-2.625446,-0.788867,3.076423,32.913669,1.669211,2.91,3.21204,2.64397,3.86,5.16,AAA,9.5465,66.73,-,251840.0,https://www.ishares.com/uk/individual/en/products/251840/ishares-corporate-bond-15yr-ucits-etf
EMCP,iShares J.P. Morgan $ EM Corp Bond UCITS ETF USD (Dist),IE00B6TLBW47,668197592.12,Ireland,2012-04-17,0.5,-,Fixed Income,Credit,Global,USD,Emerging,-,Broad,-,7647243,Yes,iShares V plc,Distributing,J.P. Morgan CEMBI Broad Diversified Core Index,87.37758,2022-08-11,344.425365,Yes,Index,2022-06-30 00:00:00,-0.934693,10.177108,3.822896,7.593421,-14.411746,2022-07-31 00:00:00,-13.325296,-4.517206,-1.326255,0.959604,2.871551,2022-07-31 00:00:00,-12.465575,-10.81741,-3.926229,4.890993,33.804486,4.211034,7.11,4.45661,4.76879,6.48,5.47,BBB,5.1419,706.61,-,251847.0,https://www.ishares.com/uk/individual/en/products/251847/ishares-emerging-markets-corporate-bond-ucits-etf
SMMV,iShares MSCI USA Small-Cap Min Vol Factor ETF,US46435G4331,777362696.47,United States,2016-09-07,0.2,-,Equity,Small Cap,North America,USD,Developed,"Factors, Minimum Volatility, Edge",United States,-,21500000,No,-,Distributing,MSCI USA Small Cap Minimum Volatility (USD) Index,36.156404,2022-08-11,8222.385336,No,Index,2022-06-30 00:00:00,14.45,9.08,-11.59,33.05,-9.13,2022-07-31 00:00:00,-4.17,11.04,3.25,6.86,7.92,2022-07-31 00:00:00,-7.53,-1.08,10.06,39.34,56.78,1.4273,0,0.09361,-,-,-,A,5.8947,197.83,-,284609.0,https://www.ishares.com/us/products/284609/ishares-msci-usa-small-cap-min-vol-factor-etf
EXS3,iShares MDAX® UCITS ETF (DE) EUR (Acc),DE0005933923,1269094371.45,Germany,2001-04-19,0.51,-,Equity,Mid Cap,Europe,EUR,Developed,-,Germany,-,5474045,No,BlackRock Asset Management Deutschland AG,Accumulating,MDAX®,231.8385,2022-08-11,1303.75,Yes,Index,2022-06-30 00:00:00,4.625311,-1.58235,0.231464,30.901159,-24.787695,2022-07-31 00:00:00,-22.76119,1.459995,1.089711,1.40668,8.183895,2022-07-31 00:00:00,-22.513101,-18.286677,3.304885,7.234078,433.334182,0.409308,0,0,-,-,0,AAA,9.2113,145.37,-,251845.0,https://www.ishares.com/de/privatanleger/de/produkte/251845/ishares-mdax-ucits-etf-de-fund
HDV,iShares Core High Dividend ETF,US46429B6636,12512654181.81,United States,2011-03-29,0.08,-,Equity,All Cap,North America,USD,Developed,"Factors, -, Equity Income, Income",United States,-,120200000,No,BlackRock Fund Advisors,Distributing,Morningstar Dividend Yield Focus Index,104.09862,2022-08-11,4422.58526090057,No,Index,2022-06-30 00:00:00,5.95,15.11,-10.57,23.7,7.23,2022-07-31 00:00:00,10.21,15.69,7.17,8.05,10.31,2022-07-31 00:00:00,4.17,1.77,23.09,47.29,204.38,2.6001,0,0.26131,-,-,-,AAA,8.7963,359.18,-,239563.0,https://www.ishares.com/us/products/239563/ishares-high-dividend-etf
SAUS,iShares MSCI Australia UCITS ETF USD (Acc),IE00B5377D42,551181240.9,Ireland,2010-01-22,0.5,-,Equity,Large/Mid Cap,Asia Pacific,USD,Developed,-,Australia,-,12569444,Yes,iShares III plc,Accumulating,MSCI Australia Index,43.850884,2022-08-11,4849.274411,Yes,Index,2022-06-30 00:00:00,8.44185,6.166387,-11.787504,39.05885,-13.437838,2022-07-31 00:00:00,-6.525281,10.80695,3.98378,4.517892,4.561238,2022-07-31 00:00:00,-6.693201,2.323352,12.433778,24.724915,74.809248,-,0,0.08449,-,-,-,AAA,10,226.74,-,251851.0,https://www.ishares.com/uk/individual/en/products/251851/ishares-msci-australia-ucits-etf
SSAC,iShares MSCI ACWI UCITS ETF USD (Acc),IE00B6R52259,5725080029.06,Ireland,2011-10-21,0.2,-,Equity,Large/Mid Cap,Global,USD,Developed,-,Broad,-,86800000,Yes,iShares V plc,Accumulating,MSCI ACWI Index,65.957143,2022-08-11,339.201226,Yes,Index,2022-06-30 00:00:00,10.764234,5.476715,1.750918,38.968582,-15.521755,2022-07-31 00:00:00,-10.243569,9.256537,8.41286,7.76455,9.082551,2022-07-31 00:00:00,-14.468684,-10.104133,27.421411,45.33814,155.160351,-,0,0.37989,-,-,-,AA,8.2618,149.43,-,251850.0,https://www.ishares.com/uk/individual/en/products/251850/ishares-msci-acwi-ucits-etf
IAU,iShares Gold Trust,US4642852044,28726554334.45,United States,2005-01-21,0.25,-,Commodity,Precious Metals,Global,USD,Developed,-,Broad,-,841950000,No,-,NA ,LBMA Gold Price,34.119074,2022-08-11,1796.7,Yes,Index,2022-06-30 00:00:00,0.42,12.33,25.22,-0.53,2.78,2022-07-31 00:00:00,-4.2,-5.77,6.82,6.43,8.08,2022-07-31 00:00:00,-3.81,-2.46,21.89,36.59,290.2,-,0,0,-,-,-,-,-,-,-,239561.0,https://www.ishares.com/us/products/239561/ishares-gold-trust-fund
ISFE,iShares MSCI AC Far East ex-Japan Small Cap UCITS ETF USD (Dist),IE00B2QWDR12,81991739.22,Ireland,2008-05-09,0.74,-,Equity,Small Cap,Asia Pacific,USD,Emerging,-,Broad,-,2710000,Yes,iShares II plc,Distributing,MSCI AC Far East ex Japan Small Cap,30.255254,2022-08-11,1597.132912,Yes,Index,2022-06-30 00:00:00,8.98638,-7.534815,-1.092385,55.970645,-22.694925,2022-07-31 00:00:00,-20.409125,5.389069,6.566606,3.244943,3.455511,2022-07-31 00:00:00,-20.364633,-13.780481,21.021744,17.312407,62.132625,3.046413,0,0.10134,-,-,-,B,2.4581,205.85,-,251849.0,https://www.ishares.com/uk/individual/en/products/251849/ishares-msci-ac-far-east-exjapan-smallcap-ucits-etf
IUCD,iShares S&P 500 Consumer Discretionary Sector UCITS ETF USD (Acc),IE00B4MCHD36,314370736.69,Ireland,2015-11-20,0.15,-,Equity,Large Cap,North America,USD,Developed,Sectors,United States,-,28750000,Yes,iShares V plc,Accumulating,S&P 500 Capped 35/20 Consumer Discretionary Index,10.934634,2022-08-11,558.391611407274,Yes,Index,2022-06-30 00:00:00,23.069734,9.759701,11.075068,38.641366,-24.371045,2022-07-31 00:00:00,-10.508986,7.444674,11.124066,12.935369,12.028894,2022-07-31 00:00:00,-20.202875,-11.642358,37.222198,83.717224,113.980544,-,0,0.51983,-,-,-,AA,7.1659,41.36,-,280526.0,https://www.ishares.com/uk/individual/en/products/280526/ishares-sp-500-consumer-discretionary-sector-ucits-etf
IFFF,iShares MSCI AC Far East ex-Japan UCITS ETF USD (Dist),IE00B0M63730,1325488650.75,Ireland,2005-10-28,0.74,-,Equity,Large/Mid Cap,Asia Pacific,USD,Emerging,-,Broad,-,25856754,Yes,iShares plc,Distributing,MSCI AC Far East ex-Japan Index(SM),51.262762,2022-08-11,476.157395,Yes,Index,2022-06-30 00:00:00,9.627828,-1.974777,3.139213,37.05902,-28.029848,2022-07-31 00:00:00,-23.594654,-5.964168,0.046005,0.196086,6.155731,2022-07-31 00:00:00,-19.158854,-16.283852,0.138079,0.984282,172.080148,1.62262,0,0.43588,-,-,-,A,6.1505,251.92,-,251848.0,https://www.ishares.com/uk/individual/en/products/251848/ishares-msci-ac-far-east-exjapan-ucits-etf
LQD,iShares iBoxx $ Investment Grade Corporate Bond ETF,US4642872422,36098898619.36,United States,2002-07-22,0.14,-,Fixed Income,Credit,North America,USD,Developed,Income,United States,-,320700000,No,-,Distributing,Markit iBoxx USD Liquid Investment Grade Index,112.562827,2022-08-11,301.716007827015,Yes,Index,2022-06-30 00:00:00,-1.64,12.5,11.04,3.08,-16.19,2022-07-31 00:00:00,-13.98,-6.79,-0.2,1.87,4.73,2022-07-31 00:00:00,-12.79,-9.31,-0.61,9.72,152.27,2.869,13.5,3.67227,8.82136,4.54,-,AAA,8.9416,153.33,-,239566.0,https://www.ishares.com/us/products/239566/ishares-iboxx-investment-grade-corporate-bond-etf
HYG,iShares iBoxx $ High Yield Corporate Bond ETF,US4642885135,14967292417.34,United States,2007-04-04,0.48,-,Fixed Income,High Yield,North America,USD,Developed,Income,United States,-,191000000,No,-,Distributing,Markit iBoxx USD Liquid High Yield Index,78.362788,2022-08-11,309.307517774003,Yes,Index,2022-06-30 00:00:00,1.83,7.62,-1.62,13.26,-13.13,2022-07-31 00:00:00,-7.36,0.15,0.93,2.31,4.64,2022-07-31 00:00:00,-8.28,-5.52,2.8,12.1,100.27,4.57,5.42,5.48844,4.0204,6.98,-,BBB,5.2301,307.89,-,239565.0,https://www.ishares.com/us/products/239565/ishares-iboxx-high-yield-corporate-bond-etf
IBZL,iShares MSCI Brazil UCITS ETF USD (Dist),IE00B0M63516,320658541.69,Ireland,2005-11-18,0.74,-,Equity,Large/Mid Cap,Latin America,USD,Emerging,-,Brazil,-,12783369,Yes,iShares plc,Distributing,MSCI Brazil Index(SM),25.08404,2022-08-11,486.127725,Yes,Index,2022-06-30 00:00:00,-1.280678,37.386605,-34.338763,45.24599,-24.186455,2022-07-31 00:00:00,-14.831733,0.812135,-9.391815,-1.397358,2.572206,2022-07-31 00:00:00,7.644106,-4.656627,-25.612101,-6.794237,52.825526,10.216456,0,0.77634,-,-,-,BB,3.687,344.15,-,251853.0,https://www.ishares.com/uk/individual/en/products/251853/ishares-msci-brazil-ucits-etf-inc-fund
IOZ,iShares Core S&P/ASX 200 ETF,AU000000IOZ4,4498199752.66,Australia,2010-12-06,-,0.09,Equity,Large Cap,Asia Pacific,AUD,Developed,Core ETFs,Australia,-,158555230,No,-,-,S&P/ASX 200 Index,28.369924,2022-08-12,83571.647426746,No,Index,2022-06-30 00:00:00,12.79896,11.382736,-7.766916,27.699943,-6.579539,2022-07-31 00:00:00,-2.276852,12.04167,4.177642,7.893541,7.593596,2022-07-31 00:00:00,-4.797852,1.658549,13.063798,46.210055,134.591254,5.653584,0,0.11327,-,-,-,AAA,9.975,241.15,-,251852.0,https://www.blackrock.com/au/products/251852/ishares-core-s-p/asx-200-etf
IUFS,iShares S&P 500 Financials Sector UCITS ETF USD (Acc),IE00B4JNQZ49,1416631657.44,Ireland,2015-11-20,0.15,-,Equity,Large Cap,North America,USD,Developed,Sectors,United States,-,144750000,Yes,iShares V plc,Accumulating,S&P 500 Capped 35/20 Financials Index,9.786747,2022-08-11,263.613723227831,Yes,Index,2022-06-30 00:00:00,9.187545,5.805048,-14.358576,61.019282,-13.041461,2022-07-31 00:00:00,-6.367419,20.281236,7.860534,7.861375,9.917924,2022-07-31 00:00:00,-13.077195,-13.095384,25.48381,45.99224,88.38442,-,0,0.39797,-,-,-,AA,8.4106,44.05,-,280523.0,https://www.ishares.com/uk/individual/en/products/280523/ishares-sp-500-financials-sector-ucits-etf
IEMS,iShares MSCI EM Small Cap UCITS ETF USD (Dist),IE00B3F81G20,294675019.31,Ireland,2009-03-06,0.74,-,Equity,Small Cap,Global,USD,Emerging,-,Broad,-,3955000,Yes,iShares III plc,Distributing,MSCI Emerging Markets Small Cap Index,74.506958,2022-08-11,1616.928649,Yes,Index,2022-06-30 00:00:00,5.384786,-5.449459,-8.99063,62.378441,-21.051007,2022-07-31 00:00:00,-17.759551,9.826742,6.768898,2.89547,10.115967,2022-07-31 00:00:00,-17.967206,-14.157408,21.712246,15.340353,263.742453,2.386757,0,0.19714,-,-,-,B,2.6047,400.9,-,251859.0,https://www.ishares.com/uk/individual/en/products/251859/ishares-msci-emerging-markets-smallcap-ucits-etf
SEMA,iShares MSCI EM UCITS ETF USD (Acc),IE00B4L5YC18,1355823930.08,Ireland,2009-09-25,0.18,-,Equity,Large/Mid Cap,Global,USD,Emerging,-,Broad,-,39000000,Yes,iShares III plc,Accumulating,MSCI Emerging Markets Index,34.764716,2022-08-11,510.601446,Yes,Index,2022-06-30 00:00:00,7.512452,0.563285,-3.95772,40.794951,-25.264868,2022-07-31 00:00:00,-20.077712,-1.832315,0.710898,0.578004,2.554193,2022-07-31 00:00:00,-17.781185,-16.210372,2.14789,2.923621,38.267789,-,0,0.33993,-,-,-,BBB,5.3222,336.87,-,251858.0,https://www.ishares.com/uk/individual/en/products/251858/ishares-msci-emerging-markets-ucits-etf-acc-fund
IEEM,iShares MSCI Emerging Markets UCITS ETF (Dist),IE00B0M63177,3659063209.68,Ireland,2005-11-18,0.18,-,Equity,Large/Mid Cap,Global,USD,Emerging,-,Broad,-,92194038,Yes,iShares plc,Distributing,MSCI Emerging Markets Index,39.688718,2022-08-11,510.601446,Yes,Index,2022-06-30 00:00:00,7.514946,0.554912,-4.078383,40.89072,-25.348041,2022-07-31 00:00:00,-20.184866,-1.867444,0.64528,0.537926,4.517299,2022-07-31 00:00:00,-17.854829,-16.290714,1.948358,2.718724,109.142649,2.522631,0,0.43498,-,-,-,A,5.7174,326.17,-,251857.0,https://www.ishares.com/uk/individual/en/products/251857/ishares-msci-emerging-markets-ucits-etf-inc-fund
LTAM,iShares MSCI EM Latin America UCITS ETF USD (Dist),IE00B27YCK28,204887516.23,Ireland,2007-10-15,0.74,-,Equity,Large/Mid Cap,Latin America,USD,Emerging,-,Broad,-,13700000,Yes,iShares II plc,Distributing,MSCI EM Latin America 10/40 Index,14.955293,2022-08-11,485.226058,Yes,Index,2022-06-30 00:00:00,-0.691497,17.400977,-33.093923,42.821548,-16.088087,2022-07-31 00:00:00,-8.748795,6.194081,-5.776469,-2.059993,-1.965627,2022-07-31 00:00:00,3.250495,-3.927804,-16.347655,-9.884261,-25.44585,4.718731,0,0.93218,-,-,-,BB,4.031,290.28,-,251856.0,https://www.ishares.com/uk/individual/en/products/251856/ishares-msci-em-latin-america-ucits-etf-inc-fund
IEUX,iShares MSCI Europe ex-UK UCITS ETF EUR (Dist),IE00B14X4N27,1056246622.26,Ireland,2006-06-02,0.4,-,Equity,Large/Mid Cap,Europe,EUR,Developed,-,Broad,-,28330656,Yes,iShares plc,Distributing,MSCI Europe ex-UK Index,37.282815,2022-08-11,7200.78734618916,Yes,Index,2022-06-30 00:00:00,1.262263,6.176665,-1.637674,28.98517,-10.60873,2022-07-31 00:00:00,-5.43966,11.984435,6.916825,5.711493,4.907036,2022-07-31 00:00:00,-10.677396,-6.166778,22.218839,32.011279,116.883116,2.391987,0,0.1587,-,-,-,AAA,9.019,117.68,-,251863.0,https://www.ishares.com/uk/individual/en/products/251863/ishares-msci-europe-exuk-ucits-etf
SGLU,iShares Global Govt Bond UCITS ETF USD Hedged (Acc),IE00BK7Y2P34,121203015.66,Ireland,2019-06-21,0.25,-,Fixed Income,Government,Global,USD,Developed,Currency Hedged,Broad,Hedged,25052846,Yes,iShares III plc,Accumulating,FTSE G7 Government Bond Index,4.837894,2022-08-11,862.0351,Yes,Index,2022-06-30 00:00:00,-,-,6.935406,-1.783948,-8.895509,2022-07-31 00:00:00,-8.401168,-4.945378,-1.040955,-,-0.711306,2022-07-31 00:00:00,-7.174536,-5.663448,-3.090471,-,-2.194442,-,9.54,1.62843,7.95959,2.21,1.97,A,5.9525,-,-,309200.0,https://www.ishares.com/uk/individual/en/products/309200/ishares-global-govt-bond-ucits-etf
SMEA,iShares Core MSCI Europe UCITS ETF EUR (Acc),IE00B4K48X80,5254696058.15,Ireland,2009-09-25,0.12,-,Equity,Large/Mid Cap,Europe,EUR,Developed,-,Broad,-,82410991,Yes,iShares III plc,Accumulating,MSCI Europe,63.762078,2022-08-11,275.093389,Yes,Index,2022-06-30 00:00:00,2.929258,4.725541,-5.387265,28.28984,-6.23977,2022-07-31 00:00:00,-0.940118,14.543473,6.874728,5.791739,7.556105,2022-07-31 00:00:00,-7.056206,-3.997803,22.074533,32.513089,154.931045,-,0,0.09199,-,-,-,AAA,9.3419,115.02,-,251861.0,https://www.ishares.com/uk/individual/en/products/251861/ishares-msci-europe-ucits-etf-acc-fund
EMB,iShares J.P. Morgan USD Emerging Markets Bond ETF,US4642882819,16257427778.3,United States,2007-12-17,0.39,-,Fixed Income,Government,Global,USD,Emerging,Income,Broad,-,183000000,No,-,Distributing,J.P. Morgan EMBI Global Core Index,88.838403,2022-08-11,527.782939,Yes,Index,2022-06-30 00:00:00,-2.75,12.42,0.56,7.19,-21.23,2022-07-31 00:00:00,-18.99,-8.41,-4.69,-1.02,3.9,2022-07-31 00:00:00,-17.64,-15.12,-13.42,-5.02,74.96,4.6016,12.93,4.58956,7.6891,6.91,-,BB,3.3317,1466.51,-,239572.0,https://www.ishares.com/us/products/239572/ishares-jp-morgan-usd-emerging-markets-bond-etf
IMEU,iShares Core MSCI Europe UCITS ETF EUR (Dist),IE00B1YZSC51,6696980647.61,Ireland,2007-07-06,0.12,-,Equity,Large/Mid Cap,Europe,EUR,Developed,-,Broad,-,245240020,Yes,iShares II plc,Distributing,MSCI Europe,27.307862,2022-08-11,275.093389,Yes,Index,2022-06-30 00:00:00,2.934898,4.743539,-5.328819,28.212816,-6.212563,2022-07-31 00:00:00,-0.923454,14.518946,6.885459,5.800236,3.373618,2022-07-31 00:00:00,-7.047943,-3.990705,22.111306,32.566316,64.856632,3.66378,0,0.09261,-,-,-,AAA,9.3248,114.79,-,251860.0,https://www.ishares.com/uk/individual/en/products/251860/ishares-msci-europe-ucits-etf-inc-fund
ILCB,iShares Morningstar U.S. Equity ETF,US4642871275,804935015.21,United States,2004-06-28,0.03,-,Equity,Large/Mid Cap,North America,USD,Developed,-,United States,-,13850000,No,-,Distributing,Morningstar US Large-Mid Cap Index,58.118052,2022-08-11,18537.1925138461,Yes,Index,2022-06-30 00:00:00,7.32,9.94,7.83,40.77,-13.25,2022-07-31 00:00:00,-7.21,11.45,12.38,11.02,9.71,2022-07-31 00:00:00,-13.91,-8.63,41.92,68.64,434.86,1.3169,0,0.24598,-,-,-,AA,8.3279,150.53,-,239579.0,https://www.ishares.com/us/products/239579/ishares-morningstar-largecap-etf
SJPA,iShares Core MSCI Japan IMI UCITS ETF USD (Acc),IE00B4L5YX21,3716095965.0,Ireland,2009-09-25,0.15,-,Equity,All Cap,Asia Pacific,USD,Developed,-,Japan,-,85441819,Yes,iShares III plc,Accumulating,MSCI Japan Investable Market Index (IMI),43.492706,2022-08-11,1352.463774,Yes,Index,2022-06-30 00:00:00,11.041031,-5.370621,2.724134,24.15309,-20.264004,2022-07-31 00:00:00,-14.861208,3.148268,2.283962,2.009845,4.36251,2022-07-31 00:00:00,-15.361246,-10.791647,7.009573,10.461371,73.079443,-,0,0.55042,-,-,-,AA,7.9436,93.26,-,251867.0,https://www.ishares.com/uk/individual/en/products/251867/ishares-msci-japan-ucits-etf-acc-fund
IJPN,iShares MSCI Japan UCITS ETF USD (Dist),IE00B02KXH56,1014390382.5,Ireland,2004-10-01,0.59,-,Equity,Large/Mid Cap,Asia Pacific,USD,Developed,-,Japan,-,71800000,Yes,iShares plc,Distributing,MSCI Japan Index,14.127999,2022-08-11,6713.471775,Yes,Index,2022-06-30 00:00:00,9.906917,-4.72122,2.526821,24.141099,-20.36829,2022-07-31 00:00:00,-14.754559,3.038467,2.274331,1.917114,3.388898,2022-07-31 00:00:00,-15.983855,-11.460287,6.979348,9.960219,81.16645,1.703709,0,-0.58692,-,-,-,AAA,8.8029,80.34,-,251866.0,https://www.ishares.com/uk/individual/en/products/251866/ishares-msci-japan-ucits-etf-inc-fund
SGSU,iShares $ Corp Bond 0-3yr ESG UCITS ETF GBP Hedged (Dist),IE00BK7Y2S64,93519070.57,Ireland,2019-06-26,0.14,-,Fixed Income,Credit,Global,GBP,Developed,"Currency Hedged, Sustainable",Broad,Hedged,19541557,Yes,iShares II plc,Distributing,BBG MSCI USD Corporate 0-3 Sustainable SRI Index,4.78565,2022-08-11,117.602825,Yes,Index,2022-06-30 00:00:00,-,-,2.626117,0.614871,-3.132377,2022-07-31 00:00:00,-2.624739,-1.104439,0.238063,-,0.22992,2022-07-31 00:00:00,-2.113079,-1.5114,0.71589,-,0.713189,0.850459,1.78,2.78587,1.50074,3.81,-,AAA,10,62.58,ESG Broad,309214.0,https://www.ishares.com/uk/individual/en/products/309214/ishares-corp-bond-0-3yr-esg-sri-ucits-etf
IMCG,iShares Morningstar Mid-Cap Growth ETF,US4642883072,1239305883.21,United States,2004-06-28,0.06,-,Equity,Mid Cap,North America,USD,Developed,-,United States,-,20700000,No,-,Distributing,Morningstar US Mid Cap Broad Growth Index,59.869849,2022-08-11,8083.89686862725,Yes,Index,2022-06-30 00:00:00,20.22,15.35,17.01,41.22,-24.18,2022-07-31 00:00:00,-17.37,5.28,11.13,13.63,10.66,2022-07-31 00:00:00,-20.92,-10.54,37.23,89.47,525.22,0.6738,0,0.12748,-,-,-,AA,8.1131,84.58,-,239583.0,https://www.ishares.com/us/products/239583/ishares-morningstar-midcap-growth-etf
IKOR,iShares MSCI Korea UCITS ETF (Dist),IE00B0M63391,337044200.6,Ireland,2005-11-18,0.74,-,Equity,Large/Mid Cap,Asia Pacific,USD,Emerging,-,South Korea,-,7874000,Yes,iShares plc,Distributing,MSCI Korea 20/35 Index,42.804699,2022-08-11,1236.974592,Yes,Index,2022-06-30 00:00:00,2.717919,-9.654165,0.06366,65.579066,-38.721165,2022-07-31 00:00:00,-31.289483,0.117188,4.595349,-0.711787,3.925279,2022-07-31 00:00:00,-24.339819,-15.660524,14.429267,-3.50863,90.214669,1.172768,0,2.37592,-,-,-,A,5.9531,174.75,-,251871.0,https://www.ishares.com/uk/individual/en/products/251871/ishares-msci-korea-ucits-etf-inc-fund
IMCB,iShares Morningstar Mid-Cap ETF,US4642882082,795069375.5,United States,2004-06-28,0.04,-,Equity,Mid Cap,North America,USD,Developed,-,United States,-,12500000,No,-,Distributing,Morningstar US Mid Cap Index,63.60555,2022-08-11,22642.5096692494,Yes,Index,2022-06-30 00:00:00,10.18,7.62,-3.61,47.07,-14.8,2022-07-31 00:00:00,-7.47,13.47,9.14,9.12,9.66,2022-07-31 00:00:00,-12.71,-6.52,30.02,54.7,430.17,1.4388,0,-0.08675,-,-,-,AA,8.0329,256.73,-,239582.0,https://www.ishares.com/us/products/239582/ishares-morningstar-midcap-etf
ISJP,iShares MSCI Japan Small Cap UCITS ETF USD (Dist),IE00B2QWDY88,248528357.44,Ireland,2008-05-09,0.58,-,Equity,Small Cap,Asia Pacific,USD,Developed,-,Japan,-,6833371,Yes,iShares III plc,Distributing,MSCI Japan Small Cap Index,36.369803,2022-08-11,289.057463,Yes,Index,2022-06-30 00:00:00,13.865228,-10.092559,0.816364,20.914504,-21.764479,2022-07-31 00:00:00,-17.402858,1.069024,-0.347034,-0.01329,3.929541,2022-07-31 00:00:00,-13.713471,-8.852676,-1.037493,-0.066433,73.026408,2.081672,0,0.88025,-,-,-,BBB,4.8993,147.84,-,251870.0,https://www.ishares.com/uk/individual/en/products/251870/ishares-msci-japan-smallcap-ucits-etf-inc-fund
ILCV,iShares Morningstar Value ETF,US4642881092,776599698.01,United States,2004-06-28,0.04,-,Equity,Large/Mid Cap,North America,USD,Developed,-,United States,-,11900000,No,-,Distributing,Morningstar US Large-Mid Cap Broad Value Index,65.260479,2022-08-11,7476.10827374573,Yes,Index,2022-06-30 00:00:00,8.47,9.73,-7.17,36.72,-4.57,2022-07-31 00:00:00,0.19,16.53,8.24,8.49,7.23,2022-07-31 00:00:00,-7.19,-5.07,26.81,50.33,253.39,2,0,0.31244,-,-,-,AA,8.1114,234.47,-,239581.0,https://www.ishares.com/us/products/239581/ishares-morningstar-largecap-value-etf
IJPH,iShares MSCI Japan GBP Hedged UCITS ETF (Acc),IE00B7XYN974,85591425.59,Ireland,2012-07-31,0.64,-,Equity,Large/Mid Cap,Asia Pacific,GBP,Developed,Currency Hedged,Japan,-,1200000,Yes,iShares V plc,Accumulating,MSCI Japan Index,71.326188,2022-08-11,297.747126,Yes,Index,2022-06-30 00:00:00,8.273578,-7.761185,2.273026,27.266874,-2.358214,2022-07-31 00:00:00,4.147498,15.782122,9.426871,5.662946,10.943939,2022-07-31 00:00:00,-2.109347,3.144242,31.030363,31.708431,182.511287,-,0,-0.13968,-,-,-,AAA,8.7806,79.99,-,251869.0,https://www.ishares.com/uk/individual/en/products/251869/ishares-msci-japan-gbp-hedged-ucits-etf
ILCG,iShares Morningstar Growth ETF,US4642871192,1745698359.34,United States,2004-06-28,0.04,-,Equity,Large/Mid Cap,North America,USD,Developed,-,United States,-,30100000,No,-,Distributing,Morningstar US Large-Mid Cap Broad Growth Index,57.996623,2022-08-11,7181.25821093418,Yes,Index,2022-06-30 00:00:00,26.05,11.09,22.97,38.29,-22.28,2022-07-31 00:00:00,-15,6.33,13.75,15.07,9.83,2022-07-31 00:00:00,-21.03,-12.85,47.18,101.75,445.78,0.546,0,0.17705,-,-,-,AA,8.5661,54.54,-,239580.0,https://www.ishares.com/us/products/239580/ishares-morningstar-largecap-growth-etf
IJPE,iShares MSCI Japan EUR Hedged UCITS ETF (Acc),IE00B42Z5J44,726736545.85,Ireland,2010-09-30,0.64,-,Equity,Large/Mid Cap,Asia Pacific,EUR,Developed,Currency Hedged,Japan,-,12400000,Yes,iShares V plc,Accumulating,MSCI Japan Index,58.607786,2022-08-11,263.357995,Yes,Index,2022-06-30 00:00:00,7.564755,-8.497425,1.783637,26.809589,-3.298785,2022-07-31 00:00:00,3.108034,14.977646,8.766172,4.961373,7.644503,2022-07-31 00:00:00,-2.828455,2.46121,28.671253,27.393575,139.094893,-,0,0.22822,-,-,-,AAA,8.7599,80.19,-,251868.0,https://www.ishares.com/uk/individual/en/products/251868/ishares-msci-japan-eur-hedged-ucits-etf
LQCE,iShares $ Corp Bond UCITS ETF CHF Hedged (Acc),IE00BK7Y2Q41,71597099.25,Ireland,2019-06-26,0.25,-,Fixed Income,Credit,North America,CHF,Developed,Currency Hedged,United States,Hedged,15380791,Yes,iShares plc,Accumulating,IBOXX US Dollar Liquid Investment Grade Index,4.654968,2022-08-11,301.716007827015,Yes,Index,2022-06-30 00:00:00,-,-,8.102444,1.609379,-17.7418,2022-07-31 00:00:00,-15.63486,-8.32595,-2.117909,-,-1.795187,2022-07-31 00:00:00,-14.004747,-10.441162,-6.22011,-,-5.451355,-,13.5,3.69319,8.82962,4.55,3.99,AAA,8.9532,154.16,-,309211.0,https://www.ishares.com/de/privatanleger/de/produkte/309211/ishares-corp-bond-ucits-etf
ISCG,iShares Morningstar Small-Cap Growth ETF,US4642886042,402099881.29,United States,2004-06-28,0.06,-,Equity,Small Cap,North America,USD,Developed,-,United States,-,9700000,No,-,Distributing,Morningstar US Small Cap Broad Growth Extended Index,41.453596,2022-08-11,5800.13180901567,Yes,Index,2022-06-30 00:00:00,23.47,3.28,8.67,40.92,-31.29,2022-07-31 00:00:00,-21.56,1.02,4.58,8,8.37,2022-07-31 00:00:00,-20.78,-9.78,14.37,46.95,328.22,0.6806,0,-0.02157,-,-,-,BBB,5.4095,82.27,-,239587.0,https://www.ishares.com/us/products/239587/ishares-morningstar-smallcap-growth-etf
SPOL,iShares MSCI Poland UCITS ETF USD (Acc),IE00B4M7GH52,49121312.7,Ireland,2011-01-21,0.74,-,Equity,Large/Mid Cap,Europe,USD,Emerging,-,Poland,-,3900000,Yes,iShares V plc,Accumulating,MSCI Poland Index,12.595208,2022-08-11,134.488886,Yes,Index,2022-06-30 00:00:00,-6.597452,10.233428,-29.975236,26.037324,-35.208268,2022-07-31 00:00:00,-36.152077,-12.528555,-15.825858,-11.235262,-6.006054,2022-07-31 00:00:00,-34.545697,-32.409413,-40.360212,-44.893558,-51.02481,-,0,3.93573,-,-,-,A,6.991,450.81,-,251875.0,https://www.ishares.com/uk/individual/en/products/251875/ishares-msci-poland-ucits-etf
IFFI,iShares MSCI AC Far East ex-Japan UCITS ETF USD (Acc),IE00BKPX3K41,83144208.39,Ireland,2020-04-01,0.74,-,Equity,Large/Mid Cap,Asia Pacific,USD,Emerging,-,Broad,-,14801563,Yes,iShares plc,Accumulating,MSCI All Country World Far East Ex Japan USD Index,5.617258,2022-08-11,476.157395,Yes,Index,2022-06-30 00:00:00,-,-,-,37.074497,-28.029793,2022-07-31 00:00:00,-23.593892,-5.959398,-,-,5.660733,2022-07-31 00:00:00,-19.157187,-16.282153,-,-,13.692553,-,0,0.43588,-,-,-,A,6.1505,251.92,-,313316.0,https://www.ishares.com/uk/individual/en/products/313316/ishares-msci-ac-far-east-ex-japan-ucits-etf
ISCB,iShares Morningstar Small-Cap ETF,US4642885051,227056498.76,United States,2004-06-28,0.04,-,Equity,Small Cap,North America,USD,Developed,-,United States,-,4450000,No,-,Distributing,Morningstar US Small Cap Extended Index,51.023932,2022-08-11,8211.41416091286,Yes,Index,2022-06-30 00:00:00,12.41,-0.8,-11.91,56.89,-23.31,2022-07-31 00:00:00,-12.56,13.51,4.99,5.33,8.06,2022-07-31 00:00:00,-13.97,-6.04,15.73,29.63,306.56,1.277,0,0.03106,-,-,-,BBB,5.5095,147.11,-,239586.0,https://www.ishares.com/us/products/239586/ishares-morningstar-smallcap-etf
IPXJ,iShares MSCI Pacific ex-Japan UCITS ETF USD (Dist),IE00B4WXJD03,254993246.47,Ireland,2009-04-17,0.6,-,Equity,Large/Mid Cap,Asia Pacific,USD,Developed,-,Broad,-,5739036,Yes,iShares III plc,Distributing,MSCI Pacific ex-Japan Index,44.431372,2022-08-11,7196.771952,Yes,Index,2022-06-30 00:00:00,8.181572,7.482028,-13.19041,33.485962,-15.244089,2022-07-31 00:00:00,-10.638336,7.029008,0.896004,2.597261,7.755302,2022-07-31 00:00:00,-7.696878,-2.161213,2.712169,13.678632,169.763682,3.530388,0,0.08742,-,-,-,AAA,9.7563,223.87,-,251874.0,https://www.ishares.com/uk/individual/en/products/251874/ishares-msci-pacific-exjapan-ucits-etf-inc-fund
IS3V,iShares Global Inflation Linked Govt Bond UCITS ETF EUR Hedged (Acc),IE00BKPT2S34,272866830.54,Ireland,2020-04-27,0.2,-,Fixed Income,Inflation,Global,EUR,Developed,Currency Hedged,Broad,Hedged,55264358,Yes,iShares III plc,Accumulating,BBG World Government Inflation-Linked Bond Index,4.937483,2022-08-11,342.3769,Yes,Index,2022-06-30 00:00:00,-,-,-,2.113113,-8.980543,2022-07-31 00:00:00,-7.965749,-2.107559,-,-,0.141965,2022-07-31 00:00:00,-8.930097,-6.94585,-,-,0.320891,-,11.19,0.8032,10.46392,2.46,0.96,A,5.9105,-,-,313317.0,https://www.ishares.com/uk/individual/en/products/313317/ishares-global-inflation-linked-govt-bond-ucits-etf
IYLD,iShares Morningstar Multi-Asset Income ETF,US46432F8757,176757315.51,United States,2012-04-03,0.6,-,Multi Asset,Static Allocation,Global,USD,Developed,-,Broad,-,8600000,No,-,Distributing,Morningstar Multi-Asset High Income Index,20.553176,2022-08-11,2602.06,No,Index,2022-06-30 00:00:00,0.69,7.92,-6.41,13.2,-15.18,2022-07-31 00:00:00,-12.749342,-,-2.343869,0.094728,3.084445,2022-07-31 00:00:00,-13.048614,-11.160863,-6.868082,0.474537,36.846189,3.1731,8.17,2.391,-,-,-,BBB,5.2042,373.13,-,239585.0,https://www.ishares.com/us/products/239585/ishares-morningstar-multiasset-income-etf
INAA,iShares MSCI North America UCITS ETF USD (Dist),IE00B14X4M10,937379234.3,Ireland,2006-06-02,0.4,-,Equity,Large/Mid Cap,North America,USD,Developed,-,Broad,-,11947806,Yes,iShares plc,Distributing,MSCI North America Index,78.456181,2022-08-11,12358.47135,Yes,Index,2022-06-30 00:00:00,13.496554,9.134017,6.823503,41.85336,-12.979535,2022-07-31 00:00:00,-7.144067,12.755673,12.356237,11.774606,8.656235,2022-07-31 00:00:00,-13.700068,-8.704935,41.837661,74.467983,282.545614,0.908278,0,0.57914,-,-,-,AA,8.5183,157.66,-,251873.0,https://www.ishares.com/uk/individual/en/products/251873/ishares-msci-north-america-ucits-etf
ICHD,iShares MSCI China UCITS ETF USD (Dist),IE00BL977C92,38273065.74,Ireland,2020-04-27,0.4,-,Equity,Large/Mid Cap,Asia Pacific,USD,Emerging,-,China,-,9112466,Yes,iShares IV plc,Distributing,MSCI China index,4.200077,2022-08-11,490.391231,Yes,Index,2022-06-30 00:00:00,-,-,-,26.99039,-32.048496,2022-07-31 00:00:00,-28.586165,-15.487259,-,-,-6.608304,2022-07-31 00:00:00,-19.775945,-17.299886,-,-,-14.30684,1.719016,0,0.15016,-,-,-,BBB,5.18,240.92,-,313318.0,https://www.ishares.com/uk/individual/en/products/313318/ishares-msci-china-ucits-etf
IMCV,iShares Morningstar Mid-Cap Value ETF,US4642884062,498158397.33,United States,2004-06-28,0.06,-,Equity,Mid Cap,North America,USD,Developed,-,United States,-,7600000,No,-,Distributing,Morningstar US Mid Cap Broad Value Index,65.547158,2022-08-11,11234.2575297768,Yes,Index,2022-06-30 00:00:00,9.96,1.63,-17.1,55.72,-5.76,2022-07-31 00:00:00,1.99,23.41,9.06,7.65,9.18,2022-07-31 00:00:00,-5.29,-3.55,29.71,44.55,390.31,2.0385,0,0.16379,-,-,-,AA,7.9387,419.63,-,239584.0,https://www.ishares.com/us/products/239584/ishares-morningstar-midcap-value-etf
ITKY,iShares MSCI Turkey UCITS ETF USD (Dist),IE00B1FZS574,106651814.47,Ireland,2006-11-03,0.74,-,Equity,Large/Mid Cap,Europe,USD,Emerging,-,Turkey,-,9409000,Yes,iShares II plc,Distributing,MSCI Turkey Index<SM>,11.335084,2022-08-11,118.335857,Yes,Index,2022-06-30 00:00:00,-26.820667,-17.680054,-7.952941,-13.60438,-9.696823,2022-07-31 00:00:00,-16.3024,-8.267803,-13.943714,-16.623621,-4.077441,2022-07-31 00:00:00,-1.132364,-6.340162,-36.26943,-59.708342,-48.071882,3.66561,0,1.17755,-,-,-,BB,4.1168,649.88,-,251879.0,https://www.ishares.com/uk/individual/en/products/251879/ishares-msci-turkey-ucits-etf
ITWN,iShares MSCI Taiwan UCITS ETF USD (Dist),IE00B0M63623,388665244.41,Ireland,2005-10-28,0.74,-,Equity,Large/Mid Cap,Asia Pacific,USD,Emerging,-,Taiwan,-,5631691,Yes,iShares plc,Distributing,MSCI Taiwan 20/35 Index,69.01395,2022-08-11,6047.099375,Yes,Index,2022-06-30 00:00:00,3.095612,0.460097,21.188342,66.218749,-20.300926,2022-07-31 00:00:00,-16.698881,9.078496,16.775573,10.626327,8.581151,2022-07-31 00:00:00,-23.144456,-20.700583,59.241414,65.688537,297.269781,1.830789,0,-0.00038,-,-,-,A,6.3225,224,-,251878.0,https://www.ishares.com/uk/individual/en/products/251878/ishares-msci-taiwan-ucits-etf
SRSA,iShares MSCI South Africa UCITS ETF USD (Acc),IE00B52XQP83,104706337.73,Ireland,2010-01-22,0.65,-,Equity,Large/Mid Cap,Middle East and Africa,USD,Emerging,-,South Africa,-,3170002,Yes,iShares III plc,Accumulating,MSCI South Africa 20/35 Index,33.030369,2022-08-11,1098.55632,Yes,Index,2022-06-30 00:00:00,5.897044,-1.206969,-25.492121,41.643644,-13.358277,2022-07-31 00:00:00,-11.572899,7.567172,-1.916569,-2.115843,1.75893,2022-07-31 00:00:00,-7.236147,-13.111817,-5.640214,-10.140908,24.401302,-,0,0.8932,-,-,-,-,-,-,-,251877.0,https://www.ishares.com/uk/individual/en/products/251877/ishares-msci-south-africa-ucits-etf
ISCV,iShares Morningstar Small-Cap Value ETF,US4642887032,391402191.68,United States,2004-06-28,0.06,-,Equity,Small Cap,North America,USD,Developed,-,United States,-,6900000,No,-,Distributing,Morningstar US Small Cap Broad Value Extended Index,56.724955,2022-08-11,11086.281376438,Yes,Index,2022-06-30 00:00:00,10.05,-7.45,-22.12,73.25,-12.64,2022-07-31 00:00:00,-1.04,27.63,8.8,5.41,8.25,2022-07-31 00:00:00,-6.31,-2.46,28.8,30.15,319.44,1.7873,0,0.07713,-,-,-,BBB,5.6291,208.15,-,239588.0,https://www.ishares.com/us/products/239588/ishares-morningstar-smallcap-value-etf
ACWX,iShares MSCI ACWI ex U.S. ETF,US4642882405,4179341799.72,United States,2008-03-26,0.33,-,Equity,Large/Mid Cap,Global,USD,Developed,-,Broad,-,89000000,No,-,Distributing,MSCI ACWI ex USA Index,46.958897,2022-08-11,257.062287,Yes,Index,2022-06-30 00:00:00,7.21,1.4,-5.15,35.57,-19.21,2022-07-31 00:00:00,-15.04,4.14,2.84,2.4,2.04,2022-07-31 00:00:00,-15.22,-13,8.77,12.59,33.69,4.0951,0,0.13444,-,-,-,AA,8.225,200.43,-,239594.0,https://www.ishares.com/us/products/239594/ishares-msci-acwi-ex-us-etf
SWDA,iShares Core MSCI World UCITS ETF,IE00B4L5Y983,44548868721.26,Ireland,2009-09-25,0.2,-,Equity,Large/Mid Cap,Global,USD,Developed,-,Broad,-,568858674,Yes,iShares III plc,Accumulating,MSCI World Index,78.312717,2022-08-11,8546.516273,Yes,Index,2022-06-30 00:00:00,11.149128,6.439701,2.878559,39.142667,-14.226758,2022-07-31 00:00:00,-9.052299,10.871389,9.661377,8.895456,9.273095,2022-07-31 00:00:00,-14.097337,-9.320844,31.874579,53.12595,212.455515,-,0,0.28198,-,-,-,AAA,8.7464,147.29,-,251882.0,https://www.ishares.com/uk/individual/en/products/251882/ishares-msci-world-ucits-etf-acc-fund
IWRD,iShares MSCI World UCITS ETF USD (Dist),IE00B0M62Q58,5626791769.5,Ireland,2005-10-28,0.5,-,Equity,Large/Mid Cap,Global,USD,Developed,-,Broad,-,94329323,Yes,iShares plc,Distributing,MSCI World Index,59.650505,2022-08-11,8546.516273,Yes,Index,2022-06-30 00:00:00,10.859049,6.171178,2.54928,38.644361,-14.499301,2022-07-31 00:00:00,-9.33502,10.50459,9.303191,8.567415,7.03814,2022-07-31 00:00:00,-14.262536,-9.448353,30.586571,50.833388,212.561075,1.298396,0,0.4078,-,-,-,AAA,8.7381,147.97,-,251881.0,https://www.ishares.com/uk/individual/en/products/251881/ishares-msci-world-ucits-etf-inc-fund
COMT,iShares GSCI Commodity Dynamic Roll Strategy ETF,US46431W8534,2596635158.95,United States,2014-10-15,0.48,-,Commodity,Multi Commodity,Global,USD,Developed,-,Broad,-,65600000,No,-,Distributing,S&P GSCI Dynamic Roll (USD) Total Return Index,39.582853,2022-08-11,825.580825066221,No,Index,2022-06-30 00:00:00,26.44,-6.84,-25.83,45.56,40.42,2022-07-31 00:00:00,35.84,38.22,14.51,10.86,2.06,2022-07-31 00:00:00,30.25,20.22,50.14,67.47,17.24,13.7387,0,0,-,-,-,-,-,-,-,270319.0,https://www.ishares.com/us/products/270319/ishares-commodity-etf
IWDE,iShares MSCI World EUR Hedged UCITS ETF (Acc),IE00B441G979,2419955355.32,Ireland,2010-09-30,0.55,-,Equity,Large/Mid Cap,Global,EUR,Developed,Currency Hedged,Broad,-,34980000,Yes,iShares V plc,Accumulating,MSCI World Index,69.181114,2022-08-11,309.130111,Yes,Index,2022-06-30 00:00:00,8.570486,4.039638,1.311012,34.861717,-12.709572,2022-07-31 00:00:00,-7.279573,11.012566,8.429572,7.506003,8.89011,2022-07-31 00:00:00,-12.824401,-8.177666,27.480343,43.603021,173.965879,-,0,0.37602,-,-,-,AAA,8.6943,147.86,-,251891.0,https://www.ishares.com/uk/individual/en/products/251891/ishares-msci-world-eur-hedged-ucits-etf
AAXJ,iShares MSCI All Country Asia ex Japan ETF,US4642881829,3335056476.09,United States,2008-08-13,0.69,-,Equity,Large/Mid Cap,Asia Pacific,USD,Emerging,-,Broad,-,48400000,No,-,Distributing,MSCI AC Asia ex Japan Index,68.906126,2022-08-11,508.590578,Yes,Index,2022-06-30 00:00:00,9.14,-1.07,1.03,38.28,-25.34,2022-07-31 00:00:00,-20.51,-3.2,1.48,1.04,4.08,2022-07-31 00:00:00,-17.26,-16.15,4.51,5.29,74.76,1.0157,0,0.10195,-,-,-,A,6.095,298.18,-,239601.0,https://www.ishares.com/us/products/239601/ishares-msci-all-country-asia-ex-japan-etf
ACWI,iShares MSCI ACWI ETF,US4642882579,18465312075.37,United States,2008-03-26,0.33,-,Equity,Large/Mid Cap,Global,USD,Developed,-,Broad,-,202200000,No,-,Distributing,MSCI ACWI Index,91.322018,2022-08-11,339.201226,Yes,Index,2022-06-30 00:00:00,11.15,5.93,2.22,39.25,-15.59,2022-07-31 00:00:00,-10.3,9.28,8.61,8.04,6.25,2022-07-31 00:00:00,-14.38,-10.37,28.13,47.23,138.85,2.1414,0,0.20232,-,-,-,AA,8.3722,169.22,-,239600.0,https://www.ishares.com/us/products/239600/ishares-msci-acwi-etf
EWA,iShares MSCI Australia ETF,US4642861037,1841479210.19,United States,1996-03-12,0.5,-,Equity,Large/Mid Cap,Asia Pacific,USD,Developed,-,Australia,-,79800000,No,-,Distributing,MSCI Australia Index,23.076181,2022-08-11,4849.274411,Yes,Index,2022-06-30 00:00:00,8.38,6.17,-11.84,38.76,-12.78,2022-07-31 00:00:00,-5.58,11.41,4.33,4.71,7.4,2022-07-31 00:00:00,-5.79,2.77,13.56,25.85,557.55,7.4275,0,0.08823,-,-,-,AAA,10,226.95,-,239607.0,https://www.ishares.com/us/products/239607/ishares-msci-australia-etf
EPU,iShares MSCI Peru ETF,US4642898427,134886142.77,United States,2009-06-19,0.57,-,Equity,All Cap,Latin America,USD,Emerging,-,Broad,-,4950000,No,-,Distributing,MSCI All Peru Capped Index,27.249726,2022-08-11,2635.116179,Yes,Index,2022-06-30 00:00:00,18.91,-4.01,-20.14,3.44,-6.57,2022-07-31 00:00:00,1.91,-4.62,-7.07,-3.35,2.68,2022-07-31 00:00:00,-9.66,-18.09,-19.74,-15.67,41.45,8.5829,0,0.03414,-,-,-,BBB,4.4412,342.27,-,239606.0,https://www.ishares.com/us/products/239606/ishares-msci-all-peru-capped-etf
ACWV,iShares MSCI Global Min Vol Factor ETF,US4642865251,4644247446.95,United States,2011-10-18,0.32,-,Equity,Large/Mid Cap,Global,USD,Developed,"Factors, Minimum Volatility, Edge",Broad,-,47100000,No,-,Distributing,MSCI All Country World Minimum Volatility Index,98.60398,2022-08-11,2881.623908,No,Index,2022-06-30 00:00:00,7.5,13.28,-2.25,19.43,-6.21,2022-07-31 00:00:00,-4.92,5.4,4.03,6.17,8.76,2022-07-31 00:00:00,-9.11,-4.77,12.58,34.9,147.43,1.8302,0,0.15816,-,-,-,AA,8.3869,296.51,-,239605.0,https://www.ishares.com/us/products/239605/ishares-msci-all-country-world-minimum-volatility-etf
IGWD,iShares MSCI World GBP Hedged UCITS ETF (Acc),IE00B42YS929,219139478.37,Ireland,2010-09-30,0.55,-,Equity,Large/Mid Cap,Global,GBP,Developed,Currency Hedged,Broad,-,2980000,Yes,iShares V plc,Accumulating,MSCI World Index,73.536738,2022-08-11,1991.185654,Yes,Index,2022-06-30 00:00:00,9.402652,4.833788,1.567579,35.307363,-11.933146,2022-07-31 00:00:00,-6.547299,11.692924,8.90389,8.125128,9.441938,2022-07-31 00:00:00,-12.289701,-7.686694,29.160635,47.785958,190.853738,-,0,0.39968,-,-,-,AAA,8.6656,146.45,-,251892.0,https://www.ishares.com/uk/individual/en/products/251892/ishares-msci-world-gbp-hedged-ucits-etf
EWK,iShares MSCI Belgium ETF,US4642863017,19622533.53,United States,1996-03-12,0.5,-,Equity,All Cap,Europe,USD,Developed,-,Belgium,-,1120000,No,-,Distributing,MSCI Belgium IMI 25/50 Index,17.520119,2022-08-11,2166.678996,Yes,Index,2022-06-30 00:00:00,4.38,-4.85,-8.15,35.4,-18.16,2022-07-31 00:00:00,-17.53,3.35,-0.39,-0.79,4.8,2022-07-31 00:00:00,-17.37,-13.99,-1.16,-3.9,244.81,5.5114,0,-0.00024,-,-,-,AAA,8.7341,115.9,-,239610.0,https://www.ishares.com/us/products/239610/ishares-msci-belgium-capped-etf
EXX7,iShares Nikkei 225® UCITS ETF (DE),DE000A0H08D2,22165625226.0,Germany,2006-07-05,0.51,-,Equity,Large Cap,Asia Pacific,JPY,Developed,-,Japan,-,8000000,No,BlackRock Asset Management Deutschland AG,Distributing,Nikkei 225®,2770.7032,2022-08-11,27819.33,Yes,Index,2022-06-30 00:00:00,12.598575,-3.30628,6.105169,30.299032,-7.253594,2022-07-31 00:00:00,3.086007,14.326238,10.12144,8.136496,4.80936,2022-07-31 00:00:00,-2.762569,3.700697,33.541315,47.863662,112.724619,1.169658,0,0,-,-,0,AAA,8.7512,63,-,251898.0,https://www.ishares.com/de/privatanleger/de/produkte/251898/ishares-nikkei-225-ucits-etf-de-fund
EWO,iShares MSCI Austria ETF,US4642862027,67425954.88,United States,1996-03-12,0.5,-,Equity,All Cap,Europe,USD,Developed,-,Austria,-,3550000,No,-,Distributing,MSCI Austria IMI 25/50 Index,18.993227,2022-08-11,3674.047043,Yes,Index,2022-06-30 00:00:00,10.33,-8.45,-25.01,64.37,-21.45,2022-07-31 00:00:00,-20.8,14.66,0.36,-1.39,4.33,2022-07-31 00:00:00,-25.46,-25.02,1.08,-6.75,206.02,5.4622,0,0.01182,-,-,-,AAA,10,253.05,-,239609.0,https://www.ishares.com/us/products/239609/ishares-msci-austria-capped-etf
EXXT,iShares NASDAQ-100® UCITS ETF (DE),DE000A0F5UF5,2975821087.06,Germany,2006-03-27,0.31,-,Equity,Large Cap,North America,USD,Developed,-,United States,-,23000000,No,BlackRock Asset Management Deutschland AG,Distributing,NASDAQ-100® Index,129.3835,2022-08-11,13291.9864877271,Yes,Index,2022-06-30 00:00:00,25.216656,9.480473,32.956417,43.569919,-20.791905,2022-07-31 00:00:00,-13.255404,9.190988,18.484631,17.509599,13.747461,2022-07-31 00:00:00,-20.547423,-13.143143,66.335928,124.061236,720.693136,0.207575,0,0.50298,-,-,0,AA,8.3833,55.61,-,251896.0,https://www.ishares.com/de/privatanleger/de/produkte/251896/ishares-nasdaq100-ucits-etf-de-fund
EWC,iShares MSCI Canada ETF,US4642865095,3820651749.62,United States,1996-03-12,0.5,-,Equity,Large/Mid Cap,North America,USD,Developed,-,Canada,-,106500000,No,-,Distributing,MSCI Canada Custom Capped Index,35.874664,2022-08-11,1992.366785,Yes,Index,2022-06-30 00:00:00,8.99,3.17,-8.08,47.23,-7.75,2022-07-31 00:00:00,-3.42,15.93,9.53,7.18,7.96,2022-07-31 00:00:00,-7.41,-6.83,31.41,41.44,655.32,1.6039,0,0.49716,-,-,-,AAA,10,359.11,-,239615.0,https://www.ishares.com/us/products/239615/ishares-msci-canada-etf
IUSE,iShares S&P 500 EUR Hedged UCITS ETF (Acc),IE00B3ZW0K18,4779057858.5,Ireland,2010-09-30,0.2,-,Equity,Large Cap,North America,EUR,Developed,Currency Hedged,United States,-,52640000,Yes,iShares V plc,Accumulating,S&P 500,90.787573,2022-08-11,6145.59563688161,Yes,Index,2022-06-30 00:00:00,10.984958,6.430794,4.368988,37.996573,-12.842197,2022-07-31 00:00:00,-6.953269,11.743346,10.643267,9.721157,11.37991,2022-07-31 00:00:00,-14.11519,-9.284023,35.448742,59.020052,257.998491,-,0,0.60916,-,-,-,AA,8.3944,151.39,-,251903.0,https://www.ishares.com/uk/individual/en/products/251903/ishares-sp-500-eur-hedged-ucits-etf
AUMF,iShares Edge MSCI Australia Multifactor ETF,AU00000AUMF0,53452067.58,Australia,2016-10-11,-,0.3,Equity,All Cap,Asia Pacific,AUD,Developed,Smart Beta,Australia,-,1815927,No,-,-,MSCI Australia IMI Diversified Multiple-Factor (AUD) Index,29.435141,2022-08-12,8103.686465,No,Index,2022-06-30 00:00:00,15.233474,9.930295,-7.792239,26.079692,-10.537918,2022-07-31 00:00:00,-6.059478,8.557446,2.034417,6.962224,7.318279,2022-07-31 00:00:00,-5.115405,1.174042,6.228259,40.007764,50.658158,6.256593,0,0.04863,-,-,-,AAA,9.7852,199.13,-,284664.0,https://www.blackrock.com/au/products/284664/ishares-edge-msci-australia-multifactor-etf
BKF,iShares MSCI BIC ETF,US4642866572,89994799.38,United States,2007-11-12,0.7,-,Equity,Large/Mid Cap,Global,USD,Emerging,-,Broad,-,2500000,No,-,Distributing,MSCI BIC Index,35.99792,2022-08-11,528.079155,Yes,Index,2022-06-30 00:00:00,15.09,2.73,-0.47,32.88,-30.03,2022-07-31 00:00:00,-25.48,-9.92,-3.7,-0.69,-1.13,2022-07-31 00:00:00,-20.05,-20.13,-10.68,-3.42,-15.42,1.9591,0,-0.00576,-,-,-,BBB,5.184,351.68,-,239614.0,https://www.ishares.com/us/products/239614/ishares-msci-bric-etf
WDMF,iShares Edge MSCI World Multifactor ETF,AU00000WDMF0,143490830.32,Australia,2016-10-11,-,0.35,Equity,Large Cap,Global,AUD,Developed,Smart Beta,Broad,-,4148097,No,-,-,MSCI World Diversified Multiple-Factor (AUD) Index,34.591966,2022-08-11,6393.285492,No,Index,2022-06-30 00:00:00,18.101249,5.37967,-1.137472,28.037656,-6.760934,2022-07-31 00:00:00,-4.229755,12.163083,7.179616,9.559956,10.466242,2022-07-31 00:00:00,-8.909219,-6.460825,23.122264,57.855325,78.177,8.492307,0,0.2302,-,-,-,AAA,8.6693,126.57,-,284665.0,https://www.blackrock.com/au/products/284665/ishares-world-equity-factor-etf
EWZS,iShares MSCI Brazil Small-Cap ETF,US4642891315,92204073.61,United States,2010-09-28,0.57,-,Equity,Small Cap,Latin America,USD,Emerging,-,Brazil,-,6800000,No,-,Distributing,MSCI Brazil Small Cap Index,13.559423,2022-08-11,1328.453895,Yes,Index,2022-06-30 00:00:00,2.48,40.45,-25.18,62.11,-38.06,2022-07-31 00:00:00,-27.1,-3.41,-9.78,-0.05,-2.95,2022-07-31 00:00:00,-5.91,-13.34,-26.57,-0.24,-29.85,3.9354,0,0.55929,-,-,-,BB,4.0617,671.68,-,239613.0,https://www.ishares.com/us/products/239613/ishares-msci-brazil-smallcap-etf
MVOL,iShares Edge MSCI Australia Minimum Volatility ETF,AU00000MVOL7,26360190.91,Australia,2016-10-11,-,0.3,Equity,All Cap,Asia Pacific,AUD,Developed,Smart Beta,Australia,-,890033,No,-,-,MSCI Australia IMI Select Minimum Volatility (AUD) Index,29.617094,2022-08-12,5316.252454,No,Index,2022-06-30 00:00:00,10.106974,13.301757,-7.198596,18.125137,-3.883205,2022-07-31 00:00:00,-0.370078,8.909114,2.382076,7.131953,7.274719,2022-07-31 00:00:00,-4.730909,3.393609,7.317808,41.122129,50.303655,3.699751,0,0.10436,-,-,-,AAA,9.523,194.08,-,284666.0,https://www.blackrock.com/au/products/284666/ishares-edge-msci-australia-minimum-volatility-etf
EWZ,iShares MSCI Brazil ETF,US4642864007,5417041852.37,United States,2000-07-10,0.57,-,Equity,Large/Mid Cap,Latin America,USD,Emerging,-,Brazil,-,175950000,No,-,Distributing,MSCI Brazil 25/50 Index,30.787393,2022-08-11,6142.024774,Yes,Index,2022-06-30 00:00:00,-2.43,39.06,-33.38,46.33,-24.12,2022-07-31 00:00:00,-12.57,1.43,-8.62,-0.79,4.97,2022-07-31 00:00:00,8.47,-3.79,-23.69,-3.89,191.28,11.7194,0,0.75551,-,-,-,BB,3.597,354.76,-,239612.0,https://www.ishares.com/us/products/239612/ishares-msci-brazil-capped-etf
IUSA,iShares Core S&P 500 UCITS ETF USD (Dist),IE0031442068,12980031489.7,Ireland,2002-03-15,0.07,-,Equity,Large Cap,North America,USD,Developed,-,United States,-,309552000,Yes,iShares plc,Distributing,S&P 500,41.931667,2022-08-11,7784.31770872246,Yes,Index,2022-06-30 00:00:00,14.013631,10.032389,7.131795,40.402606,-10.860413,2022-07-31 00:00:00,-4.900177,13.753432,13.02041,12.478086,7.894159,2022-07-31 00:00:00,-12.718719,-7.939032,44.367899,80.027807,370.254447,1.222704,0,0.36821,-,-,-,AA,8.4595,151.33,-,251900.0,https://www.ishares.com/uk/individual/en/products/251900/ishares-sp-500-ucits-etf-inc-fund
WVOL,iShares Edge MSCI World Minimum Volatility ETF,AU00000WVOL6,287295156.53,Australia,2016-10-11,-,0.3,Equity,Large Cap,Global,AUD,Developed,Smart Beta,Broad,-,8455485,No,-,-,MSCI World Minimum Volatility (AUD) Index,33.977372,2022-08-11,2969.607061,No,Index,2022-06-30 00:00:00,11.823271,17.998003,-1.028567,11.159847,0.975856,2022-07-31 00:00:00,-1.515359,7.112618,3.54906,8.802216,8.397576,2022-07-31 00:00:00,-6.057405,-3.856748,11.029525,52.47151,59.66539,2.709132,0,0.80204,-,-,-,AAA,8.875,317.39,-,284667.0,https://www.blackrock.com/au/products/284667/ishares-msci-world-ex-australia-minimum-volatility-etf
